<?xml version="1.0" encoding="UTF-8"?><gpx creator="Paddle Logger https://paddlelogger.com" version="1.0" xmlns="http://www.topografix.com/GPX/1/0" xmlns:xsi="http://www.w3.org/2001/XMLSchema-instance" xsi:schemaLocation="http://www.topografix.com/GPX/1/0 http://www.topografix.com/GPX/1/0/gpx.xsd"><trk><name>Paddle</name><trkseg><trkpt lat="59.159600" lon="11.484292"><ele>0.000000</ele><time>2026-07-21T16:25:27.027Z</time></trkpt><trkpt lat="59.159600" lon="11.484292"><ele>0.000000</ele><time>2026-07-21T16:25:29.029Z</time></trkpt><trkpt lat="59.159603" lon="11.484292"><ele>0.000000</ele><time>2026-07-21T16:25:32.032Z</time></trkpt><trkpt lat="59.159620" lon="11.484288"><ele>0.000000</ele><time>2026-07-21T16:25:37.037Z</time></trkpt><trkpt lat="59.159638" lon="11.484283"><ele>0.000000</ele><time>2026-07-21T16:25:43.043Z</time></trkpt><trkpt lat="59.159631" lon="11.484294"><ele>0.000000</ele><time>2026-07-21T16:25:55.055Z</time></trkpt><trkpt lat="59.159628" lon="11.484313"><ele>0.000000</ele><time>2026-07-21T16:25:57.057Z</time></trkpt><trkpt lat="59.159628" lon="11.484334"><ele>0.000000</ele><time>2026-07-21T16:25:59.059Z</time></trkpt><trkpt lat="59.159629" lon="11.484349"><ele>0.000000</ele><time>2026-07-21T16:26:00.000Z</time></trkpt><trkpt lat="59.159631" lon="11.484376"><ele>0.000000</ele><time>2026-07-21T16:26:02.002Z</time></trkpt><trkpt lat="59.159638" lon="11.484406"><ele>0.000000</ele><time>2026-07-21T16:26:04.004Z</time></trkpt><trkpt lat="59.159644" lon="11.484426"><ele>0.000000</ele><time>2026-07-21T16:26:05.005Z</time></trkpt><trkpt lat="59.159650" lon="11.484447"><ele>0.000000</ele><time>2026-07-21T16:26:06.006Z</time></trkpt><trkpt lat="59.159657" lon="11.484472"><ele>0.000000</ele><time>2026-07-21T16:26:07.007Z</time></trkpt><trkpt lat="59.159664" lon="11.484497"><ele>0.000000</ele><time>2026-07-21T16:26:08.008Z</time></trkpt><trkpt lat="59.159669" lon="11.484521"><ele>0.000000</ele><time>2026-07-21T16:26:09.009Z</time></trkpt><trkpt lat="59.159676" lon="11.484544"><ele>0.000000</ele><time>2026-07-21T16:26:10.010Z</time></trkpt><trkpt lat="59.159684" lon="11.484571"><ele>0.000000</ele><time>2026-07-21T16:26:11.011Z</time></trkpt><trkpt lat="59.159692" lon="11.484596"><ele>0.000000</ele><time>2026-07-21T16:26:12.012Z</time></trkpt><trkpt lat="59.159701" lon="11.484623"><ele>0.000000</ele><time>2026-07-21T16:26:13.013Z</time></trkpt><trkpt lat="59.159711" lon="11.484649"><ele>0.000000</ele><time>2026-07-21T16:26:14.014Z</time></trkpt><trkpt lat="59.159722" lon="11.484678"><ele>0.000000</ele><time>2026-07-21T16:26:15.015Z</time></trkpt><trkpt lat="59.159732" lon="11.484706"><ele>0.000000</ele><time>2026-07-21T16:26:16.016Z</time></trkpt><trkpt lat="59.159743" lon="11.484737"><ele>0.000000</ele><time>2026-07-21T16:26:17.017Z</time></trkpt><trkpt lat="59.159753" lon="11.484765"><ele>0.000000</ele><time>2026-07-21T16:26:18.018Z</time></trkpt><trkpt lat="59.159763" lon="11.484796"><ele>0.000000</ele><time>2026-07-21T16:26:19.019Z</time></trkpt><trkpt lat="59.159774" lon="11.484824"><ele>0.000000</ele><time>2026-07-21T16:26:20.020Z</time></trkpt><trkpt lat="59.159785" lon="11.484851"><ele>0.000000</ele><time>2026-07-21T16:26:21.021Z</time></trkpt><trkpt lat="59.159798" lon="11.484877"><ele>0.000000</ele><time>2026-07-21T16:26:22.022Z</time></trkpt><trkpt lat="59.159810" lon="11.484901"><ele>0.000000</ele><time>2026-07-21T16:26:23.023Z</time></trkpt><trkpt lat="59.159822" lon="11.484925"><ele>0.000000</ele><time>2026-07-21T16:26:24.024Z</time></trkpt><trkpt lat="59.159833" lon="11.484949"><ele>0.000000</ele><time>2026-07-21T16:26:25.025Z</time></trkpt><trkpt lat="59.159844" lon="11.484976"><ele>0.000000</ele><time>2026-07-21T16:26:26.026Z</time></trkpt><trkpt lat="59.159856" lon="11.485002"><ele>0.000000</ele><time>2026-07-21T16:26:27.027Z</time></trkpt><trkpt lat="59.159867" lon="11.485028"><ele>0.000000</ele><time>2026-07-21T16:26:28.028Z</time></trkpt><trkpt lat="59.159880" lon="11.485054"><ele>0.000000</ele><time>2026-07-21T16:26:29.029Z</time></trkpt><trkpt lat="59.159891" lon="11.485080"><ele>0.000000</ele><time>2026-07-21T16:26:30.030Z</time></trkpt><trkpt lat="59.159902" lon="11.485109"><ele>0.000000</ele><time>2026-07-21T16:26:31.031Z</time></trkpt><trkpt lat="59.159914" lon="11.485138"><ele>0.000000</ele><time>2026-07-21T16:26:32.032Z</time></trkpt><trkpt lat="59.159925" lon="11.485165"><ele>0.000000</ele><time>2026-07-21T16:26:33.033Z</time></trkpt><trkpt lat="59.159937" lon="11.485192"><ele>0.000000</ele><time>2026-07-21T16:26:34.034Z</time></trkpt><trkpt lat="59.159961" lon="11.485248"><ele>0.000000</ele><time>2026-07-21T16:26:36.036Z</time></trkpt><trkpt lat="59.159983" lon="11.485304"><ele>0.000000</ele><time>2026-07-21T16:26:38.038Z</time></trkpt><trkpt lat="59.159994" lon="11.485333"><ele>0.000000</ele><time>2026-07-21T16:26:39.039Z</time></trkpt><trkpt lat="59.160005" lon="11.485363"><ele>0.000000</ele><time>2026-07-21T16:26:40.040Z</time></trkpt><trkpt lat="59.160018" lon="11.485391"><ele>0.000000</ele><time>2026-07-21T16:26:41.041Z</time></trkpt><trkpt lat="59.160042" lon="11.485446"><ele>0.000000</ele><time>2026-07-21T16:26:43.043Z</time></trkpt><trkpt lat="59.160053" lon="11.485472"><ele>0.000000</ele><time>2026-07-21T16:26:44.044Z</time></trkpt><trkpt lat="59.160065" lon="11.485500"><ele>0.000000</ele><time>2026-07-21T16:26:45.045Z</time></trkpt><trkpt lat="59.160076" lon="11.485525"><ele>0.000000</ele><time>2026-07-21T16:26:46.046Z</time></trkpt><trkpt lat="59.160088" lon="11.485550"><ele>0.000000</ele><time>2026-07-21T16:26:47.047Z</time></trkpt><trkpt lat="59.160101" lon="11.485577"><ele>0.000000</ele><time>2026-07-21T16:26:48.048Z</time></trkpt><trkpt lat="59.160125" lon="11.485631"><ele>0.000000</ele><time>2026-07-21T16:26:50.050Z</time></trkpt><trkpt lat="59.160149" lon="11.485683"><ele>0.000000</ele><time>2026-07-21T16:26:52.052Z</time></trkpt><trkpt lat="59.160162" lon="11.485705"><ele>0.000000</ele><time>2026-07-21T16:26:53.053Z</time></trkpt><trkpt lat="59.160174" lon="11.485725"><ele>0.000000</ele><time>2026-07-21T16:26:54.054Z</time></trkpt><trkpt lat="59.160187" lon="11.485749"><ele>0.000000</ele><time>2026-07-21T16:26:55.055Z</time></trkpt><trkpt lat="59.160211" lon="11.485800"><ele>0.000000</ele><time>2026-07-21T16:26:57.057Z</time></trkpt><trkpt lat="59.160233" lon="11.485854"><ele>0.000000</ele><time>2026-07-21T16:26:59.059Z</time></trkpt><trkpt lat="59.160244" lon="11.485883"><ele>0.000000</ele><time>2026-07-21T16:27:00.000Z</time></trkpt><trkpt lat="59.160255" lon="11.485909"><ele>0.000000</ele><time>2026-07-21T16:27:01.001Z</time></trkpt><trkpt lat="59.160267" lon="11.485940"><ele>0.000000</ele><time>2026-07-21T16:27:02.002Z</time></trkpt><trkpt lat="59.160290" lon="11.485996"><ele>0.000000</ele><time>2026-07-21T16:27:04.004Z</time></trkpt><trkpt lat="59.160311" lon="11.486051"><ele>0.000000</ele><time>2026-07-21T16:27:06.006Z</time></trkpt><trkpt lat="59.160322" lon="11.486077"><ele>0.000000</ele><time>2026-07-21T16:27:07.007Z</time></trkpt><trkpt lat="59.160333" lon="11.486099"><ele>0.000000</ele><time>2026-07-21T16:27:08.008Z</time></trkpt><trkpt lat="59.160347" lon="11.486125"><ele>0.000000</ele><time>2026-07-21T16:27:09.009Z</time></trkpt><trkpt lat="59.160370" lon="11.486180"><ele>0.000000</ele><time>2026-07-21T16:27:11.011Z</time></trkpt><trkpt lat="59.160381" lon="11.486203"><ele>0.000000</ele><time>2026-07-21T16:27:12.012Z</time></trkpt><trkpt lat="59.160392" lon="11.486228"><ele>0.000000</ele><time>2026-07-21T16:27:13.013Z</time></trkpt><trkpt lat="59.160401" lon="11.486252"><ele>0.000000</ele><time>2026-07-21T16:27:14.014Z</time></trkpt><trkpt lat="59.160410" lon="11.486280"><ele>0.000000</ele><time>2026-07-21T16:27:15.015Z</time></trkpt><trkpt lat="59.160426" lon="11.486330"><ele>0.000000</ele><time>2026-07-21T16:27:17.017Z</time></trkpt><trkpt lat="59.160433" lon="11.486356"><ele>0.000000</ele><time>2026-07-21T16:27:18.018Z</time></trkpt><trkpt lat="59.160440" lon="11.486380"><ele>0.000000</ele><time>2026-07-21T16:27:19.019Z</time></trkpt><trkpt lat="59.160447" lon="11.486403"><ele>0.000000</ele><time>2026-07-21T16:27:20.020Z</time></trkpt><trkpt lat="59.160456" lon="11.486425"><ele>0.000000</ele><time>2026-07-21T16:27:21.021Z</time></trkpt><trkpt lat="59.160465" lon="11.486447"><ele>0.000000</ele><time>2026-07-21T16:27:22.022Z</time></trkpt><trkpt lat="59.160474" lon="11.486467"><ele>0.000000</ele><time>2026-07-21T16:27:23.023Z</time></trkpt><trkpt lat="59.160486" lon="11.486487"><ele>0.000000</ele><time>2026-07-21T16:27:24.024Z</time></trkpt><trkpt lat="59.160507" lon="11.486523"><ele>0.000000</ele><time>2026-07-21T16:27:26.026Z</time></trkpt><trkpt lat="59.160529" lon="11.486553"><ele>0.000000</ele><time>2026-07-21T16:27:28.028Z</time></trkpt><trkpt lat="59.160544" lon="11.486568"><ele>0.000000</ele><time>2026-07-21T16:27:29.029Z</time></trkpt><trkpt lat="59.160574" lon="11.486604"><ele>0.000000</ele><time>2026-07-21T16:27:31.031Z</time></trkpt><trkpt lat="59.160605" lon="11.486634"><ele>0.000000</ele><time>2026-07-21T16:27:33.033Z</time></trkpt><trkpt lat="59.160636" lon="11.486664"><ele>0.000000</ele><time>2026-07-21T16:27:35.035Z</time></trkpt><trkpt lat="59.160655" lon="11.486678"><ele>0.000000</ele><time>2026-07-21T16:27:36.036Z</time></trkpt><trkpt lat="59.160673" lon="11.486689"><ele>0.000000</ele><time>2026-07-21T16:27:37.037Z</time></trkpt><trkpt lat="59.160693" lon="11.486702"><ele>0.000000</ele><time>2026-07-21T16:27:37.037Z</time></trkpt><trkpt lat="59.160711" lon="11.486715"><ele>0.000000</ele><time>2026-07-21T16:27:38.038Z</time></trkpt><trkpt lat="59.160729" lon="11.486728"><ele>0.000000</ele><time>2026-07-21T16:27:39.039Z</time></trkpt><trkpt lat="59.160746" lon="11.486740"><ele>0.000000</ele><time>2026-07-21T16:27:40.040Z</time></trkpt><trkpt lat="59.160764" lon="11.486754"><ele>0.000000</ele><time>2026-07-21T16:27:41.041Z</time></trkpt><trkpt lat="59.160783" lon="11.486770"><ele>0.000000</ele><time>2026-07-21T16:27:42.042Z</time></trkpt><trkpt lat="59.160821" lon="11.486805"><ele>0.000000</ele><time>2026-07-21T16:27:44.044Z</time></trkpt><trkpt lat="59.160857" lon="11.486835"><ele>0.000000</ele><time>2026-07-21T16:27:46.046Z</time></trkpt><trkpt lat="59.160875" lon="11.486853"><ele>0.000000</ele><time>2026-07-21T16:27:47.047Z</time></trkpt><trkpt lat="59.160892" lon="11.486870"><ele>0.000000</ele><time>2026-07-21T16:27:48.048Z</time></trkpt><trkpt lat="59.160912" lon="11.486889"><ele>0.000000</ele><time>2026-07-21T16:27:49.049Z</time></trkpt><trkpt lat="59.160947" lon="11.486925"><ele>0.000000</ele><time>2026-07-21T16:27:51.051Z</time></trkpt><trkpt lat="59.160964" lon="11.486944"><ele>0.000000</ele><time>2026-07-21T16:27:52.052Z</time></trkpt><trkpt lat="59.160980" lon="11.486963"><ele>0.000000</ele><time>2026-07-21T16:27:53.053Z</time></trkpt><trkpt lat="59.160997" lon="11.486978"><ele>0.000000</ele><time>2026-07-21T16:27:54.054Z</time></trkpt><trkpt lat="59.161012" lon="11.486993"><ele>0.000000</ele><time>2026-07-21T16:27:55.055Z</time></trkpt><trkpt lat="59.161030" lon="11.487009"><ele>0.000000</ele><time>2026-07-21T16:27:56.056Z</time></trkpt><trkpt lat="59.161047" lon="11.487024"><ele>0.000000</ele><time>2026-07-21T16:27:57.057Z</time></trkpt><trkpt lat="59.161066" lon="11.487040"><ele>0.000000</ele><time>2026-07-21T16:27:58.058Z</time></trkpt><trkpt lat="59.161083" lon="11.487055"><ele>0.000000</ele><time>2026-07-21T16:27:59.059Z</time></trkpt><trkpt lat="59.161100" lon="11.487070"><ele>0.000000</ele><time>2026-07-21T16:28:00.000Z</time></trkpt><trkpt lat="59.161119" lon="11.487087"><ele>0.000000</ele><time>2026-07-21T16:28:01.001Z</time></trkpt><trkpt lat="59.161156" lon="11.487117"><ele>0.000000</ele><time>2026-07-21T16:28:03.003Z</time></trkpt><trkpt lat="59.161174" lon="11.487133"><ele>0.000000</ele><time>2026-07-21T16:28:04.004Z</time></trkpt><trkpt lat="59.161193" lon="11.487149"><ele>0.000000</ele><time>2026-07-21T16:28:05.005Z</time></trkpt><trkpt lat="59.161211" lon="11.487161"><ele>0.000000</ele><time>2026-07-21T16:28:06.006Z</time></trkpt><trkpt lat="59.161226" lon="11.487174"><ele>0.000000</ele><time>2026-07-21T16:28:07.007Z</time></trkpt><trkpt lat="59.161244" lon="11.487190"><ele>0.000000</ele><time>2026-07-21T16:28:08.008Z</time></trkpt><trkpt lat="59.161259" lon="11.487207"><ele>0.000000</ele><time>2026-07-21T16:28:09.009Z</time></trkpt><trkpt lat="59.161273" lon="11.487224"><ele>0.000000</ele><time>2026-07-21T16:28:10.010Z</time></trkpt><trkpt lat="59.161287" lon="11.487244"><ele>0.000000</ele><time>2026-07-21T16:28:11.011Z</time></trkpt><trkpt lat="59.161300" lon="11.487262"><ele>0.000000</ele><time>2026-07-21T16:28:12.012Z</time></trkpt><trkpt lat="59.161313" lon="11.487280"><ele>0.000000</ele><time>2026-07-21T16:28:13.013Z</time></trkpt><trkpt lat="59.161327" lon="11.487296"><ele>0.000000</ele><time>2026-07-21T16:28:14.014Z</time></trkpt><trkpt lat="59.161341" lon="11.487313"><ele>0.000000</ele><time>2026-07-21T16:28:15.015Z</time></trkpt><trkpt lat="59.161357" lon="11.487333"><ele>0.000000</ele><time>2026-07-21T16:28:16.016Z</time></trkpt><trkpt lat="59.161383" lon="11.487370"><ele>0.000000</ele><time>2026-07-21T16:28:18.018Z</time></trkpt><trkpt lat="59.161399" lon="11.487392"><ele>0.000000</ele><time>2026-07-21T16:28:19.019Z</time></trkpt><trkpt lat="59.161411" lon="11.487414"><ele>0.000000</ele><time>2026-07-21T16:28:20.020Z</time></trkpt><trkpt lat="59.161423" lon="11.487435"><ele>0.000000</ele><time>2026-07-21T16:28:21.021Z</time></trkpt><trkpt lat="59.161436" lon="11.487457"><ele>0.000000</ele><time>2026-07-21T16:28:22.022Z</time></trkpt><trkpt lat="59.161451" lon="11.487479"><ele>0.000000</ele><time>2026-07-21T16:28:23.023Z</time></trkpt><trkpt lat="59.161464" lon="11.487499"><ele>0.000000</ele><time>2026-07-21T16:28:24.024Z</time></trkpt><trkpt lat="59.161478" lon="11.487521"><ele>0.000000</ele><time>2026-07-21T16:28:25.025Z</time></trkpt><trkpt lat="59.161494" lon="11.487541"><ele>0.000000</ele><time>2026-07-21T16:28:26.026Z</time></trkpt><trkpt lat="59.161510" lon="11.487559"><ele>0.000000</ele><time>2026-07-21T16:28:27.027Z</time></trkpt><trkpt lat="59.161527" lon="11.487577"><ele>0.000000</ele><time>2026-07-21T16:28:28.028Z</time></trkpt><trkpt lat="59.161543" lon="11.487596"><ele>0.000000</ele><time>2026-07-21T16:28:29.029Z</time></trkpt><trkpt lat="59.161560" lon="11.487615"><ele>0.000000</ele><time>2026-07-21T16:28:30.030Z</time></trkpt><trkpt lat="59.161578" lon="11.487630"><ele>0.000000</ele><time>2026-07-21T16:28:31.031Z</time></trkpt><trkpt lat="59.161594" lon="11.487645"><ele>0.000000</ele><time>2026-07-21T16:28:32.032Z</time></trkpt><trkpt lat="59.161612" lon="11.487656"><ele>0.000000</ele><time>2026-07-21T16:28:33.033Z</time></trkpt><trkpt lat="59.161628" lon="11.487669"><ele>0.000000</ele><time>2026-07-21T16:28:34.034Z</time></trkpt><trkpt lat="59.161649" lon="11.487680"><ele>0.000000</ele><time>2026-07-21T16:28:35.035Z</time></trkpt><trkpt lat="59.161669" lon="11.487688"><ele>0.000000</ele><time>2026-07-21T16:28:36.036Z</time></trkpt><trkpt lat="59.161689" lon="11.487696"><ele>0.000000</ele><time>2026-07-21T16:28:37.037Z</time></trkpt><trkpt lat="59.161709" lon="11.487701"><ele>0.000000</ele><time>2026-07-21T16:28:38.038Z</time></trkpt><trkpt lat="59.161725" lon="11.487709"><ele>0.000000</ele><time>2026-07-21T16:28:39.039Z</time></trkpt><trkpt lat="59.161744" lon="11.487716"><ele>0.000000</ele><time>2026-07-21T16:28:40.040Z</time></trkpt><trkpt lat="59.161762" lon="11.487723"><ele>0.000000</ele><time>2026-07-21T16:28:41.041Z</time></trkpt><trkpt lat="59.161781" lon="11.487732"><ele>0.000000</ele><time>2026-07-21T16:28:42.042Z</time></trkpt><trkpt lat="59.161799" lon="11.487740"><ele>0.000000</ele><time>2026-07-21T16:28:43.043Z</time></trkpt><trkpt lat="59.161817" lon="11.487747"><ele>0.000000</ele><time>2026-07-21T16:28:44.044Z</time></trkpt><trkpt lat="59.161836" lon="11.487754"><ele>0.000000</ele><time>2026-07-21T16:28:45.045Z</time></trkpt><trkpt lat="59.161854" lon="11.487760"><ele>0.000000</ele><time>2026-07-21T16:28:46.046Z</time></trkpt><trkpt lat="59.161873" lon="11.487768"><ele>0.000000</ele><time>2026-07-21T16:28:47.047Z</time></trkpt><trkpt lat="59.161891" lon="11.487773"><ele>0.000000</ele><time>2026-07-21T16:28:48.048Z</time></trkpt><trkpt lat="59.161908" lon="11.487779"><ele>0.000000</ele><time>2026-07-21T16:28:49.049Z</time></trkpt><trkpt lat="59.161927" lon="11.487783"><ele>0.000000</ele><time>2026-07-21T16:28:50.050Z</time></trkpt><trkpt lat="59.161944" lon="11.487788"><ele>0.000000</ele><time>2026-07-21T16:28:51.051Z</time></trkpt><trkpt lat="59.161964" lon="11.487792"><ele>0.000000</ele><time>2026-07-21T16:28:52.052Z</time></trkpt><trkpt lat="59.161982" lon="11.487796"><ele>0.000000</ele><time>2026-07-21T16:28:53.053Z</time></trkpt><trkpt lat="59.162000" lon="11.487804"><ele>0.000000</ele><time>2026-07-21T16:28:54.054Z</time></trkpt><trkpt lat="59.162018" lon="11.487812"><ele>0.000000</ele><time>2026-07-21T16:28:55.055Z</time></trkpt><trkpt lat="59.162035" lon="11.487822"><ele>0.000000</ele><time>2026-07-21T16:28:56.056Z</time></trkpt><trkpt lat="59.162054" lon="11.487827"><ele>0.000000</ele><time>2026-07-21T16:28:57.057Z</time></trkpt><trkpt lat="59.162072" lon="11.487833"><ele>0.000000</ele><time>2026-07-21T16:28:58.058Z</time></trkpt><trkpt lat="59.162089" lon="11.487840"><ele>0.000000</ele><time>2026-07-21T16:28:59.059Z</time></trkpt><trkpt lat="59.162106" lon="11.487845"><ele>0.000000</ele><time>2026-07-21T16:29:00.000Z</time></trkpt><trkpt lat="59.162123" lon="11.487853"><ele>0.000000</ele><time>2026-07-21T16:29:01.001Z</time></trkpt><trkpt lat="59.162142" lon="11.487856"><ele>0.000000</ele><time>2026-07-21T16:29:02.002Z</time></trkpt><trkpt lat="59.162159" lon="11.487862"><ele>0.000000</ele><time>2026-07-21T16:29:03.003Z</time></trkpt><trkpt lat="59.162176" lon="11.487869"><ele>0.000000</ele><time>2026-07-21T16:29:04.004Z</time></trkpt><trkpt lat="59.162192" lon="11.487876"><ele>0.000000</ele><time>2026-07-21T16:29:05.005Z</time></trkpt><trkpt lat="59.162209" lon="11.487883"><ele>0.000000</ele><time>2026-07-21T16:29:06.006Z</time></trkpt><trkpt lat="59.162227" lon="11.487891"><ele>0.000000</ele><time>2026-07-21T16:29:07.007Z</time></trkpt><trkpt lat="59.162242" lon="11.487900"><ele>0.000000</ele><time>2026-07-21T16:29:08.008Z</time></trkpt><trkpt lat="59.162259" lon="11.487905"><ele>0.000000</ele><time>2026-07-21T16:29:09.009Z</time></trkpt><trkpt lat="59.162274" lon="11.487913"><ele>0.000000</ele><time>2026-07-21T16:29:10.010Z</time></trkpt><trkpt lat="59.162292" lon="11.487922"><ele>0.000000</ele><time>2026-07-21T16:29:11.011Z</time></trkpt><trkpt lat="59.162324" lon="11.487933"><ele>0.000000</ele><time>2026-07-21T16:29:13.013Z</time></trkpt><trkpt lat="59.162350" lon="11.487944"><ele>0.000000</ele><time>2026-07-21T16:29:15.015Z</time></trkpt><trkpt lat="59.162365" lon="11.487947"><ele>0.000000</ele><time>2026-07-21T16:29:16.016Z</time></trkpt><trkpt lat="59.162381" lon="11.487950"><ele>0.000000</ele><time>2026-07-21T16:29:17.017Z</time></trkpt><trkpt lat="59.162406" lon="11.487955"><ele>0.000000</ele><time>2026-07-21T16:29:19.019Z</time></trkpt><trkpt lat="59.162419" lon="11.487952"><ele>0.000000</ele><time>2026-07-21T16:29:20.020Z</time></trkpt><trkpt lat="59.162433" lon="11.487951"><ele>0.000000</ele><time>2026-07-21T16:29:21.021Z</time></trkpt><trkpt lat="59.162447" lon="11.487951"><ele>0.000000</ele><time>2026-07-21T16:29:22.022Z</time></trkpt><trkpt lat="59.162462" lon="11.487952"><ele>0.000000</ele><time>2026-07-21T16:29:23.023Z</time></trkpt><trkpt lat="59.162478" lon="11.487954"><ele>0.000000</ele><time>2026-07-21T16:29:24.024Z</time></trkpt><trkpt lat="59.162508" lon="11.487958"><ele>0.000000</ele><time>2026-07-21T16:29:26.026Z</time></trkpt><trkpt lat="59.162524" lon="11.487960"><ele>0.000000</ele><time>2026-07-21T16:29:27.027Z</time></trkpt><trkpt lat="59.162543" lon="11.487964"><ele>0.000000</ele><time>2026-07-21T16:29:28.028Z</time></trkpt><trkpt lat="59.162560" lon="11.487968"><ele>0.000000</ele><time>2026-07-21T16:29:29.029Z</time></trkpt><trkpt lat="59.162578" lon="11.487973"><ele>0.000000</ele><time>2026-07-21T16:29:30.030Z</time></trkpt><trkpt lat="59.162611" lon="11.487985"><ele>0.000000</ele><time>2026-07-21T16:29:32.032Z</time></trkpt><trkpt lat="59.162647" lon="11.488001"><ele>0.000000</ele><time>2026-07-21T16:29:34.034Z</time></trkpt><trkpt lat="59.162664" lon="11.488014"><ele>0.000000</ele><time>2026-07-21T16:29:35.035Z</time></trkpt><trkpt lat="59.162680" lon="11.488028"><ele>0.000000</ele><time>2026-07-21T16:29:36.036Z</time></trkpt><trkpt lat="59.162696" lon="11.488041"><ele>0.000000</ele><time>2026-07-21T16:29:37.037Z</time></trkpt><trkpt lat="59.162712" lon="11.488053"><ele>0.000000</ele><time>2026-07-21T16:29:38.038Z</time></trkpt><trkpt lat="59.162730" lon="11.488070"><ele>0.000000</ele><time>2026-07-21T16:29:39.039Z</time></trkpt><trkpt lat="59.162747" lon="11.488085"><ele>0.000000</ele><time>2026-07-21T16:29:40.040Z</time></trkpt><trkpt lat="59.162766" lon="11.488103"><ele>0.000000</ele><time>2026-07-21T16:29:41.041Z</time></trkpt><trkpt lat="59.162798" lon="11.488129"><ele>0.000000</ele><time>2026-07-21T16:29:43.043Z</time></trkpt><trkpt lat="59.162815" lon="11.488143"><ele>0.000000</ele><time>2026-07-21T16:29:44.044Z</time></trkpt><trkpt lat="59.162834" lon="11.488156"><ele>0.000000</ele><time>2026-07-21T16:29:45.045Z</time></trkpt><trkpt lat="59.162851" lon="11.488170"><ele>0.000000</ele><time>2026-07-21T16:29:46.046Z</time></trkpt><trkpt lat="59.162866" lon="11.488181"><ele>0.000000</ele><time>2026-07-21T16:29:47.047Z</time></trkpt><trkpt lat="59.162883" lon="11.488195"><ele>0.000000</ele><time>2026-07-21T16:29:48.048Z</time></trkpt><trkpt lat="59.162898" lon="11.488208"><ele>0.000000</ele><time>2026-07-21T16:29:49.049Z</time></trkpt><trkpt lat="59.162916" lon="11.488222"><ele>0.000000</ele><time>2026-07-21T16:29:50.050Z</time></trkpt><trkpt lat="59.162932" lon="11.488235"><ele>0.000000</ele><time>2026-07-21T16:29:52.052Z</time></trkpt><trkpt lat="59.162948" lon="11.488249"><ele>0.000000</ele><time>2026-07-21T16:29:53.053Z</time></trkpt><trkpt lat="59.162963" lon="11.488265"><ele>0.000000</ele><time>2026-07-21T16:29:54.054Z</time></trkpt><trkpt lat="59.162979" lon="11.488281"><ele>0.000000</ele><time>2026-07-21T16:29:55.055Z</time></trkpt><trkpt lat="59.162995" lon="11.488299"><ele>0.000000</ele><time>2026-07-21T16:29:56.056Z</time></trkpt><trkpt lat="59.163010" lon="11.488317"><ele>0.000000</ele><time>2026-07-21T16:29:57.057Z</time></trkpt><trkpt lat="59.163025" lon="11.488338"><ele>0.000000</ele><time>2026-07-21T16:29:58.058Z</time></trkpt><trkpt lat="59.163039" lon="11.488359"><ele>0.000000</ele><time>2026-07-21T16:29:59.059Z</time></trkpt><trkpt lat="59.163052" lon="11.488378"><ele>0.000000</ele><time>2026-07-21T16:30:00.000Z</time></trkpt><trkpt lat="59.163067" lon="11.488396"><ele>0.000000</ele><time>2026-07-21T16:30:01.001Z</time></trkpt><trkpt lat="59.163081" lon="11.488413"><ele>0.000000</ele><time>2026-07-21T16:30:02.002Z</time></trkpt><trkpt lat="59.163098" lon="11.488428"><ele>0.000000</ele><time>2026-07-21T16:30:03.003Z</time></trkpt><trkpt lat="59.163114" lon="11.488441"><ele>0.000000</ele><time>2026-07-21T16:30:04.004Z</time></trkpt><trkpt lat="59.163130" lon="11.488455"><ele>0.000000</ele><time>2026-07-21T16:30:05.005Z</time></trkpt><trkpt lat="59.163146" lon="11.488468"><ele>0.000000</ele><time>2026-07-21T16:30:06.006Z</time></trkpt><trkpt lat="59.163162" lon="11.488480"><ele>0.000000</ele><time>2026-07-21T16:30:07.007Z</time></trkpt><trkpt lat="59.163180" lon="11.488492"><ele>0.000000</ele><time>2026-07-21T16:30:08.008Z</time></trkpt><trkpt lat="59.163198" lon="11.488505"><ele>0.000000</ele><time>2026-07-21T16:30:09.009Z</time></trkpt><trkpt lat="59.163217" lon="11.488517"><ele>0.000000</ele><time>2026-07-21T16:30:10.010Z</time></trkpt><trkpt lat="59.163234" lon="11.488526"><ele>0.000000</ele><time>2026-07-21T16:30:11.011Z</time></trkpt><trkpt lat="59.163251" lon="11.488534"><ele>0.000000</ele><time>2026-07-21T16:30:12.012Z</time></trkpt><trkpt lat="59.163270" lon="11.488542"><ele>0.000000</ele><time>2026-07-21T16:30:13.013Z</time></trkpt><trkpt lat="59.163290" lon="11.488551"><ele>0.000000</ele><time>2026-07-21T16:30:14.014Z</time></trkpt><trkpt lat="59.163310" lon="11.488561"><ele>0.000000</ele><time>2026-07-21T16:30:15.015Z</time></trkpt><trkpt lat="59.163328" lon="11.488575"><ele>0.000000</ele><time>2026-07-21T16:30:16.016Z</time></trkpt><trkpt lat="59.163346" lon="11.488590"><ele>0.000000</ele><time>2026-07-21T16:30:17.017Z</time></trkpt><trkpt lat="59.163365" lon="11.488603"><ele>0.000000</ele><time>2026-07-21T16:30:18.018Z</time></trkpt><trkpt lat="59.163383" lon="11.488614"><ele>0.000000</ele><time>2026-07-21T16:30:19.019Z</time></trkpt><trkpt lat="59.163403" lon="11.488625"><ele>0.000000</ele><time>2026-07-21T16:30:20.020Z</time></trkpt><trkpt lat="59.163439" lon="11.488649"><ele>0.000000</ele><time>2026-07-21T16:30:22.022Z</time></trkpt><trkpt lat="59.163455" lon="11.488661"><ele>0.000000</ele><time>2026-07-21T16:30:23.023Z</time></trkpt><trkpt lat="59.163472" lon="11.488675"><ele>0.000000</ele><time>2026-07-21T16:30:24.024Z</time></trkpt><trkpt lat="59.163492" lon="11.488691"><ele>0.000000</ele><time>2026-07-21T16:30:25.025Z</time></trkpt><trkpt lat="59.163512" lon="11.488704"><ele>0.000000</ele><time>2026-07-21T16:30:26.026Z</time></trkpt><trkpt lat="59.163532" lon="11.488720"><ele>0.000000</ele><time>2026-07-21T16:30:27.027Z</time></trkpt><trkpt lat="59.163566" lon="11.488748"><ele>0.000000</ele><time>2026-07-21T16:30:29.029Z</time></trkpt><trkpt lat="59.163584" lon="11.488764"><ele>0.000000</ele><time>2026-07-21T16:30:30.030Z</time></trkpt><trkpt lat="59.163602" lon="11.488779"><ele>0.000000</ele><time>2026-07-21T16:30:31.031Z</time></trkpt><trkpt lat="59.163624" lon="11.488796"><ele>0.000000</ele><time>2026-07-21T16:30:32.032Z</time></trkpt><trkpt lat="59.163644" lon="11.488811"><ele>0.000000</ele><time>2026-07-21T16:30:33.033Z</time></trkpt><trkpt lat="59.163661" lon="11.488824"><ele>0.000000</ele><time>2026-07-21T16:30:34.034Z</time></trkpt><trkpt lat="59.163678" lon="11.488836"><ele>0.000000</ele><time>2026-07-21T16:30:35.035Z</time></trkpt><trkpt lat="59.163693" lon="11.488846"><ele>0.000000</ele><time>2026-07-21T16:30:36.036Z</time></trkpt><trkpt lat="59.163714" lon="11.488860"><ele>0.000000</ele><time>2026-07-21T16:30:37.037Z</time></trkpt><trkpt lat="59.163732" lon="11.488872"><ele>0.000000</ele><time>2026-07-21T16:30:38.038Z</time></trkpt><trkpt lat="59.163751" lon="11.488888"><ele>0.000000</ele><time>2026-07-21T16:30:39.039Z</time></trkpt><trkpt lat="59.163783" lon="11.488917"><ele>0.000000</ele><time>2026-07-21T16:30:41.041Z</time></trkpt><trkpt lat="59.163800" lon="11.488938"><ele>0.000000</ele><time>2026-07-21T16:30:42.042Z</time></trkpt><trkpt lat="59.163815" lon="11.488957"><ele>0.000000</ele><time>2026-07-21T16:30:43.043Z</time></trkpt><trkpt lat="59.163833" lon="11.488978"><ele>0.000000</ele><time>2026-07-21T16:30:44.044Z</time></trkpt><trkpt lat="59.163849" lon="11.488997"><ele>0.000000</ele><time>2026-07-21T16:30:45.045Z</time></trkpt><trkpt lat="59.163865" lon="11.489018"><ele>0.000000</ele><time>2026-07-21T16:30:46.046Z</time></trkpt><trkpt lat="59.163884" lon="11.489034"><ele>0.000000</ele><time>2026-07-21T16:30:47.047Z</time></trkpt><trkpt lat="59.163901" lon="11.489050"><ele>0.000000</ele><time>2026-07-21T16:30:48.048Z</time></trkpt><trkpt lat="59.163919" lon="11.489066"><ele>0.000000</ele><time>2026-07-21T16:30:49.049Z</time></trkpt><trkpt lat="59.163951" lon="11.489098"><ele>0.000000</ele><time>2026-07-21T16:30:51.051Z</time></trkpt><trkpt lat="59.163968" lon="11.489115"><ele>0.000000</ele><time>2026-07-21T16:30:52.052Z</time></trkpt><trkpt lat="59.163985" lon="11.489136"><ele>0.000000</ele><time>2026-07-21T16:30:53.053Z</time></trkpt><trkpt lat="59.164001" lon="11.489158"><ele>0.000000</ele><time>2026-07-21T16:30:54.054Z</time></trkpt><trkpt lat="59.164033" lon="11.489198"><ele>0.000000</ele><time>2026-07-21T16:30:56.056Z</time></trkpt><trkpt lat="59.164047" lon="11.489216"><ele>0.000000</ele><time>2026-07-21T16:30:57.057Z</time></trkpt><trkpt lat="59.164063" lon="11.489238"><ele>0.000000</ele><time>2026-07-21T16:30:58.058Z</time></trkpt><trkpt lat="59.164079" lon="11.489258"><ele>0.000000</ele><time>2026-07-21T16:30:59.059Z</time></trkpt><trkpt lat="59.164093" lon="11.489276"><ele>0.000000</ele><time>2026-07-21T16:31:00.000Z</time></trkpt><trkpt lat="59.164111" lon="11.489291"><ele>0.000000</ele><time>2026-07-21T16:31:01.001Z</time></trkpt><trkpt lat="59.164144" lon="11.489325"><ele>0.000000</ele><time>2026-07-21T16:31:03.003Z</time></trkpt><trkpt lat="59.164159" lon="11.489341"><ele>0.000000</ele><time>2026-07-21T16:31:04.004Z</time></trkpt><trkpt lat="59.164175" lon="11.489356"><ele>0.000000</ele><time>2026-07-21T16:31:05.005Z</time></trkpt><trkpt lat="59.164191" lon="11.489366"><ele>0.000000</ele><time>2026-07-21T16:31:06.006Z</time></trkpt><trkpt lat="59.164206" lon="11.489377"><ele>0.000000</ele><time>2026-07-21T16:31:07.007Z</time></trkpt><trkpt lat="59.164224" lon="11.489388"><ele>0.000000</ele><time>2026-07-21T16:31:08.008Z</time></trkpt><trkpt lat="59.164241" lon="11.489400"><ele>0.000000</ele><time>2026-07-21T16:31:09.009Z</time></trkpt><trkpt lat="59.164258" lon="11.489411"><ele>0.000000</ele><time>2026-07-21T16:31:10.010Z</time></trkpt><trkpt lat="59.164274" lon="11.489417"><ele>0.000000</ele><time>2026-07-21T16:31:11.011Z</time></trkpt><trkpt lat="59.164289" lon="11.489421"><ele>0.000000</ele><time>2026-07-21T16:31:12.012Z</time></trkpt><trkpt lat="59.164303" lon="11.489425"><ele>0.000000</ele><time>2026-07-21T16:31:13.013Z</time></trkpt><trkpt lat="59.164317" lon="11.489428"><ele>0.000000</ele><time>2026-07-21T16:31:14.014Z</time></trkpt><trkpt lat="59.164343" lon="11.489434"><ele>0.000000</ele><time>2026-07-21T16:31:16.016Z</time></trkpt><trkpt lat="59.164354" lon="11.489432"><ele>0.000000</ele><time>2026-07-21T16:31:17.017Z</time></trkpt><trkpt lat="59.164365" lon="11.489430"><ele>0.000000</ele><time>2026-07-21T16:31:18.018Z</time></trkpt><trkpt lat="59.164386" lon="11.489426"><ele>0.000000</ele><time>2026-07-21T16:31:20.020Z</time></trkpt><trkpt lat="59.164408" lon="11.489417"><ele>0.000000</ele><time>2026-07-21T16:31:22.022Z</time></trkpt><trkpt lat="59.164431" lon="11.489407"><ele>0.000000</ele><time>2026-07-21T16:31:24.024Z</time></trkpt><trkpt lat="59.164443" lon="11.489403"><ele>0.000000</ele><time>2026-07-21T16:31:25.025Z</time></trkpt><trkpt lat="59.164456" lon="11.489404"><ele>0.000000</ele><time>2026-07-21T16:31:26.026Z</time></trkpt><trkpt lat="59.164470" lon="11.489405"><ele>0.000000</ele><time>2026-07-21T16:31:27.027Z</time></trkpt><trkpt lat="59.164484" lon="11.489405"><ele>0.000000</ele><time>2026-07-21T16:31:28.028Z</time></trkpt><trkpt lat="59.164497" lon="11.489405"><ele>0.000000</ele><time>2026-07-21T16:31:29.029Z</time></trkpt><trkpt lat="59.164510" lon="11.489404"><ele>0.000000</ele><time>2026-07-21T16:31:30.030Z</time></trkpt><trkpt lat="59.164522" lon="11.489402"><ele>0.000000</ele><time>2026-07-21T16:31:31.031Z</time></trkpt><trkpt lat="59.164534" lon="11.489400"><ele>0.000000</ele><time>2026-07-21T16:31:32.032Z</time></trkpt><trkpt lat="59.164546" lon="11.489398"><ele>0.000000</ele><time>2026-07-21T16:31:33.033Z</time></trkpt><trkpt lat="59.164567" lon="11.489393"><ele>0.000000</ele><time>2026-07-21T16:31:35.035Z</time></trkpt><trkpt lat="59.164577" lon="11.489388"><ele>0.000000</ele><time>2026-07-21T16:31:36.036Z</time></trkpt><trkpt lat="59.164586" lon="11.489382"><ele>0.000000</ele><time>2026-07-21T16:31:37.037Z</time></trkpt><trkpt lat="59.164595" lon="11.489374"><ele>0.000000</ele><time>2026-07-21T16:31:38.038Z</time></trkpt><trkpt lat="59.164615" lon="11.489361"><ele>0.000000</ele><time>2026-07-21T16:31:40.040Z</time></trkpt><trkpt lat="59.164625" lon="11.489355"><ele>0.000000</ele><time>2026-07-21T16:31:41.041Z</time></trkpt><trkpt lat="59.164636" lon="11.489349"><ele>0.000000</ele><time>2026-07-21T16:31:42.042Z</time></trkpt><trkpt lat="59.164648" lon="11.489344"><ele>0.000000</ele><time>2026-07-21T16:31:43.043Z</time></trkpt><trkpt lat="59.164660" lon="11.489338"><ele>0.000000</ele><time>2026-07-21T16:31:44.044Z</time></trkpt><trkpt lat="59.164672" lon="11.489335"><ele>0.000000</ele><time>2026-07-21T16:31:45.045Z</time></trkpt><trkpt lat="59.164685" lon="11.489334"><ele>0.000000</ele><time>2026-07-21T16:31:46.046Z</time></trkpt><trkpt lat="59.164699" lon="11.489336"><ele>0.000000</ele><time>2026-07-21T16:31:47.047Z</time></trkpt><trkpt lat="59.164713" lon="11.489338"><ele>0.000000</ele><time>2026-07-21T16:31:48.048Z</time></trkpt><trkpt lat="59.164728" lon="11.489342"><ele>0.000000</ele><time>2026-07-21T16:31:49.049Z</time></trkpt><trkpt lat="59.164744" lon="11.489347"><ele>0.000000</ele><time>2026-07-21T16:31:50.050Z</time></trkpt><trkpt lat="59.164761" lon="11.489353"><ele>0.000000</ele><time>2026-07-21T16:31:51.051Z</time></trkpt><trkpt lat="59.164778" lon="11.489360"><ele>0.000000</ele><time>2026-07-21T16:31:52.052Z</time></trkpt><trkpt lat="59.164797" lon="11.489368"><ele>0.000000</ele><time>2026-07-21T16:31:53.053Z</time></trkpt><trkpt lat="59.164814" lon="11.489377"><ele>0.000000</ele><time>2026-07-21T16:31:54.054Z</time></trkpt><trkpt lat="59.164833" lon="11.489388"><ele>0.000000</ele><time>2026-07-21T16:31:55.055Z</time></trkpt><trkpt lat="59.164850" lon="11.489397"><ele>0.000000</ele><time>2026-07-21T16:31:56.056Z</time></trkpt><trkpt lat="59.164869" lon="11.489406"><ele>0.000000</ele><time>2026-07-21T16:31:57.057Z</time></trkpt><trkpt lat="59.164889" lon="11.489413"><ele>0.000000</ele><time>2026-07-21T16:31:58.058Z</time></trkpt><trkpt lat="59.164906" lon="11.489423"><ele>0.000000</ele><time>2026-07-21T16:31:59.059Z</time></trkpt><trkpt lat="59.164924" lon="11.489432"><ele>0.000000</ele><time>2026-07-21T16:32:00.000Z</time></trkpt><trkpt lat="59.164941" lon="11.489441"><ele>0.000000</ele><time>2026-07-21T16:32:01.001Z</time></trkpt><trkpt lat="59.164960" lon="11.489452"><ele>0.000000</ele><time>2026-07-21T16:32:02.002Z</time></trkpt><trkpt lat="59.164979" lon="11.489464"><ele>0.000000</ele><time>2026-07-21T16:32:03.003Z</time></trkpt><trkpt lat="59.164997" lon="11.489479"><ele>0.000000</ele><time>2026-07-21T16:32:04.004Z</time></trkpt><trkpt lat="59.165016" lon="11.489494"><ele>0.000000</ele><time>2026-07-21T16:32:05.005Z</time></trkpt><trkpt lat="59.165035" lon="11.489511"><ele>0.000000</ele><time>2026-07-21T16:32:06.006Z</time></trkpt><trkpt lat="59.165054" lon="11.489527"><ele>0.000000</ele><time>2026-07-21T16:32:07.007Z</time></trkpt><trkpt lat="59.165072" lon="11.489544"><ele>0.000000</ele><time>2026-07-21T16:32:08.008Z</time></trkpt><trkpt lat="59.165090" lon="11.489562"><ele>0.000000</ele><time>2026-07-21T16:32:09.009Z</time></trkpt><trkpt lat="59.165108" lon="11.489575"><ele>0.000000</ele><time>2026-07-21T16:32:10.010Z</time></trkpt><trkpt lat="59.165126" lon="11.489588"><ele>0.000000</ele><time>2026-07-21T16:32:11.011Z</time></trkpt><trkpt lat="59.165144" lon="11.489599"><ele>0.000000</ele><time>2026-07-21T16:32:12.012Z</time></trkpt><trkpt lat="59.165163" lon="11.489609"><ele>0.000000</ele><time>2026-07-21T16:32:13.013Z</time></trkpt><trkpt lat="59.165182" lon="11.489622"><ele>0.000000</ele><time>2026-07-21T16:32:14.014Z</time></trkpt><trkpt lat="59.165200" lon="11.489630"><ele>0.000000</ele><time>2026-07-21T16:32:15.015Z</time></trkpt><trkpt lat="59.165218" lon="11.489639"><ele>0.000000</ele><time>2026-07-21T16:32:16.016Z</time></trkpt><trkpt lat="59.165237" lon="11.489646"><ele>0.000000</ele><time>2026-07-21T16:32:17.017Z</time></trkpt><trkpt lat="59.165255" lon="11.489651"><ele>0.000000</ele><time>2026-07-21T16:32:18.018Z</time></trkpt><trkpt lat="59.165274" lon="11.489659"><ele>0.000000</ele><time>2026-07-21T16:32:19.019Z</time></trkpt><trkpt lat="59.165293" lon="11.489661"><ele>0.000000</ele><time>2026-07-21T16:32:20.020Z</time></trkpt><trkpt lat="59.165312" lon="11.489665"><ele>0.000000</ele><time>2026-07-21T16:32:21.021Z</time></trkpt><trkpt lat="59.165333" lon="11.489670"><ele>0.000000</ele><time>2026-07-21T16:32:22.022Z</time></trkpt><trkpt lat="59.165353" lon="11.489671"><ele>0.000000</ele><time>2026-07-21T16:32:23.023Z</time></trkpt><trkpt lat="59.165372" lon="11.489676"><ele>0.000000</ele><time>2026-07-21T16:32:24.024Z</time></trkpt><trkpt lat="59.165392" lon="11.489677"><ele>0.000000</ele><time>2026-07-21T16:32:25.025Z</time></trkpt><trkpt lat="59.165429" lon="11.489682"><ele>0.000000</ele><time>2026-07-21T16:32:27.027Z</time></trkpt><trkpt lat="59.165447" lon="11.489680"><ele>0.000000</ele><time>2026-07-21T16:32:28.028Z</time></trkpt><trkpt lat="59.165467" lon="11.489677"><ele>0.000000</ele><time>2026-07-21T16:32:29.029Z</time></trkpt><trkpt lat="59.165486" lon="11.489671"><ele>0.000000</ele><time>2026-07-21T16:32:30.030Z</time></trkpt><trkpt lat="59.165505" lon="11.489669"><ele>0.000000</ele><time>2026-07-21T16:32:31.031Z</time></trkpt><trkpt lat="59.165522" lon="11.489664"><ele>0.000000</ele><time>2026-07-21T16:32:32.032Z</time></trkpt><trkpt lat="59.165538" lon="11.489657"><ele>0.000000</ele><time>2026-07-21T16:32:33.033Z</time></trkpt><trkpt lat="59.165557" lon="11.489649"><ele>0.000000</ele><time>2026-07-21T16:32:34.034Z</time></trkpt><trkpt lat="59.165574" lon="11.489638"><ele>0.000000</ele><time>2026-07-21T16:32:35.035Z</time></trkpt><trkpt lat="59.165590" lon="11.489629"><ele>0.000000</ele><time>2026-07-21T16:32:36.036Z</time></trkpt><trkpt lat="59.165607" lon="11.489617"><ele>0.000000</ele><time>2026-07-21T16:32:37.037Z</time></trkpt><trkpt lat="59.165623" lon="11.489606"><ele>0.000000</ele><time>2026-07-21T16:32:38.038Z</time></trkpt><trkpt lat="59.165639" lon="11.489593"><ele>0.000000</ele><time>2026-07-21T16:32:39.039Z</time></trkpt><trkpt lat="59.165656" lon="11.489579"><ele>0.000000</ele><time>2026-07-21T16:32:40.040Z</time></trkpt><trkpt lat="59.165672" lon="11.489566"><ele>0.000000</ele><time>2026-07-21T16:32:41.041Z</time></trkpt><trkpt lat="59.165688" lon="11.489548"><ele>0.000000</ele><time>2026-07-21T16:32:42.042Z</time></trkpt><trkpt lat="59.165703" lon="11.489531"><ele>0.000000</ele><time>2026-07-21T16:32:43.043Z</time></trkpt><trkpt lat="59.165718" lon="11.489511"><ele>0.000000</ele><time>2026-07-21T16:32:44.044Z</time></trkpt><trkpt lat="59.165732" lon="11.489494"><ele>0.000000</ele><time>2026-07-21T16:32:45.045Z</time></trkpt><trkpt lat="59.165747" lon="11.489476"><ele>0.000000</ele><time>2026-07-21T16:32:46.046Z</time></trkpt><trkpt lat="59.165761" lon="11.489456"><ele>0.000000</ele><time>2026-07-21T16:32:47.047Z</time></trkpt><trkpt lat="59.165775" lon="11.489437"><ele>0.000000</ele><time>2026-07-21T16:32:48.048Z</time></trkpt><trkpt lat="59.165788" lon="11.489415"><ele>0.000000</ele><time>2026-07-21T16:32:49.049Z</time></trkpt><trkpt lat="59.165800" lon="11.489393"><ele>0.000000</ele><time>2026-07-21T16:32:50.050Z</time></trkpt><trkpt lat="59.165812" lon="11.489368"><ele>0.000000</ele><time>2026-07-21T16:32:51.051Z</time></trkpt><trkpt lat="59.165834" lon="11.489322"><ele>0.000000</ele><time>2026-07-21T16:32:53.053Z</time></trkpt><trkpt lat="59.165843" lon="11.489297"><ele>0.000000</ele><time>2026-07-21T16:32:54.054Z</time></trkpt><trkpt lat="59.165850" lon="11.489271"><ele>0.000000</ele><time>2026-07-21T16:32:55.055Z</time></trkpt><trkpt lat="59.165856" lon="11.489241"><ele>0.000000</ele><time>2026-07-21T16:32:56.056Z</time></trkpt><trkpt lat="59.165869" lon="11.489197"><ele>0.000000</ele><time>2026-07-21T16:32:58.058Z</time></trkpt><trkpt lat="59.165870" lon="11.489167"><ele>0.000000</ele><time>2026-07-21T16:32:59.059Z</time></trkpt><trkpt lat="59.165869" lon="11.489134"><ele>0.000000</ele><time>2026-07-21T16:33:00.000Z</time></trkpt><trkpt lat="59.165868" lon="11.489102"><ele>0.000000</ele><time>2026-07-21T16:33:01.001Z</time></trkpt><trkpt lat="59.165867" lon="11.489072"><ele>0.000000</ele><time>2026-07-21T16:33:02.002Z</time></trkpt><trkpt lat="59.165865" lon="11.489044"><ele>0.000000</ele><time>2026-07-21T16:33:03.003Z</time></trkpt><trkpt lat="59.165862" lon="11.489016"><ele>0.000000</ele><time>2026-07-21T16:33:04.004Z</time></trkpt><trkpt lat="59.165859" lon="11.488988"><ele>0.000000</ele><time>2026-07-21T16:33:05.005Z</time></trkpt><trkpt lat="59.165853" lon="11.488932"><ele>0.000000</ele><time>2026-07-21T16:33:07.007Z</time></trkpt><trkpt lat="59.165844" lon="11.488877"><ele>0.000000</ele><time>2026-07-21T16:33:09.009Z</time></trkpt><trkpt lat="59.165831" lon="11.488823"><ele>0.000000</ele><time>2026-07-21T16:33:11.011Z</time></trkpt><trkpt lat="59.165821" lon="11.488800"><ele>0.000000</ele><time>2026-07-21T16:33:12.012Z</time></trkpt><trkpt lat="59.165812" lon="11.488775"><ele>0.000000</ele><time>2026-07-21T16:33:13.013Z</time></trkpt><trkpt lat="59.165803" lon="11.488752"><ele>0.000000</ele><time>2026-07-21T16:33:14.014Z</time></trkpt><trkpt lat="59.165793" lon="11.488729"><ele>0.000000</ele><time>2026-07-21T16:33:15.015Z</time></trkpt><trkpt lat="59.165783" lon="11.488707"><ele>0.000000</ele><time>2026-07-21T16:33:16.016Z</time></trkpt><trkpt lat="59.165773" lon="11.488685"><ele>0.000000</ele><time>2026-07-21T16:33:17.017Z</time></trkpt><trkpt lat="59.165762" lon="11.488663"><ele>0.000000</ele><time>2026-07-21T16:33:18.018Z</time></trkpt><trkpt lat="59.165753" lon="11.488642"><ele>0.000000</ele><time>2026-07-21T16:33:19.019Z</time></trkpt><trkpt lat="59.165743" lon="11.488617"><ele>0.000000</ele><time>2026-07-21T16:33:20.020Z</time></trkpt><trkpt lat="59.165725" lon="11.488568"><ele>0.000000</ele><time>2026-07-21T16:33:22.022Z</time></trkpt><trkpt lat="59.165707" lon="11.488522"><ele>0.000000</ele><time>2026-07-21T16:33:24.024Z</time></trkpt><trkpt lat="59.165690" lon="11.488477"><ele>0.000000</ele><time>2026-07-21T16:33:26.026Z</time></trkpt><trkpt lat="59.165675" lon="11.488432"><ele>0.000000</ele><time>2026-07-21T16:33:28.028Z</time></trkpt><trkpt lat="59.165667" lon="11.488413"><ele>0.000000</ele><time>2026-07-21T16:33:29.029Z</time></trkpt><trkpt lat="59.165659" lon="11.488392"><ele>0.000000</ele><time>2026-07-21T16:33:30.030Z</time></trkpt><trkpt lat="59.165650" lon="11.488369"><ele>0.000000</ele><time>2026-07-21T16:33:31.031Z</time></trkpt><trkpt lat="59.165642" lon="11.488347"><ele>0.000000</ele><time>2026-07-21T16:33:32.032Z</time></trkpt><trkpt lat="59.165634" lon="11.488324"><ele>0.000000</ele><time>2026-07-21T16:33:33.033Z</time></trkpt><trkpt lat="59.165620" lon="11.488280"><ele>0.000000</ele><time>2026-07-21T16:33:35.035Z</time></trkpt><trkpt lat="59.165607" lon="11.488239"><ele>0.000000</ele><time>2026-07-21T16:33:37.037Z</time></trkpt><trkpt lat="59.165600" lon="11.488216"><ele>0.000000</ele><time>2026-07-21T16:33:38.038Z</time></trkpt><trkpt lat="59.165594" lon="11.488193"><ele>0.000000</ele><time>2026-07-21T16:33:39.039Z</time></trkpt><trkpt lat="59.165588" lon="11.488169"><ele>0.000000</ele><time>2026-07-21T16:33:40.040Z</time></trkpt><trkpt lat="59.165574" lon="11.488124"><ele>0.000000</ele><time>2026-07-21T16:33:42.042Z</time></trkpt><trkpt lat="59.165560" lon="11.488079"><ele>0.000000</ele><time>2026-07-21T16:33:44.044Z</time></trkpt><trkpt lat="59.165545" lon="11.488030"><ele>0.000000</ele><time>2026-07-21T16:33:46.046Z</time></trkpt><trkpt lat="59.165535" lon="11.488007"><ele>0.000000</ele><time>2026-07-21T16:33:47.047Z</time></trkpt><trkpt lat="59.165522" lon="11.487973"><ele>0.000000</ele><time>2026-07-21T16:33:49.049Z</time></trkpt><trkpt lat="59.165515" lon="11.487955"><ele>0.000000</ele><time>2026-07-21T16:33:50.050Z</time></trkpt><trkpt lat="59.165507" lon="11.487936"><ele>0.000000</ele><time>2026-07-21T16:33:51.051Z</time></trkpt><trkpt lat="59.165500" lon="11.487915"><ele>0.000000</ele><time>2026-07-21T16:33:52.052Z</time></trkpt><trkpt lat="59.165493" lon="11.487895"><ele>0.000000</ele><time>2026-07-21T16:33:53.053Z</time></trkpt><trkpt lat="59.165481" lon="11.487857"><ele>0.000000</ele><time>2026-07-21T16:33:55.055Z</time></trkpt><trkpt lat="59.165469" lon="11.487816"><ele>0.000000</ele><time>2026-07-21T16:33:57.057Z</time></trkpt><trkpt lat="59.165462" lon="11.487799"><ele>0.000000</ele><time>2026-07-21T16:33:58.058Z</time></trkpt><trkpt lat="59.165455" lon="11.487779"><ele>0.000000</ele><time>2026-07-21T16:33:59.059Z</time></trkpt><trkpt lat="59.165448" lon="11.487761"><ele>0.000000</ele><time>2026-07-21T16:34:00.000Z</time></trkpt><trkpt lat="59.165440" lon="11.487739"><ele>0.000000</ele><time>2026-07-21T16:34:01.001Z</time></trkpt><trkpt lat="59.165424" lon="11.487700"><ele>0.000000</ele><time>2026-07-21T16:34:03.003Z</time></trkpt><trkpt lat="59.165415" lon="11.487680"><ele>0.000000</ele><time>2026-07-21T16:34:04.004Z</time></trkpt><trkpt lat="59.165407" lon="11.487659"><ele>0.000000</ele><time>2026-07-21T16:34:05.005Z</time></trkpt><trkpt lat="59.165399" lon="11.487638"><ele>0.000000</ele><time>2026-07-21T16:34:06.006Z</time></trkpt><trkpt lat="59.165391" lon="11.487618"><ele>0.000000</ele><time>2026-07-21T16:34:07.007Z</time></trkpt><trkpt lat="59.165383" lon="11.487597"><ele>0.000000</ele><time>2026-07-21T16:34:08.008Z</time></trkpt><trkpt lat="59.165374" lon="11.487578"><ele>0.000000</ele><time>2026-07-21T16:34:09.009Z</time></trkpt><trkpt lat="59.165365" lon="11.487554"><ele>0.000000</ele><time>2026-07-21T16:34:10.010Z</time></trkpt><trkpt lat="59.165351" lon="11.487515"><ele>0.000000</ele><time>2026-07-21T16:34:12.012Z</time></trkpt><trkpt lat="59.165344" lon="11.487494"><ele>0.000000</ele><time>2026-07-21T16:34:13.013Z</time></trkpt><trkpt lat="59.165337" lon="11.487470"><ele>0.000000</ele><time>2026-07-21T16:34:14.014Z</time></trkpt><trkpt lat="59.165329" lon="11.487446"><ele>0.000000</ele><time>2026-07-21T16:34:15.015Z</time></trkpt><trkpt lat="59.165324" lon="11.487423"><ele>0.000000</ele><time>2026-07-21T16:34:16.016Z</time></trkpt><trkpt lat="59.165318" lon="11.487399"><ele>0.000000</ele><time>2026-07-21T16:34:17.017Z</time></trkpt><trkpt lat="59.165315" lon="11.487374"><ele>0.000000</ele><time>2026-07-21T16:34:18.018Z</time></trkpt><trkpt lat="59.165312" lon="11.487347"><ele>0.000000</ele><time>2026-07-21T16:34:19.019Z</time></trkpt><trkpt lat="59.165312" lon="11.487320"><ele>0.000000</ele><time>2026-07-21T16:34:20.020Z</time></trkpt><trkpt lat="59.165312" lon="11.487268"><ele>0.000000</ele><time>2026-07-21T16:34:22.022Z</time></trkpt><trkpt lat="59.165315" lon="11.487240"><ele>0.000000</ele><time>2026-07-21T16:34:23.023Z</time></trkpt><trkpt lat="59.165318" lon="11.487214"><ele>0.000000</ele><time>2026-07-21T16:34:24.024Z</time></trkpt><trkpt lat="59.165323" lon="11.487190"><ele>0.000000</ele><time>2026-07-21T16:34:25.025Z</time></trkpt><trkpt lat="59.165328" lon="11.487165"><ele>0.000000</ele><time>2026-07-21T16:34:26.026Z</time></trkpt><trkpt lat="59.165334" lon="11.487142"><ele>0.000000</ele><time>2026-07-21T16:34:27.027Z</time></trkpt><trkpt lat="59.165341" lon="11.487117"><ele>0.000000</ele><time>2026-07-21T16:34:28.028Z</time></trkpt><trkpt lat="59.165350" lon="11.487091"><ele>0.000000</ele><time>2026-07-21T16:34:29.029Z</time></trkpt><trkpt lat="59.165358" lon="11.487066"><ele>0.000000</ele><time>2026-07-21T16:34:30.030Z</time></trkpt><trkpt lat="59.165367" lon="11.487041"><ele>0.000000</ele><time>2026-07-21T16:34:31.031Z</time></trkpt><trkpt lat="59.165376" lon="11.487018"><ele>0.000000</ele><time>2026-07-21T16:34:32.032Z</time></trkpt><trkpt lat="59.165386" lon="11.486993"><ele>0.000000</ele><time>2026-07-21T16:34:33.033Z</time></trkpt><trkpt lat="59.165398" lon="11.486970"><ele>0.000000</ele><time>2026-07-21T16:34:34.034Z</time></trkpt><trkpt lat="59.165410" lon="11.486946"><ele>0.000000</ele><time>2026-07-21T16:34:35.035Z</time></trkpt><trkpt lat="59.165422" lon="11.486923"><ele>0.000000</ele><time>2026-07-21T16:34:36.036Z</time></trkpt><trkpt lat="59.165434" lon="11.486906"><ele>0.000000</ele><time>2026-07-21T16:34:37.037Z</time></trkpt><trkpt lat="59.165447" lon="11.486888"><ele>0.000000</ele><time>2026-07-21T16:34:38.038Z</time></trkpt><trkpt lat="59.165461" lon="11.486867"><ele>0.000000</ele><time>2026-07-21T16:34:39.039Z</time></trkpt><trkpt lat="59.165474" lon="11.486847"><ele>0.000000</ele><time>2026-07-21T16:34:40.040Z</time></trkpt><trkpt lat="59.165489" lon="11.486827"><ele>0.000000</ele><time>2026-07-21T16:34:41.041Z</time></trkpt><trkpt lat="59.165503" lon="11.486805"><ele>0.000000</ele><time>2026-07-21T16:34:42.042Z</time></trkpt><trkpt lat="59.165517" lon="11.486783"><ele>0.000000</ele><time>2026-07-21T16:34:43.043Z</time></trkpt><trkpt lat="59.165529" lon="11.486759"><ele>0.000000</ele><time>2026-07-21T16:34:44.044Z</time></trkpt><trkpt lat="59.165541" lon="11.486737"><ele>0.000000</ele><time>2026-07-21T16:34:45.045Z</time></trkpt><trkpt lat="59.165555" lon="11.486715"><ele>0.000000</ele><time>2026-07-21T16:34:46.046Z</time></trkpt><trkpt lat="59.165567" lon="11.486690"><ele>0.000000</ele><time>2026-07-21T16:34:47.047Z</time></trkpt><trkpt lat="59.165580" lon="11.486662"><ele>0.000000</ele><time>2026-07-21T16:34:48.048Z</time></trkpt><trkpt lat="59.165592" lon="11.486635"><ele>0.000000</ele><time>2026-07-21T16:34:49.049Z</time></trkpt><trkpt lat="59.165605" lon="11.486612"><ele>0.000000</ele><time>2026-07-21T16:34:50.050Z</time></trkpt><trkpt lat="59.165616" lon="11.486587"><ele>0.000000</ele><time>2026-07-21T16:34:51.051Z</time></trkpt><trkpt lat="59.165627" lon="11.486564"><ele>0.000000</ele><time>2026-07-21T16:34:52.052Z</time></trkpt><trkpt lat="59.165639" lon="11.486533"><ele>0.000000</ele><time>2026-07-21T16:34:53.053Z</time></trkpt><trkpt lat="59.165660" lon="11.486483"><ele>0.000000</ele><time>2026-07-21T16:34:55.055Z</time></trkpt><trkpt lat="59.165669" lon="11.486453"><ele>0.000000</ele><time>2026-07-21T16:34:56.056Z</time></trkpt><trkpt lat="59.165677" lon="11.486423"><ele>0.000000</ele><time>2026-07-21T16:34:57.057Z</time></trkpt><trkpt lat="59.165686" lon="11.486390"><ele>0.000000</ele><time>2026-07-21T16:34:58.058Z</time></trkpt><trkpt lat="59.165696" lon="11.486363"><ele>0.000000</ele><time>2026-07-21T16:34:59.059Z</time></trkpt><trkpt lat="59.165705" lon="11.486337"><ele>0.000000</ele><time>2026-07-21T16:35:00.000Z</time></trkpt><trkpt lat="59.165714" lon="11.486312"><ele>0.000000</ele><time>2026-07-21T16:35:01.001Z</time></trkpt><trkpt lat="59.165724" lon="11.486284"><ele>0.000000</ele><time>2026-07-21T16:35:02.002Z</time></trkpt><trkpt lat="59.165732" lon="11.486258"><ele>0.000000</ele><time>2026-07-21T16:35:03.003Z</time></trkpt><trkpt lat="59.165741" lon="11.486231"><ele>0.000000</ele><time>2026-07-21T16:35:04.004Z</time></trkpt><trkpt lat="59.165751" lon="11.486205"><ele>0.000000</ele><time>2026-07-21T16:35:05.005Z</time></trkpt><trkpt lat="59.165761" lon="11.486184"><ele>0.000000</ele><time>2026-07-21T16:35:06.006Z</time></trkpt><trkpt lat="59.165772" lon="11.486161"><ele>0.000000</ele><time>2026-07-21T16:35:07.007Z</time></trkpt><trkpt lat="59.165784" lon="11.486139"><ele>0.000000</ele><time>2026-07-21T16:35:08.008Z</time></trkpt><trkpt lat="59.165797" lon="11.486116"><ele>0.000000</ele><time>2026-07-21T16:35:09.009Z</time></trkpt><trkpt lat="59.165809" lon="11.486092"><ele>0.000000</ele><time>2026-07-21T16:35:10.010Z</time></trkpt><trkpt lat="59.165823" lon="11.486069"><ele>0.000000</ele><time>2026-07-21T16:35:11.011Z</time></trkpt><trkpt lat="59.165837" lon="11.486045"><ele>0.000000</ele><time>2026-07-21T16:35:12.012Z</time></trkpt><trkpt lat="59.165850" lon="11.486026"><ele>0.000000</ele><time>2026-07-21T16:35:13.013Z</time></trkpt><trkpt lat="59.165865" lon="11.486006"><ele>0.000000</ele><time>2026-07-21T16:35:14.014Z</time></trkpt><trkpt lat="59.165879" lon="11.485988"><ele>0.000000</ele><time>2026-07-21T16:35:15.015Z</time></trkpt><trkpt lat="59.165896" lon="11.485970"><ele>0.000000</ele><time>2026-07-21T16:35:16.016Z</time></trkpt><trkpt lat="59.165913" lon="11.485951"><ele>0.000000</ele><time>2026-07-21T16:35:17.017Z</time></trkpt><trkpt lat="59.165930" lon="11.485934"><ele>0.000000</ele><time>2026-07-21T16:35:18.018Z</time></trkpt><trkpt lat="59.165950" lon="11.485919"><ele>0.000000</ele><time>2026-07-21T16:35:19.019Z</time></trkpt><trkpt lat="59.165968" lon="11.485903"><ele>0.000000</ele><time>2026-07-21T16:35:20.020Z</time></trkpt><trkpt lat="59.165984" lon="11.485888"><ele>0.000000</ele><time>2026-07-21T16:35:21.021Z</time></trkpt><trkpt lat="59.166002" lon="11.485871"><ele>0.000000</ele><time>2026-07-21T16:35:22.022Z</time></trkpt><trkpt lat="59.166018" lon="11.485855"><ele>0.000000</ele><time>2026-07-21T16:35:23.023Z</time></trkpt><trkpt lat="59.166035" lon="11.485840"><ele>0.000000</ele><time>2026-07-21T16:35:24.024Z</time></trkpt><trkpt lat="59.166052" lon="11.485823"><ele>0.000000</ele><time>2026-07-21T16:35:25.025Z</time></trkpt><trkpt lat="59.166069" lon="11.485807"><ele>0.000000</ele><time>2026-07-21T16:35:26.026Z</time></trkpt><trkpt lat="59.166088" lon="11.485787"><ele>0.000000</ele><time>2026-07-21T16:35:27.027Z</time></trkpt><trkpt lat="59.166105" lon="11.485769"><ele>0.000000</ele><time>2026-07-21T16:35:28.028Z</time></trkpt><trkpt lat="59.166122" lon="11.485754"><ele>0.000000</ele><time>2026-07-21T16:35:29.029Z</time></trkpt><trkpt lat="59.166139" lon="11.485739"><ele>0.000000</ele><time>2026-07-21T16:35:30.030Z</time></trkpt><trkpt lat="59.166157" lon="11.485730"><ele>0.000000</ele><time>2026-07-21T16:35:31.031Z</time></trkpt><trkpt lat="59.166177" lon="11.485721"><ele>0.000000</ele><time>2026-07-21T16:35:32.032Z</time></trkpt><trkpt lat="59.166194" lon="11.485709"><ele>0.000000</ele><time>2026-07-21T16:35:33.033Z</time></trkpt><trkpt lat="59.166211" lon="11.485699"><ele>0.000000</ele><time>2026-07-21T16:35:34.034Z</time></trkpt><trkpt lat="59.166229" lon="11.485690"><ele>0.000000</ele><time>2026-07-21T16:35:35.035Z</time></trkpt><trkpt lat="59.166247" lon="11.485684"><ele>0.000000</ele><time>2026-07-21T16:35:36.036Z</time></trkpt><trkpt lat="59.166267" lon="11.485681"><ele>0.000000</ele><time>2026-07-21T16:35:37.037Z</time></trkpt><trkpt lat="59.166284" lon="11.485676"><ele>0.000000</ele><time>2026-07-21T16:35:38.038Z</time></trkpt><trkpt lat="59.166302" lon="11.485671"><ele>0.000000</ele><time>2026-07-21T16:35:39.039Z</time></trkpt><trkpt lat="59.166320" lon="11.485666"><ele>0.000000</ele><time>2026-07-21T16:35:40.040Z</time></trkpt><trkpt lat="59.166336" lon="11.485660"><ele>0.000000</ele><time>2026-07-21T16:35:41.041Z</time></trkpt><trkpt lat="59.166354" lon="11.485653"><ele>0.000000</ele><time>2026-07-21T16:35:42.042Z</time></trkpt><trkpt lat="59.166371" lon="11.485644"><ele>0.000000</ele><time>2026-07-21T16:35:43.043Z</time></trkpt><trkpt lat="59.166388" lon="11.485637"><ele>0.000000</ele><time>2026-07-21T16:35:44.044Z</time></trkpt><trkpt lat="59.166406" lon="11.485625"><ele>0.000000</ele><time>2026-07-21T16:35:45.045Z</time></trkpt><trkpt lat="59.166422" lon="11.485612"><ele>0.000000</ele><time>2026-07-21T16:35:46.046Z</time></trkpt><trkpt lat="59.166438" lon="11.485598"><ele>0.000000</ele><time>2026-07-21T16:35:47.047Z</time></trkpt><trkpt lat="59.166454" lon="11.485585"><ele>0.000000</ele><time>2026-07-21T16:35:48.048Z</time></trkpt><trkpt lat="59.166469" lon="11.485572"><ele>0.000000</ele><time>2026-07-21T16:35:49.049Z</time></trkpt><trkpt lat="59.166486" lon="11.485555"><ele>0.000000</ele><time>2026-07-21T16:35:50.050Z</time></trkpt><trkpt lat="59.166501" lon="11.485541"><ele>0.000000</ele><time>2026-07-21T16:35:51.051Z</time></trkpt><trkpt lat="59.166517" lon="11.485524"><ele>0.000000</ele><time>2026-07-21T16:35:52.052Z</time></trkpt><trkpt lat="59.166533" lon="11.485504"><ele>0.000000</ele><time>2026-07-21T16:35:52.052Z</time></trkpt><trkpt lat="59.166547" lon="11.485482"><ele>0.000000</ele><time>2026-07-21T16:35:53.053Z</time></trkpt><trkpt lat="59.166561" lon="11.485461"><ele>0.000000</ele><time>2026-07-21T16:35:54.054Z</time></trkpt><trkpt lat="59.166576" lon="11.485441"><ele>0.000000</ele><time>2026-07-21T16:35:55.055Z</time></trkpt><trkpt lat="59.166593" lon="11.485421"><ele>0.000000</ele><time>2026-07-21T16:35:56.056Z</time></trkpt><trkpt lat="59.166608" lon="11.485401"><ele>0.000000</ele><time>2026-07-21T16:35:57.057Z</time></trkpt><trkpt lat="59.166624" lon="11.485380"><ele>0.000000</ele><time>2026-07-21T16:35:58.058Z</time></trkpt><trkpt lat="59.166640" lon="11.485362"><ele>0.000000</ele><time>2026-07-21T16:35:59.059Z</time></trkpt><trkpt lat="59.166657" lon="11.485350"><ele>0.000000</ele><time>2026-07-21T16:36:00.000Z</time></trkpt><trkpt lat="59.166674" lon="11.485337"><ele>0.000000</ele><time>2026-07-21T16:36:01.001Z</time></trkpt><trkpt lat="59.166690" lon="11.485325"><ele>0.000000</ele><time>2026-07-21T16:36:02.002Z</time></trkpt><trkpt lat="59.166707" lon="11.485311"><ele>0.000000</ele><time>2026-07-21T16:36:03.003Z</time></trkpt><trkpt lat="59.166724" lon="11.485299"><ele>0.000000</ele><time>2026-07-21T16:36:04.004Z</time></trkpt><trkpt lat="59.166740" lon="11.485285"><ele>0.000000</ele><time>2026-07-21T16:36:05.005Z</time></trkpt><trkpt lat="59.166756" lon="11.485268"><ele>0.000000</ele><time>2026-07-21T16:36:06.006Z</time></trkpt><trkpt lat="59.166771" lon="11.485253"><ele>0.000000</ele><time>2026-07-21T16:36:07.007Z</time></trkpt><trkpt lat="59.166786" lon="11.485234"><ele>0.000000</ele><time>2026-07-21T16:36:08.008Z</time></trkpt><trkpt lat="59.166801" lon="11.485213"><ele>0.000000</ele><time>2026-07-21T16:36:09.009Z</time></trkpt><trkpt lat="59.166814" lon="11.485192"><ele>0.000000</ele><time>2026-07-21T16:36:10.010Z</time></trkpt><trkpt lat="59.166828" lon="11.485168"><ele>0.000000</ele><time>2026-07-21T16:36:11.011Z</time></trkpt><trkpt lat="59.166841" lon="11.485146"><ele>0.000000</ele><time>2026-07-21T16:36:12.012Z</time></trkpt><trkpt lat="59.166854" lon="11.485122"><ele>0.000000</ele><time>2026-07-21T16:36:13.013Z</time></trkpt><trkpt lat="59.166868" lon="11.485097"><ele>0.000000</ele><time>2026-07-21T16:36:14.014Z</time></trkpt><trkpt lat="59.166881" lon="11.485074"><ele>0.000000</ele><time>2026-07-21T16:36:15.015Z</time></trkpt><trkpt lat="59.166895" lon="11.485049"><ele>0.000000</ele><time>2026-07-21T16:36:16.016Z</time></trkpt><trkpt lat="59.166907" lon="11.485021"><ele>0.000000</ele><time>2026-07-21T16:36:17.017Z</time></trkpt><trkpt lat="59.166919" lon="11.484995"><ele>0.000000</ele><time>2026-07-21T16:36:18.018Z</time></trkpt><trkpt lat="59.166931" lon="11.484964"><ele>0.000000</ele><time>2026-07-21T16:36:19.019Z</time></trkpt><trkpt lat="59.166956" lon="11.484913"><ele>0.000000</ele><time>2026-07-21T16:36:21.021Z</time></trkpt><trkpt lat="59.166968" lon="11.484883"><ele>0.000000</ele><time>2026-07-21T16:36:22.022Z</time></trkpt><trkpt lat="59.166981" lon="11.484855"><ele>0.000000</ele><time>2026-07-21T16:36:23.023Z</time></trkpt><trkpt lat="59.166994" lon="11.484825"><ele>0.000000</ele><time>2026-07-21T16:36:24.024Z</time></trkpt><trkpt lat="59.167008" lon="11.484800"><ele>0.000000</ele><time>2026-07-21T16:36:26.026Z</time></trkpt><trkpt lat="59.167024" lon="11.484778"><ele>0.000000</ele><time>2026-07-21T16:36:27.027Z</time></trkpt><trkpt lat="59.167040" lon="11.484753"><ele>0.000000</ele><time>2026-07-21T16:36:28.028Z</time></trkpt><trkpt lat="59.167054" lon="11.484732"><ele>0.000000</ele><time>2026-07-21T16:36:29.029Z</time></trkpt><trkpt lat="59.167070" lon="11.484714"><ele>0.000000</ele><time>2026-07-21T16:36:30.030Z</time></trkpt><trkpt lat="59.167086" lon="11.484696"><ele>0.000000</ele><time>2026-07-21T16:36:31.031Z</time></trkpt><trkpt lat="59.167104" lon="11.484682"><ele>0.000000</ele><time>2026-07-21T16:36:32.032Z</time></trkpt><trkpt lat="59.167122" lon="11.484671"><ele>0.000000</ele><time>2026-07-21T16:36:33.033Z</time></trkpt><trkpt lat="59.167140" lon="11.484658"><ele>0.000000</ele><time>2026-07-21T16:36:34.034Z</time></trkpt><trkpt lat="59.167156" lon="11.484648"><ele>0.000000</ele><time>2026-07-21T16:36:35.035Z</time></trkpt><trkpt lat="59.167175" lon="11.484641"><ele>0.000000</ele><time>2026-07-21T16:36:36.036Z</time></trkpt><trkpt lat="59.167194" lon="11.484636"><ele>0.000000</ele><time>2026-07-21T16:36:37.037Z</time></trkpt><trkpt lat="59.167211" lon="11.484633"><ele>0.000000</ele><time>2026-07-21T16:36:38.038Z</time></trkpt><trkpt lat="59.167230" lon="11.484633"><ele>0.000000</ele><time>2026-07-21T16:36:39.039Z</time></trkpt><trkpt lat="59.167249" lon="11.484633"><ele>0.000000</ele><time>2026-07-21T16:36:40.040Z</time></trkpt><trkpt lat="59.167267" lon="11.484637"><ele>0.000000</ele><time>2026-07-21T16:36:41.041Z</time></trkpt><trkpt lat="59.167288" lon="11.484641"><ele>0.000000</ele><time>2026-07-21T16:36:42.042Z</time></trkpt><trkpt lat="59.167323" lon="11.484644"><ele>0.000000</ele><time>2026-07-21T16:36:44.044Z</time></trkpt><trkpt lat="59.167341" lon="11.484651"><ele>0.000000</ele><time>2026-07-21T16:36:45.045Z</time></trkpt><trkpt lat="59.167360" lon="11.484660"><ele>0.000000</ele><time>2026-07-21T16:36:46.046Z</time></trkpt><trkpt lat="59.167379" lon="11.484668"><ele>0.000000</ele><time>2026-07-21T16:36:47.047Z</time></trkpt><trkpt lat="59.167397" lon="11.484676"><ele>0.000000</ele><time>2026-07-21T16:36:48.048Z</time></trkpt><trkpt lat="59.167415" lon="11.484687"><ele>0.000000</ele><time>2026-07-21T16:36:49.049Z</time></trkpt><trkpt lat="59.167433" lon="11.484693"><ele>0.000000</ele><time>2026-07-21T16:36:50.050Z</time></trkpt><trkpt lat="59.167451" lon="11.484699"><ele>0.000000</ele><time>2026-07-21T16:36:51.051Z</time></trkpt><trkpt lat="59.167469" lon="11.484709"><ele>0.000000</ele><time>2026-07-21T16:36:52.052Z</time></trkpt><trkpt lat="59.167486" lon="11.484721"><ele>0.000000</ele><time>2026-07-21T16:36:53.053Z</time></trkpt><trkpt lat="59.167504" lon="11.484735"><ele>0.000000</ele><time>2026-07-21T16:36:54.054Z</time></trkpt><trkpt lat="59.167522" lon="11.484745"><ele>0.000000</ele><time>2026-07-21T16:36:55.055Z</time></trkpt><trkpt lat="59.167556" lon="11.484765"><ele>0.000000</ele><time>2026-07-21T16:36:57.057Z</time></trkpt><trkpt lat="59.167574" lon="11.484776"><ele>0.000000</ele><time>2026-07-21T16:36:58.058Z</time></trkpt><trkpt lat="59.167591" lon="11.484788"><ele>0.000000</ele><time>2026-07-21T16:36:59.059Z</time></trkpt><trkpt lat="59.167606" lon="11.484794"><ele>0.000000</ele><time>2026-07-21T16:37:00.000Z</time></trkpt><trkpt lat="59.167622" lon="11.484799"><ele>0.000000</ele><time>2026-07-21T16:37:01.001Z</time></trkpt><trkpt lat="59.167640" lon="11.484800"><ele>0.000000</ele><time>2026-07-21T16:37:02.002Z</time></trkpt><trkpt lat="59.167657" lon="11.484800"><ele>0.000000</ele><time>2026-07-21T16:37:03.003Z</time></trkpt><trkpt lat="59.167674" lon="11.484798"><ele>0.000000</ele><time>2026-07-21T16:37:04.004Z</time></trkpt><trkpt lat="59.167689" lon="11.484794"><ele>0.000000</ele><time>2026-07-21T16:37:05.005Z</time></trkpt><trkpt lat="59.167706" lon="11.484786"><ele>0.000000</ele><time>2026-07-21T16:37:06.006Z</time></trkpt><trkpt lat="59.167723" lon="11.484777"><ele>0.000000</ele><time>2026-07-21T16:37:07.007Z</time></trkpt><trkpt lat="59.167739" lon="11.484766"><ele>0.000000</ele><time>2026-07-21T16:37:08.008Z</time></trkpt><trkpt lat="59.167755" lon="11.484756"><ele>0.000000</ele><time>2026-07-21T16:37:09.009Z</time></trkpt><trkpt lat="59.167771" lon="11.484745"><ele>0.000000</ele><time>2026-07-21T16:37:10.010Z</time></trkpt><trkpt lat="59.167787" lon="11.484733"><ele>0.000000</ele><time>2026-07-21T16:37:11.011Z</time></trkpt><trkpt lat="59.167803" lon="11.484720"><ele>0.000000</ele><time>2026-07-21T16:37:12.012Z</time></trkpt><trkpt lat="59.167817" lon="11.484707"><ele>0.000000</ele><time>2026-07-21T16:37:13.013Z</time></trkpt><trkpt lat="59.167831" lon="11.484693"><ele>0.000000</ele><time>2026-07-21T16:37:14.014Z</time></trkpt><trkpt lat="59.167846" lon="11.484678"><ele>0.000000</ele><time>2026-07-21T16:37:15.015Z</time></trkpt><trkpt lat="59.167860" lon="11.484661"><ele>0.000000</ele><time>2026-07-21T16:37:16.016Z</time></trkpt><trkpt lat="59.167875" lon="11.484644"><ele>0.000000</ele><time>2026-07-21T16:37:17.017Z</time></trkpt><trkpt lat="59.167891" lon="11.484627"><ele>0.000000</ele><time>2026-07-21T16:37:18.018Z</time></trkpt><trkpt lat="59.167905" lon="11.484609"><ele>0.000000</ele><time>2026-07-21T16:37:19.019Z</time></trkpt><trkpt lat="59.167919" lon="11.484589"><ele>0.000000</ele><time>2026-07-21T16:37:20.020Z</time></trkpt><trkpt lat="59.167934" lon="11.484567"><ele>0.000000</ele><time>2026-07-21T16:37:21.021Z</time></trkpt><trkpt lat="59.167949" lon="11.484548"><ele>0.000000</ele><time>2026-07-21T16:37:22.022Z</time></trkpt><trkpt lat="59.167964" lon="11.484533"><ele>0.000000</ele><time>2026-07-21T16:37:23.023Z</time></trkpt><trkpt lat="59.167979" lon="11.484512"><ele>0.000000</ele><time>2026-07-21T16:37:24.024Z</time></trkpt><trkpt lat="59.167994" lon="11.484491"><ele>0.000000</ele><time>2026-07-21T16:37:25.025Z</time></trkpt><trkpt lat="59.168008" lon="11.484471"><ele>0.000000</ele><time>2026-07-21T16:37:26.026Z</time></trkpt><trkpt lat="59.168024" lon="11.484452"><ele>0.000000</ele><time>2026-07-21T16:37:27.027Z</time></trkpt><trkpt lat="59.168038" lon="11.484433"><ele>0.000000</ele><time>2026-07-21T16:37:28.028Z</time></trkpt><trkpt lat="59.168054" lon="11.484414"><ele>0.000000</ele><time>2026-07-21T16:37:29.029Z</time></trkpt><trkpt lat="59.168069" lon="11.484395"><ele>0.000000</ele><time>2026-07-21T16:37:30.030Z</time></trkpt><trkpt lat="59.168085" lon="11.484375"><ele>0.000000</ele><time>2026-07-21T16:37:31.031Z</time></trkpt><trkpt lat="59.168101" lon="11.484355"><ele>0.000000</ele><time>2026-07-21T16:37:32.032Z</time></trkpt><trkpt lat="59.168116" lon="11.484334"><ele>0.000000</ele><time>2026-07-21T16:37:33.033Z</time></trkpt><trkpt lat="59.168131" lon="11.484315"><ele>0.000000</ele><time>2026-07-21T16:37:34.034Z</time></trkpt><trkpt lat="59.168159" lon="11.484276"><ele>0.000000</ele><time>2026-07-21T16:37:36.036Z</time></trkpt><trkpt lat="59.168181" lon="11.484229"><ele>0.000000</ele><time>2026-07-21T16:37:38.038Z</time></trkpt><trkpt lat="59.168190" lon="11.484203"><ele>0.000000</ele><time>2026-07-21T16:37:39.039Z</time></trkpt><trkpt lat="59.168198" lon="11.484175"><ele>0.000000</ele><time>2026-07-21T16:37:40.040Z</time></trkpt><trkpt lat="59.168206" lon="11.484148"><ele>0.000000</ele><time>2026-07-21T16:37:41.041Z</time></trkpt><trkpt lat="59.168212" lon="11.484121"><ele>0.000000</ele><time>2026-07-21T16:37:42.042Z</time></trkpt><trkpt lat="59.168219" lon="11.484092"><ele>0.000000</ele><time>2026-07-21T16:37:43.043Z</time></trkpt><trkpt lat="59.168224" lon="11.484064"><ele>0.000000</ele><time>2026-07-21T16:37:44.044Z</time></trkpt><trkpt lat="59.168229" lon="11.484033"><ele>0.000000</ele><time>2026-07-21T16:37:45.045Z</time></trkpt><trkpt lat="59.168233" lon="11.484004"><ele>0.000000</ele><time>2026-07-21T16:37:46.046Z</time></trkpt><trkpt lat="59.168235" lon="11.483971"><ele>0.000000</ele><time>2026-07-21T16:37:47.047Z</time></trkpt><trkpt lat="59.168241" lon="11.483912"><ele>0.000000</ele><time>2026-07-21T16:37:49.049Z</time></trkpt><trkpt lat="59.168243" lon="11.483849"><ele>0.000000</ele><time>2026-07-21T16:37:51.051Z</time></trkpt><trkpt lat="59.168243" lon="11.483788"><ele>0.000000</ele><time>2026-07-21T16:37:53.053Z</time></trkpt><trkpt lat="59.168245" lon="11.483727"><ele>0.000000</ele><time>2026-07-21T16:37:55.055Z</time></trkpt><trkpt lat="59.168244" lon="11.483698"><ele>0.000000</ele><time>2026-07-21T16:37:56.056Z</time></trkpt><trkpt lat="59.168246" lon="11.483672"><ele>0.000000</ele><time>2026-07-21T16:37:57.057Z</time></trkpt><trkpt lat="59.168249" lon="11.483647"><ele>0.000000</ele><time>2026-07-21T16:37:58.058Z</time></trkpt><trkpt lat="59.168252" lon="11.483619"><ele>0.000000</ele><time>2026-07-21T16:37:59.059Z</time></trkpt><trkpt lat="59.168257" lon="11.483588"><ele>0.000000</ele><time>2026-07-21T16:38:00.000Z</time></trkpt><trkpt lat="59.168260" lon="11.483560"><ele>0.000000</ele><time>2026-07-21T16:38:01.001Z</time></trkpt><trkpt lat="59.168264" lon="11.483532"><ele>0.000000</ele><time>2026-07-21T16:38:02.002Z</time></trkpt><trkpt lat="59.168266" lon="11.483505"><ele>0.000000</ele><time>2026-07-21T16:38:03.003Z</time></trkpt><trkpt lat="59.168268" lon="11.483478"><ele>0.000000</ele><time>2026-07-21T16:38:04.004Z</time></trkpt><trkpt lat="59.168268" lon="11.483450"><ele>0.000000</ele><time>2026-07-21T16:38:05.005Z</time></trkpt><trkpt lat="59.168268" lon="11.483422"><ele>0.000000</ele><time>2026-07-21T16:38:06.006Z</time></trkpt><trkpt lat="59.168265" lon="11.483393"><ele>0.000000</ele><time>2026-07-21T16:38:07.007Z</time></trkpt><trkpt lat="59.168261" lon="11.483366"><ele>0.000000</ele><time>2026-07-21T16:38:08.008Z</time></trkpt><trkpt lat="59.168257" lon="11.483340"><ele>0.000000</ele><time>2026-07-21T16:38:09.009Z</time></trkpt><trkpt lat="59.168251" lon="11.483311"><ele>0.000000</ele><time>2026-07-21T16:38:10.010Z</time></trkpt><trkpt lat="59.168243" lon="11.483282"><ele>0.000000</ele><time>2026-07-21T16:38:11.011Z</time></trkpt><trkpt lat="59.168236" lon="11.483254"><ele>0.000000</ele><time>2026-07-21T16:38:12.012Z</time></trkpt><trkpt lat="59.168223" lon="11.483202"><ele>0.000000</ele><time>2026-07-21T16:38:14.014Z</time></trkpt><trkpt lat="59.168214" lon="11.483174"><ele>0.000000</ele><time>2026-07-21T16:38:15.015Z</time></trkpt><trkpt lat="59.168204" lon="11.483145"><ele>0.000000</ele><time>2026-07-21T16:38:16.016Z</time></trkpt><trkpt lat="59.168195" lon="11.483117"><ele>0.000000</ele><time>2026-07-21T16:38:17.017Z</time></trkpt><trkpt lat="59.168186" lon="11.483089"><ele>0.000000</ele><time>2026-07-21T16:38:18.018Z</time></trkpt><trkpt lat="59.168179" lon="11.483060"><ele>0.000000</ele><time>2026-07-21T16:38:19.019Z</time></trkpt><trkpt lat="59.168172" lon="11.483034"><ele>0.000000</ele><time>2026-07-21T16:38:20.020Z</time></trkpt><trkpt lat="59.168166" lon="11.483005"><ele>0.000000</ele><time>2026-07-21T16:38:21.021Z</time></trkpt><trkpt lat="59.168161" lon="11.482978"><ele>0.000000</ele><time>2026-07-21T16:38:22.022Z</time></trkpt><trkpt lat="59.168155" lon="11.482948"><ele>0.000000</ele><time>2026-07-21T16:38:23.023Z</time></trkpt><trkpt lat="59.168149" lon="11.482921"><ele>0.000000</ele><time>2026-07-21T16:38:24.024Z</time></trkpt><trkpt lat="59.168143" lon="11.482895"><ele>0.000000</ele><time>2026-07-21T16:38:25.025Z</time></trkpt><trkpt lat="59.168136" lon="11.482868"><ele>0.000000</ele><time>2026-07-21T16:38:26.026Z</time></trkpt><trkpt lat="59.168128" lon="11.482842"><ele>0.000000</ele><time>2026-07-21T16:38:27.027Z</time></trkpt><trkpt lat="59.168122" lon="11.482814"><ele>0.000000</ele><time>2026-07-21T16:38:28.028Z</time></trkpt><trkpt lat="59.168116" lon="11.482788"><ele>0.000000</ele><time>2026-07-21T16:38:29.029Z</time></trkpt><trkpt lat="59.168110" lon="11.482759"><ele>0.000000</ele><time>2026-07-21T16:38:30.030Z</time></trkpt><trkpt lat="59.168105" lon="11.482731"><ele>0.000000</ele><time>2026-07-21T16:38:31.031Z</time></trkpt><trkpt lat="59.168097" lon="11.482703"><ele>0.000000</ele><time>2026-07-21T16:38:32.032Z</time></trkpt><trkpt lat="59.168085" lon="11.482653"><ele>0.000000</ele><time>2026-07-21T16:38:34.034Z</time></trkpt><trkpt lat="59.168078" lon="11.482628"><ele>0.000000</ele><time>2026-07-21T16:38:35.035Z</time></trkpt><trkpt lat="59.168069" lon="11.482605"><ele>0.000000</ele><time>2026-07-21T16:38:36.036Z</time></trkpt><trkpt lat="59.168059" lon="11.482580"><ele>0.000000</ele><time>2026-07-21T16:38:37.037Z</time></trkpt><trkpt lat="59.168050" lon="11.482556"><ele>0.000000</ele><time>2026-07-21T16:38:38.038Z</time></trkpt><trkpt lat="59.168042" lon="11.482532"><ele>0.000000</ele><time>2026-07-21T16:38:39.039Z</time></trkpt><trkpt lat="59.168028" lon="11.482489"><ele>0.000000</ele><time>2026-07-21T16:38:41.041Z</time></trkpt><trkpt lat="59.168020" lon="11.482469"><ele>0.000000</ele><time>2026-07-21T16:38:42.042Z</time></trkpt><trkpt lat="59.168013" lon="11.482448"><ele>0.000000</ele><time>2026-07-21T16:38:43.043Z</time></trkpt><trkpt lat="59.168005" lon="11.482426"><ele>0.000000</ele><time>2026-07-21T16:38:44.044Z</time></trkpt><trkpt lat="59.167997" lon="11.482406"><ele>0.000000</ele><time>2026-07-21T16:38:45.045Z</time></trkpt><trkpt lat="59.167987" lon="11.482388"><ele>0.000000</ele><time>2026-07-21T16:38:46.046Z</time></trkpt><trkpt lat="59.167976" lon="11.482370"><ele>0.000000</ele><time>2026-07-21T16:38:47.047Z</time></trkpt><trkpt lat="59.167965" lon="11.482352"><ele>0.000000</ele><time>2026-07-21T16:38:48.048Z</time></trkpt><trkpt lat="59.167954" lon="11.482334"><ele>0.000000</ele><time>2026-07-21T16:38:49.049Z</time></trkpt><trkpt lat="59.167943" lon="11.482314"><ele>0.000000</ele><time>2026-07-21T16:38:50.050Z</time></trkpt><trkpt lat="59.167930" lon="11.482295"><ele>0.000000</ele><time>2026-07-21T16:38:51.051Z</time></trkpt><trkpt lat="59.167917" lon="11.482277"><ele>0.000000</ele><time>2026-07-21T16:38:52.052Z</time></trkpt><trkpt lat="59.167904" lon="11.482263"><ele>0.000000</ele><time>2026-07-21T16:38:53.053Z</time></trkpt><trkpt lat="59.167891" lon="11.482247"><ele>0.000000</ele><time>2026-07-21T16:38:54.054Z</time></trkpt><trkpt lat="59.167876" lon="11.482230"><ele>0.000000</ele><time>2026-07-21T16:38:55.055Z</time></trkpt><trkpt lat="59.167862" lon="11.482212"><ele>0.000000</ele><time>2026-07-21T16:38:56.056Z</time></trkpt><trkpt lat="59.167847" lon="11.482192"><ele>0.000000</ele><time>2026-07-21T16:38:57.057Z</time></trkpt><trkpt lat="59.167832" lon="11.482175"><ele>0.000000</ele><time>2026-07-21T16:38:58.058Z</time></trkpt><trkpt lat="59.167816" lon="11.482157"><ele>0.000000</ele><time>2026-07-21T16:38:59.059Z</time></trkpt><trkpt lat="59.167786" lon="11.482127"><ele>0.000000</ele><time>2026-07-21T16:39:01.001Z</time></trkpt><trkpt lat="59.167770" lon="11.482122"><ele>0.000000</ele><time>2026-07-21T16:39:02.002Z</time></trkpt><trkpt lat="59.167753" lon="11.482115"><ele>0.000000</ele><time>2026-07-21T16:39:03.003Z</time></trkpt><trkpt lat="59.167737" lon="11.482108"><ele>0.000000</ele><time>2026-07-21T16:39:04.004Z</time></trkpt><trkpt lat="59.167722" lon="11.482106"><ele>0.000000</ele><time>2026-07-21T16:39:05.005Z</time></trkpt><trkpt lat="59.167708" lon="11.482105"><ele>0.000000</ele><time>2026-07-21T16:39:06.006Z</time></trkpt><trkpt lat="59.167694" lon="11.482107"><ele>0.000000</ele><time>2026-07-21T16:39:07.007Z</time></trkpt><trkpt lat="59.167678" lon="11.482109"><ele>0.000000</ele><time>2026-07-21T16:39:08.008Z</time></trkpt><trkpt lat="59.167664" lon="11.482113"><ele>0.000000</ele><time>2026-07-21T16:39:09.009Z</time></trkpt><trkpt lat="59.167649" lon="11.482119"><ele>0.000000</ele><time>2026-07-21T16:39:10.010Z</time></trkpt><trkpt lat="59.167620" lon="11.482126"><ele>0.000000</ele><time>2026-07-21T16:39:12.012Z</time></trkpt><trkpt lat="59.167605" lon="11.482139"><ele>0.000000</ele><time>2026-07-21T16:39:13.013Z</time></trkpt><trkpt lat="59.167591" lon="11.482147"><ele>0.000000</ele><time>2026-07-21T16:39:14.014Z</time></trkpt><trkpt lat="59.167576" lon="11.482159"><ele>0.000000</ele><time>2026-07-21T16:39:15.015Z</time></trkpt><trkpt lat="59.167561" lon="11.482171"><ele>0.000000</ele><time>2026-07-21T16:39:16.016Z</time></trkpt><trkpt lat="59.167544" lon="11.482181"><ele>0.000000</ele><time>2026-07-21T16:39:17.017Z</time></trkpt><trkpt lat="59.167527" lon="11.482193"><ele>0.000000</ele><time>2026-07-21T16:39:18.018Z</time></trkpt><trkpt lat="59.167497" lon="11.482212"><ele>0.000000</ele><time>2026-07-21T16:39:20.020Z</time></trkpt><trkpt lat="59.167481" lon="11.482222"><ele>0.000000</ele><time>2026-07-21T16:39:21.021Z</time></trkpt><trkpt lat="59.167463" lon="11.482233"><ele>0.000000</ele><time>2026-07-21T16:39:22.022Z</time></trkpt><trkpt lat="59.167446" lon="11.482247"><ele>0.000000</ele><time>2026-07-21T16:39:23.023Z</time></trkpt><trkpt lat="59.167430" lon="11.482262"><ele>0.000000</ele><time>2026-07-21T16:39:24.024Z</time></trkpt><trkpt lat="59.167411" lon="11.482275"><ele>0.000000</ele><time>2026-07-21T16:39:25.025Z</time></trkpt><trkpt lat="59.167394" lon="11.482286"><ele>0.000000</ele><time>2026-07-21T16:39:26.026Z</time></trkpt><trkpt lat="59.167377" lon="11.482296"><ele>0.000000</ele><time>2026-07-21T16:39:27.027Z</time></trkpt><trkpt lat="59.167359" lon="11.482306"><ele>0.000000</ele><time>2026-07-21T16:39:28.028Z</time></trkpt><trkpt lat="59.167342" lon="11.482315"><ele>0.000000</ele><time>2026-07-21T16:39:29.029Z</time></trkpt><trkpt lat="59.167324" lon="11.482325"><ele>0.000000</ele><time>2026-07-21T16:39:30.030Z</time></trkpt><trkpt lat="59.167307" lon="11.482333"><ele>0.000000</ele><time>2026-07-21T16:39:31.031Z</time></trkpt><trkpt lat="59.167290" lon="11.482341"><ele>0.000000</ele><time>2026-07-21T16:39:32.032Z</time></trkpt><trkpt lat="59.167273" lon="11.482352"><ele>0.000000</ele><time>2026-07-21T16:39:33.033Z</time></trkpt><trkpt lat="59.167258" lon="11.482361"><ele>0.000000</ele><time>2026-07-21T16:39:34.034Z</time></trkpt><trkpt lat="59.167241" lon="11.482373"><ele>0.000000</ele><time>2026-07-21T16:39:35.035Z</time></trkpt><trkpt lat="59.167210" lon="11.482392"><ele>0.000000</ele><time>2026-07-21T16:39:37.037Z</time></trkpt><trkpt lat="59.167193" lon="11.482403"><ele>0.000000</ele><time>2026-07-21T16:39:38.038Z</time></trkpt><trkpt lat="59.167178" lon="11.482413"><ele>0.000000</ele><time>2026-07-21T16:39:39.039Z</time></trkpt><trkpt lat="59.167162" lon="11.482426"><ele>0.000000</ele><time>2026-07-21T16:39:40.040Z</time></trkpt><trkpt lat="59.167132" lon="11.482446"><ele>0.000000</ele><time>2026-07-21T16:39:42.042Z</time></trkpt><trkpt lat="59.167117" lon="11.482456"><ele>0.000000</ele><time>2026-07-21T16:39:43.043Z</time></trkpt><trkpt lat="59.167101" lon="11.482466"><ele>0.000000</ele><time>2026-07-21T16:39:44.044Z</time></trkpt><trkpt lat="59.167085" lon="11.482479"><ele>0.000000</ele><time>2026-07-21T16:39:45.045Z</time></trkpt><trkpt lat="59.167069" lon="11.482488"><ele>0.000000</ele><time>2026-07-21T16:39:46.046Z</time></trkpt><trkpt lat="59.167054" lon="11.482494"><ele>0.000000</ele><time>2026-07-21T16:39:47.047Z</time></trkpt><trkpt lat="59.167038" lon="11.482502"><ele>0.000000</ele><time>2026-07-21T16:39:48.048Z</time></trkpt><trkpt lat="59.167024" lon="11.482508"><ele>0.000000</ele><time>2026-07-21T16:39:49.049Z</time></trkpt><trkpt lat="59.167007" lon="11.482518"><ele>0.000000</ele><time>2026-07-21T16:39:50.050Z</time></trkpt><trkpt lat="59.166978" lon="11.482539"><ele>0.000000</ele><time>2026-07-21T16:39:52.052Z</time></trkpt><trkpt lat="59.166963" lon="11.482555"><ele>0.000000</ele><time>2026-07-21T16:39:53.053Z</time></trkpt><trkpt lat="59.166948" lon="11.482569"><ele>0.000000</ele><time>2026-07-21T16:39:54.054Z</time></trkpt><trkpt lat="59.166931" lon="11.482582"><ele>0.000000</ele><time>2026-07-21T16:39:55.055Z</time></trkpt><trkpt lat="59.166904" lon="11.482604"><ele>0.000000</ele><time>2026-07-21T16:39:57.057Z</time></trkpt><trkpt lat="59.166891" lon="11.482615"><ele>0.000000</ele><time>2026-07-21T16:39:58.058Z</time></trkpt><trkpt lat="59.166878" lon="11.482627"><ele>0.000000</ele><time>2026-07-21T16:39:59.059Z</time></trkpt><trkpt lat="59.166864" lon="11.482640"><ele>0.000000</ele><time>2026-07-21T16:40:00.000Z</time></trkpt><trkpt lat="59.166835" lon="11.482661"><ele>0.000000</ele><time>2026-07-21T16:40:02.002Z</time></trkpt><trkpt lat="59.166820" lon="11.482668"><ele>0.000000</ele><time>2026-07-21T16:40:03.003Z</time></trkpt><trkpt lat="59.166806" lon="11.482674"><ele>0.000000</ele><time>2026-07-21T16:40:04.004Z</time></trkpt><trkpt lat="59.166793" lon="11.482683"><ele>0.000000</ele><time>2026-07-21T16:40:05.005Z</time></trkpt><trkpt lat="59.166779" lon="11.482690"><ele>0.000000</ele><time>2026-07-21T16:40:06.006Z</time></trkpt><trkpt lat="59.166766" lon="11.482697"><ele>0.000000</ele><time>2026-07-21T16:40:07.007Z</time></trkpt><trkpt lat="59.166753" lon="11.482707"><ele>0.000000</ele><time>2026-07-21T16:40:08.008Z</time></trkpt><trkpt lat="59.166739" lon="11.482717"><ele>0.000000</ele><time>2026-07-21T16:40:09.009Z</time></trkpt><trkpt lat="59.166727" lon="11.482728"><ele>0.000000</ele><time>2026-07-21T16:40:10.010Z</time></trkpt><trkpt lat="59.166712" lon="11.482739"><ele>0.000000</ele><time>2026-07-21T16:40:11.011Z</time></trkpt><trkpt lat="59.166684" lon="11.482762"><ele>0.000000</ele><time>2026-07-21T16:40:13.013Z</time></trkpt><trkpt lat="59.166666" lon="11.482777"><ele>0.000000</ele><time>2026-07-21T16:40:14.014Z</time></trkpt><trkpt lat="59.166652" lon="11.482784"><ele>0.000000</ele><time>2026-07-21T16:40:15.015Z</time></trkpt><trkpt lat="59.166626" lon="11.482795"><ele>0.000000</ele><time>2026-07-21T16:40:17.017Z</time></trkpt><trkpt lat="59.166601" lon="11.482799"><ele>0.000000</ele><time>2026-07-21T16:40:19.019Z</time></trkpt><trkpt lat="59.166590" lon="11.482795"><ele>0.000000</ele><time>2026-07-21T16:40:20.020Z</time></trkpt><trkpt lat="59.166577" lon="11.482798"><ele>0.000000</ele><time>2026-07-21T16:40:21.021Z</time></trkpt><trkpt lat="59.166565" lon="11.482802"><ele>0.000000</ele><time>2026-07-21T16:40:22.022Z</time></trkpt><trkpt lat="59.166553" lon="11.482804"><ele>0.000000</ele><time>2026-07-21T16:40:23.023Z</time></trkpt><trkpt lat="59.166542" lon="11.482808"><ele>0.000000</ele><time>2026-07-21T16:40:24.024Z</time></trkpt><trkpt lat="59.166522" lon="11.482816"><ele>0.000000</ele><time>2026-07-21T16:40:26.026Z</time></trkpt><trkpt lat="59.166506" lon="11.482824"><ele>0.000000</ele><time>2026-07-21T16:40:28.028Z</time></trkpt><trkpt lat="59.166494" lon="11.482835"><ele>0.000000</ele><time>2026-07-21T16:40:30.030Z</time></trkpt><trkpt lat="59.166489" lon="11.482841"><ele>0.000000</ele><time>2026-07-21T16:40:31.031Z</time></trkpt><trkpt lat="59.166479" lon="11.482852"><ele>0.000000</ele><time>2026-07-21T16:40:33.033Z</time></trkpt><trkpt lat="59.166465" lon="11.482871"><ele>0.000000</ele><time>2026-07-21T16:40:36.036Z</time></trkpt><trkpt lat="59.166459" lon="11.482886"><ele>0.000000</ele><time>2026-07-21T16:40:38.038Z</time></trkpt><trkpt lat="59.166454" lon="11.482895"><ele>0.000000</ele><time>2026-07-21T16:40:39.039Z</time></trkpt><trkpt lat="59.166440" lon="11.482908"><ele>0.000000</ele><time>2026-07-21T16:40:41.041Z</time></trkpt><trkpt lat="59.166423" lon="11.482920"><ele>0.000000</ele><time>2026-07-21T16:40:43.043Z</time></trkpt><trkpt lat="59.166411" lon="11.482924"><ele>0.000000</ele><time>2026-07-21T16:40:44.044Z</time></trkpt><trkpt lat="59.166397" lon="11.482929"><ele>0.000000</ele><time>2026-07-21T16:40:45.045Z</time></trkpt><trkpt lat="59.166385" lon="11.482935"><ele>0.000000</ele><time>2026-07-21T16:40:46.046Z</time></trkpt><trkpt lat="59.166370" lon="11.482942"><ele>0.000000</ele><time>2026-07-21T16:40:47.047Z</time></trkpt><trkpt lat="59.166356" lon="11.482953"><ele>0.000000</ele><time>2026-07-21T16:40:48.048Z</time></trkpt><trkpt lat="59.166342" lon="11.482964"><ele>0.000000</ele><time>2026-07-21T16:40:49.049Z</time></trkpt><trkpt lat="59.166327" lon="11.482977"><ele>0.000000</ele><time>2026-07-21T16:40:50.050Z</time></trkpt><trkpt lat="59.166312" lon="11.482991"><ele>0.000000</ele><time>2026-07-21T16:40:51.051Z</time></trkpt><trkpt lat="59.166297" lon="11.483006"><ele>0.000000</ele><time>2026-07-21T16:40:52.052Z</time></trkpt><trkpt lat="59.166282" lon="11.483016"><ele>0.000000</ele><time>2026-07-21T16:40:53.053Z</time></trkpt><trkpt lat="59.166265" lon="11.483027"><ele>0.000000</ele><time>2026-07-21T16:40:54.054Z</time></trkpt><trkpt lat="59.166234" lon="11.483046"><ele>0.000000</ele><time>2026-07-21T16:40:56.056Z</time></trkpt><trkpt lat="59.166217" lon="11.483056"><ele>0.000000</ele><time>2026-07-21T16:40:57.057Z</time></trkpt><trkpt lat="59.166203" lon="11.483065"><ele>0.000000</ele><time>2026-07-21T16:40:58.058Z</time></trkpt><trkpt lat="59.166187" lon="11.483076"><ele>0.000000</ele><time>2026-07-21T16:40:59.059Z</time></trkpt><trkpt lat="59.166157" lon="11.483097"><ele>0.000000</ele><time>2026-07-21T16:41:01.001Z</time></trkpt><trkpt lat="59.166125" lon="11.483117"><ele>0.000000</ele><time>2026-07-21T16:41:03.003Z</time></trkpt><trkpt lat="59.166091" lon="11.483137"><ele>0.000000</ele><time>2026-07-21T16:41:05.005Z</time></trkpt><trkpt lat="59.166061" lon="11.483156"><ele>0.000000</ele><time>2026-07-21T16:41:07.007Z</time></trkpt><trkpt lat="59.166046" lon="11.483167"><ele>0.000000</ele><time>2026-07-21T16:41:08.008Z</time></trkpt><trkpt lat="59.166032" lon="11.483178"><ele>0.000000</ele><time>2026-07-21T16:41:09.009Z</time></trkpt><trkpt lat="59.166016" lon="11.483189"><ele>0.000000</ele><time>2026-07-21T16:41:10.010Z</time></trkpt><trkpt lat="59.165985" lon="11.483207"><ele>0.000000</ele><time>2026-07-21T16:41:12.012Z</time></trkpt><trkpt lat="59.165955" lon="11.483223"><ele>0.000000</ele><time>2026-07-21T16:41:14.014Z</time></trkpt><trkpt lat="59.165941" lon="11.483230"><ele>0.000000</ele><time>2026-07-21T16:41:15.015Z</time></trkpt><trkpt lat="59.165927" lon="11.483237"><ele>0.000000</ele><time>2026-07-21T16:41:16.016Z</time></trkpt><trkpt lat="59.165914" lon="11.483246"><ele>0.000000</ele><time>2026-07-21T16:41:17.017Z</time></trkpt><trkpt lat="59.165901" lon="11.483254"><ele>0.000000</ele><time>2026-07-21T16:41:18.018Z</time></trkpt><trkpt lat="59.165886" lon="11.483266"><ele>0.000000</ele><time>2026-07-21T16:41:19.019Z</time></trkpt><trkpt lat="59.165855" lon="11.483290"><ele>0.000000</ele><time>2026-07-21T16:41:21.021Z</time></trkpt><trkpt lat="59.165825" lon="11.483315"><ele>0.000000</ele><time>2026-07-21T16:41:23.023Z</time></trkpt><trkpt lat="59.165811" lon="11.483328"><ele>0.000000</ele><time>2026-07-21T16:41:24.024Z</time></trkpt><trkpt lat="59.165798" lon="11.483341"><ele>0.000000</ele><time>2026-07-21T16:41:25.025Z</time></trkpt><trkpt lat="59.165782" lon="11.483356"><ele>0.000000</ele><time>2026-07-21T16:41:26.026Z</time></trkpt><trkpt lat="59.165767" lon="11.483366"><ele>0.000000</ele><time>2026-07-21T16:41:27.027Z</time></trkpt><trkpt lat="59.165749" lon="11.483378"><ele>0.000000</ele><time>2026-07-21T16:41:28.028Z</time></trkpt><trkpt lat="59.165719" lon="11.483399"><ele>0.000000</ele><time>2026-07-21T16:41:30.030Z</time></trkpt><trkpt lat="59.165702" lon="11.483411"><ele>0.000000</ele><time>2026-07-21T16:41:31.031Z</time></trkpt><trkpt lat="59.165686" lon="11.483424"><ele>0.000000</ele><time>2026-07-21T16:41:32.032Z</time></trkpt><trkpt lat="59.165668" lon="11.483439"><ele>0.000000</ele><time>2026-07-21T16:41:33.033Z</time></trkpt><trkpt lat="59.165635" lon="11.483462"><ele>0.000000</ele><time>2026-07-21T16:41:35.035Z</time></trkpt><trkpt lat="59.165618" lon="11.483473"><ele>0.000000</ele><time>2026-07-21T16:41:36.036Z</time></trkpt><trkpt lat="59.165602" lon="11.483482"><ele>0.000000</ele><time>2026-07-21T16:41:37.037Z</time></trkpt><trkpt lat="59.165584" lon="11.483495"><ele>0.000000</ele><time>2026-07-21T16:41:38.038Z</time></trkpt><trkpt lat="59.165550" lon="11.483516"><ele>0.000000</ele><time>2026-07-21T16:41:40.040Z</time></trkpt><trkpt lat="59.165534" lon="11.483525"><ele>0.000000</ele><time>2026-07-21T16:41:41.041Z</time></trkpt><trkpt lat="59.165518" lon="11.483535"><ele>0.000000</ele><time>2026-07-21T16:41:42.042Z</time></trkpt><trkpt lat="59.165500" lon="11.483548"><ele>0.000000</ele><time>2026-07-21T16:41:43.043Z</time></trkpt><trkpt lat="59.165467" lon="11.483568"><ele>0.000000</ele><time>2026-07-21T16:41:45.045Z</time></trkpt><trkpt lat="59.165450" lon="11.483580"><ele>0.000000</ele><time>2026-07-21T16:41:46.046Z</time></trkpt><trkpt lat="59.165435" lon="11.483590"><ele>0.000000</ele><time>2026-07-21T16:41:47.047Z</time></trkpt><trkpt lat="59.165417" lon="11.483603"><ele>0.000000</ele><time>2026-07-21T16:41:48.048Z</time></trkpt><trkpt lat="59.165385" lon="11.483623"><ele>0.000000</ele><time>2026-07-21T16:41:50.050Z</time></trkpt><trkpt lat="59.165369" lon="11.483635"><ele>0.000000</ele><time>2026-07-21T16:41:51.051Z</time></trkpt><trkpt lat="59.165354" lon="11.483646"><ele>0.000000</ele><time>2026-07-21T16:41:52.052Z</time></trkpt><trkpt lat="59.165337" lon="11.483659"><ele>0.000000</ele><time>2026-07-21T16:41:53.053Z</time></trkpt><trkpt lat="59.165308" lon="11.483681"><ele>0.000000</ele><time>2026-07-21T16:41:55.055Z</time></trkpt><trkpt lat="59.165293" lon="11.483692"><ele>0.000000</ele><time>2026-07-21T16:41:56.056Z</time></trkpt><trkpt lat="59.165278" lon="11.483699"><ele>0.000000</ele><time>2026-07-21T16:41:57.057Z</time></trkpt><trkpt lat="59.165261" lon="11.483709"><ele>0.000000</ele><time>2026-07-21T16:41:58.058Z</time></trkpt><trkpt lat="59.165246" lon="11.483717"><ele>0.000000</ele><time>2026-07-21T16:41:59.059Z</time></trkpt><trkpt lat="59.165228" lon="11.483729"><ele>0.000000</ele><time>2026-07-21T16:42:00.000Z</time></trkpt><trkpt lat="59.165196" lon="11.483744"><ele>0.000000</ele><time>2026-07-21T16:42:02.002Z</time></trkpt><trkpt lat="59.165180" lon="11.483751"><ele>0.000000</ele><time>2026-07-21T16:42:03.003Z</time></trkpt><trkpt lat="59.165148" lon="11.483769"><ele>0.000000</ele><time>2026-07-21T16:42:05.005Z</time></trkpt><trkpt lat="59.165117" lon="11.483789"><ele>0.000000</ele><time>2026-07-21T16:42:07.007Z</time></trkpt><trkpt lat="59.165103" lon="11.483795"><ele>0.000000</ele><time>2026-07-21T16:42:08.008Z</time></trkpt><trkpt lat="59.165088" lon="11.483800"><ele>0.000000</ele><time>2026-07-21T16:42:09.009Z</time></trkpt><trkpt lat="59.165072" lon="11.483807"><ele>0.000000</ele><time>2026-07-21T16:42:10.010Z</time></trkpt><trkpt lat="59.165059" lon="11.483814"><ele>0.000000</ele><time>2026-07-21T16:42:11.011Z</time></trkpt><trkpt lat="59.165043" lon="11.483826"><ele>0.000000</ele><time>2026-07-21T16:42:12.012Z</time></trkpt><trkpt lat="59.165028" lon="11.483831"><ele>0.000000</ele><time>2026-07-21T16:42:13.013Z</time></trkpt><trkpt lat="59.165013" lon="11.483836"><ele>0.000000</ele><time>2026-07-21T16:42:14.014Z</time></trkpt><trkpt lat="59.164999" lon="11.483845"><ele>0.000000</ele><time>2026-07-21T16:42:15.015Z</time></trkpt><trkpt lat="59.164984" lon="11.483851"><ele>0.000000</ele><time>2026-07-21T16:42:16.016Z</time></trkpt><trkpt lat="59.164968" lon="11.483858"><ele>0.000000</ele><time>2026-07-21T16:42:17.017Z</time></trkpt><trkpt lat="59.164953" lon="11.483864"><ele>0.000000</ele><time>2026-07-21T16:42:18.018Z</time></trkpt><trkpt lat="59.164936" lon="11.483870"><ele>0.000000</ele><time>2026-07-21T16:42:19.019Z</time></trkpt><trkpt lat="59.164905" lon="11.483879"><ele>0.000000</ele><time>2026-07-21T16:42:21.021Z</time></trkpt><trkpt lat="59.164887" lon="11.483884"><ele>0.000000</ele><time>2026-07-21T16:42:22.022Z</time></trkpt><trkpt lat="59.164871" lon="11.483886"><ele>0.000000</ele><time>2026-07-21T16:42:23.023Z</time></trkpt><trkpt lat="59.164854" lon="11.483891"><ele>0.000000</ele><time>2026-07-21T16:42:24.024Z</time></trkpt><trkpt lat="59.164822" lon="11.483900"><ele>0.000000</ele><time>2026-07-21T16:42:26.026Z</time></trkpt><trkpt lat="59.164806" lon="11.483902"><ele>0.000000</ele><time>2026-07-21T16:42:27.027Z</time></trkpt><trkpt lat="59.164791" lon="11.483903"><ele>0.000000</ele><time>2026-07-21T16:42:28.028Z</time></trkpt><trkpt lat="59.164774" lon="11.483906"><ele>0.000000</ele><time>2026-07-21T16:42:29.029Z</time></trkpt><trkpt lat="59.164759" lon="11.483909"><ele>0.000000</ele><time>2026-07-21T16:42:30.030Z</time></trkpt><trkpt lat="59.164743" lon="11.483912"><ele>0.000000</ele><time>2026-07-21T16:42:31.031Z</time></trkpt><trkpt lat="59.164727" lon="11.483917"><ele>0.000000</ele><time>2026-07-21T16:42:32.032Z</time></trkpt><trkpt lat="59.164711" lon="11.483923"><ele>0.000000</ele><time>2026-07-21T16:42:33.033Z</time></trkpt><trkpt lat="59.164694" lon="11.483930"><ele>0.000000</ele><time>2026-07-21T16:42:34.034Z</time></trkpt><trkpt lat="59.164678" lon="11.483932"><ele>0.000000</ele><time>2026-07-21T16:42:35.035Z</time></trkpt><trkpt lat="59.164663" lon="11.483934"><ele>0.000000</ele><time>2026-07-21T16:42:36.036Z</time></trkpt><trkpt lat="59.164648" lon="11.483936"><ele>0.000000</ele><time>2026-07-21T16:42:37.037Z</time></trkpt><trkpt lat="59.164634" lon="11.483936"><ele>0.000000</ele><time>2026-07-21T16:42:38.038Z</time></trkpt><trkpt lat="59.164617" lon="11.483936"><ele>0.000000</ele><time>2026-07-21T16:42:39.039Z</time></trkpt><trkpt lat="59.164602" lon="11.483937"><ele>0.000000</ele><time>2026-07-21T16:42:40.040Z</time></trkpt><trkpt lat="59.164587" lon="11.483939"><ele>0.000000</ele><time>2026-07-21T16:42:41.041Z</time></trkpt><trkpt lat="59.164571" lon="11.483944"><ele>0.000000</ele><time>2026-07-21T16:42:42.042Z</time></trkpt><trkpt lat="59.164540" lon="11.483945"><ele>0.000000</ele><time>2026-07-21T16:42:44.044Z</time></trkpt><trkpt lat="59.164526" lon="11.483945"><ele>0.000000</ele><time>2026-07-21T16:42:45.045Z</time></trkpt><trkpt lat="59.164512" lon="11.483945"><ele>0.000000</ele><time>2026-07-21T16:42:46.046Z</time></trkpt><trkpt lat="59.164497" lon="11.483946"><ele>0.000000</ele><time>2026-07-21T16:42:47.047Z</time></trkpt><trkpt lat="59.164483" lon="11.483945"><ele>0.000000</ele><time>2026-07-21T16:42:48.048Z</time></trkpt><trkpt lat="59.164471" lon="11.483942"><ele>0.000000</ele><time>2026-07-21T16:42:49.049Z</time></trkpt><trkpt lat="59.164457" lon="11.483939"><ele>0.000000</ele><time>2026-07-21T16:42:50.050Z</time></trkpt><trkpt lat="59.164441" lon="11.483936"><ele>0.000000</ele><time>2026-07-21T16:42:51.051Z</time></trkpt><trkpt lat="59.164425" lon="11.483931"><ele>0.000000</ele><time>2026-07-21T16:42:52.052Z</time></trkpt><trkpt lat="59.164410" lon="11.483928"><ele>0.000000</ele><time>2026-07-21T16:42:53.053Z</time></trkpt><trkpt lat="59.164394" lon="11.483924"><ele>0.000000</ele><time>2026-07-21T16:42:54.054Z</time></trkpt><trkpt lat="59.164378" lon="11.483922"><ele>0.000000</ele><time>2026-07-21T16:42:55.055Z</time></trkpt><trkpt lat="59.164362" lon="11.483917"><ele>0.000000</ele><time>2026-07-21T16:42:56.056Z</time></trkpt><trkpt lat="59.164347" lon="11.483913"><ele>0.000000</ele><time>2026-07-21T16:42:57.057Z</time></trkpt><trkpt lat="59.164331" lon="11.483911"><ele>0.000000</ele><time>2026-07-21T16:42:58.058Z</time></trkpt><trkpt lat="59.164316" lon="11.483908"><ele>0.000000</ele><time>2026-07-21T16:42:59.059Z</time></trkpt><trkpt lat="59.164301" lon="11.483905"><ele>0.000000</ele><time>2026-07-21T16:43:00.000Z</time></trkpt><trkpt lat="59.164287" lon="11.483901"><ele>0.000000</ele><time>2026-07-21T16:43:01.001Z</time></trkpt><trkpt lat="59.164274" lon="11.483901"><ele>0.000000</ele><time>2026-07-21T16:43:02.002Z</time></trkpt><trkpt lat="59.164260" lon="11.483900"><ele>0.000000</ele><time>2026-07-21T16:43:03.003Z</time></trkpt><trkpt lat="59.164246" lon="11.483899"><ele>0.000000</ele><time>2026-07-21T16:43:04.004Z</time></trkpt><trkpt lat="59.164232" lon="11.483899"><ele>0.000000</ele><time>2026-07-21T16:43:05.005Z</time></trkpt><trkpt lat="59.164219" lon="11.483899"><ele>0.000000</ele><time>2026-07-21T16:43:06.006Z</time></trkpt><trkpt lat="59.164205" lon="11.483899"><ele>0.000000</ele><time>2026-07-21T16:43:07.007Z</time></trkpt><trkpt lat="59.164179" lon="11.483897"><ele>0.000000</ele><time>2026-07-21T16:43:09.009Z</time></trkpt><trkpt lat="59.164166" lon="11.483898"><ele>0.000000</ele><time>2026-07-21T16:43:10.010Z</time></trkpt><trkpt lat="59.164154" lon="11.483896"><ele>0.000000</ele><time>2026-07-21T16:43:11.011Z</time></trkpt><trkpt lat="59.164142" lon="11.483896"><ele>0.000000</ele><time>2026-07-21T16:43:12.012Z</time></trkpt><trkpt lat="59.164131" lon="11.483895"><ele>0.000000</ele><time>2026-07-21T16:43:13.013Z</time></trkpt><trkpt lat="59.164118" lon="11.483893"><ele>0.000000</ele><time>2026-07-21T16:43:14.014Z</time></trkpt><trkpt lat="59.164104" lon="11.483891"><ele>0.000000</ele><time>2026-07-21T16:43:15.015Z</time></trkpt><trkpt lat="59.164091" lon="11.483892"><ele>0.000000</ele><time>2026-07-21T16:43:16.016Z</time></trkpt><trkpt lat="59.164065" lon="11.483892"><ele>0.000000</ele><time>2026-07-21T16:43:18.018Z</time></trkpt><trkpt lat="59.164052" lon="11.483893"><ele>0.000000</ele><time>2026-07-21T16:43:19.019Z</time></trkpt><trkpt lat="59.164039" lon="11.483892"><ele>0.000000</ele><time>2026-07-21T16:43:20.020Z</time></trkpt><trkpt lat="59.164025" lon="11.483893"><ele>0.000000</ele><time>2026-07-21T16:43:21.021Z</time></trkpt><trkpt lat="59.164012" lon="11.483894"><ele>0.000000</ele><time>2026-07-21T16:43:22.022Z</time></trkpt><trkpt lat="59.163998" lon="11.483895"><ele>0.000000</ele><time>2026-07-21T16:43:23.023Z</time></trkpt><trkpt lat="59.163971" lon="11.483899"><ele>0.000000</ele><time>2026-07-21T16:43:25.025Z</time></trkpt><trkpt lat="59.163956" lon="11.483899"><ele>0.000000</ele><time>2026-07-21T16:43:26.026Z</time></trkpt><trkpt lat="59.163940" lon="11.483899"><ele>0.000000</ele><time>2026-07-21T16:43:27.027Z</time></trkpt><trkpt lat="59.163924" lon="11.483899"><ele>0.000000</ele><time>2026-07-21T16:43:28.028Z</time></trkpt><trkpt lat="59.163909" lon="11.483902"><ele>0.000000</ele><time>2026-07-21T16:43:29.029Z</time></trkpt><trkpt lat="59.163895" lon="11.483905"><ele>0.000000</ele><time>2026-07-21T16:43:30.030Z</time></trkpt><trkpt lat="59.163879" lon="11.483908"><ele>0.000000</ele><time>2026-07-21T16:43:31.031Z</time></trkpt><trkpt lat="59.163864" lon="11.483909"><ele>0.000000</ele><time>2026-07-21T16:43:32.032Z</time></trkpt><trkpt lat="59.163849" lon="11.483911"><ele>0.000000</ele><time>2026-07-21T16:43:33.033Z</time></trkpt><trkpt lat="59.163834" lon="11.483912"><ele>0.000000</ele><time>2026-07-21T16:43:34.034Z</time></trkpt><trkpt lat="59.163819" lon="11.483911"><ele>0.000000</ele><time>2026-07-21T16:43:35.035Z</time></trkpt><trkpt lat="59.163792" lon="11.483912"><ele>0.000000</ele><time>2026-07-21T16:43:37.037Z</time></trkpt><trkpt lat="59.163778" lon="11.483912"><ele>0.000000</ele><time>2026-07-21T16:43:38.038Z</time></trkpt><trkpt lat="59.163765" lon="11.483913"><ele>0.000000</ele><time>2026-07-21T16:43:39.039Z</time></trkpt><trkpt lat="59.163752" lon="11.483915"><ele>0.000000</ele><time>2026-07-21T16:43:40.040Z</time></trkpt><trkpt lat="59.163739" lon="11.483917"><ele>0.000000</ele><time>2026-07-21T16:43:41.041Z</time></trkpt><trkpt lat="59.163724" lon="11.483919"><ele>0.000000</ele><time>2026-07-21T16:43:42.042Z</time></trkpt><trkpt lat="59.163709" lon="11.483921"><ele>0.000000</ele><time>2026-07-21T16:43:43.043Z</time></trkpt><trkpt lat="59.163694" lon="11.483923"><ele>0.000000</ele><time>2026-07-21T16:43:44.044Z</time></trkpt><trkpt lat="59.163678" lon="11.483923"><ele>0.000000</ele><time>2026-07-21T16:43:45.045Z</time></trkpt><trkpt lat="59.163663" lon="11.483925"><ele>0.000000</ele><time>2026-07-21T16:43:46.046Z</time></trkpt><trkpt lat="59.163646" lon="11.483926"><ele>0.000000</ele><time>2026-07-21T16:43:47.047Z</time></trkpt><trkpt lat="59.163631" lon="11.483928"><ele>0.000000</ele><time>2026-07-21T16:43:48.048Z</time></trkpt><trkpt lat="59.163616" lon="11.483932"><ele>0.000000</ele><time>2026-07-21T16:43:49.049Z</time></trkpt><trkpt lat="59.163602" lon="11.483934"><ele>0.000000</ele><time>2026-07-21T16:43:50.050Z</time></trkpt><trkpt lat="59.163587" lon="11.483937"><ele>0.000000</ele><time>2026-07-21T16:43:51.051Z</time></trkpt><trkpt lat="59.163570" lon="11.483936"><ele>0.000000</ele><time>2026-07-21T16:43:52.052Z</time></trkpt><trkpt lat="59.163554" lon="11.483935"><ele>0.000000</ele><time>2026-07-21T16:43:53.053Z</time></trkpt><trkpt lat="59.163537" lon="11.483933"><ele>0.000000</ele><time>2026-07-21T16:43:54.054Z</time></trkpt><trkpt lat="59.163522" lon="11.483934"><ele>0.000000</ele><time>2026-07-21T16:43:55.055Z</time></trkpt><trkpt lat="59.163507" lon="11.483934"><ele>0.000000</ele><time>2026-07-21T16:43:56.056Z</time></trkpt><trkpt lat="59.163492" lon="11.483935"><ele>0.000000</ele><time>2026-07-21T16:43:57.057Z</time></trkpt><trkpt lat="59.163477" lon="11.483937"><ele>0.000000</ele><time>2026-07-21T16:43:58.058Z</time></trkpt><trkpt lat="59.163461" lon="11.483938"><ele>0.000000</ele><time>2026-07-21T16:43:59.059Z</time></trkpt><trkpt lat="59.163447" lon="11.483940"><ele>0.000000</ele><time>2026-07-21T16:44:00.000Z</time></trkpt><trkpt lat="59.163431" lon="11.483941"><ele>0.000000</ele><time>2026-07-21T16:44:01.001Z</time></trkpt><trkpt lat="59.163416" lon="11.483943"><ele>0.000000</ele><time>2026-07-21T16:44:02.002Z</time></trkpt><trkpt lat="59.163400" lon="11.483942"><ele>0.000000</ele><time>2026-07-21T16:44:03.003Z</time></trkpt><trkpt lat="59.163383" lon="11.483946"><ele>0.000000</ele><time>2026-07-21T16:44:04.004Z</time></trkpt><trkpt lat="59.163351" lon="11.483947"><ele>0.000000</ele><time>2026-07-21T16:44:06.006Z</time></trkpt><trkpt lat="59.163334" lon="11.483948"><ele>0.000000</ele><time>2026-07-21T16:44:07.007Z</time></trkpt><trkpt lat="59.163318" lon="11.483949"><ele>0.000000</ele><time>2026-07-21T16:44:08.008Z</time></trkpt><trkpt lat="59.163300" lon="11.483952"><ele>0.000000</ele><time>2026-07-21T16:44:09.009Z</time></trkpt><trkpt lat="59.163269" lon="11.483954"><ele>0.000000</ele><time>2026-07-21T16:44:11.011Z</time></trkpt><trkpt lat="59.163255" lon="11.483957"><ele>0.000000</ele><time>2026-07-21T16:44:12.012Z</time></trkpt><trkpt lat="59.163239" lon="11.483958"><ele>0.000000</ele><time>2026-07-21T16:44:13.013Z</time></trkpt><trkpt lat="59.163221" lon="11.483960"><ele>0.000000</ele><time>2026-07-21T16:44:14.014Z</time></trkpt><trkpt lat="59.163186" lon="11.483966"><ele>0.000000</ele><time>2026-07-21T16:44:16.016Z</time></trkpt><trkpt lat="59.163152" lon="11.483968"><ele>0.000000</ele><time>2026-07-21T16:44:18.018Z</time></trkpt><trkpt lat="59.163132" lon="11.483974"><ele>0.000000</ele><time>2026-07-21T16:44:19.019Z</time></trkpt><trkpt lat="59.163099" lon="11.483972"><ele>0.000000</ele><time>2026-07-21T16:44:21.021Z</time></trkpt><trkpt lat="59.163083" lon="11.483974"><ele>0.000000</ele><time>2026-07-21T16:44:22.022Z</time></trkpt><trkpt lat="59.163068" lon="11.483971"><ele>0.000000</ele><time>2026-07-21T16:44:23.023Z</time></trkpt><trkpt lat="59.163050" lon="11.483970"><ele>0.000000</ele><time>2026-07-21T16:44:24.024Z</time></trkpt><trkpt lat="59.163016" lon="11.483970"><ele>0.000000</ele><time>2026-07-21T16:44:26.026Z</time></trkpt><trkpt lat="59.162984" lon="11.483974"><ele>0.000000</ele><time>2026-07-21T16:44:28.028Z</time></trkpt><trkpt lat="59.162969" lon="11.483977"><ele>0.000000</ele><time>2026-07-21T16:44:29.029Z</time></trkpt><trkpt lat="59.162953" lon="11.483977"><ele>0.000000</ele><time>2026-07-21T16:44:30.030Z</time></trkpt><trkpt lat="59.162937" lon="11.483980"><ele>0.000000</ele><time>2026-07-21T16:44:31.031Z</time></trkpt><trkpt lat="59.162922" lon="11.483980"><ele>0.000000</ele><time>2026-07-21T16:44:32.032Z</time></trkpt><trkpt lat="59.162904" lon="11.483983"><ele>0.000000</ele><time>2026-07-21T16:44:33.033Z</time></trkpt><trkpt lat="59.162871" lon="11.483985"><ele>0.000000</ele><time>2026-07-21T16:44:35.035Z</time></trkpt><trkpt lat="59.162836" lon="11.483990"><ele>0.000000</ele><time>2026-07-21T16:44:37.037Z</time></trkpt><trkpt lat="59.162804" lon="11.483995"><ele>0.000000</ele><time>2026-07-21T16:44:39.039Z</time></trkpt><trkpt lat="59.162775" lon="11.483997"><ele>0.000000</ele><time>2026-07-21T16:44:41.041Z</time></trkpt><trkpt lat="59.162763" lon="11.483996"><ele>0.000000</ele><time>2026-07-21T16:44:42.042Z</time></trkpt><trkpt lat="59.162750" lon="11.483994"><ele>0.000000</ele><time>2026-07-21T16:44:43.043Z</time></trkpt><trkpt lat="59.162737" lon="11.483995"><ele>0.000000</ele><time>2026-07-21T16:44:44.044Z</time></trkpt><trkpt lat="59.162723" lon="11.483994"><ele>0.000000</ele><time>2026-07-21T16:44:45.045Z</time></trkpt><trkpt lat="59.162707" lon="11.483994"><ele>0.000000</ele><time>2026-07-21T16:44:46.046Z</time></trkpt><trkpt lat="59.162677" lon="11.483995"><ele>0.000000</ele><time>2026-07-21T16:44:48.048Z</time></trkpt><trkpt lat="59.162646" lon="11.483992"><ele>0.000000</ele><time>2026-07-21T16:44:50.050Z</time></trkpt><trkpt lat="59.162632" lon="11.483991"><ele>0.000000</ele><time>2026-07-21T16:44:51.051Z</time></trkpt><trkpt lat="59.162615" lon="11.483991"><ele>0.000000</ele><time>2026-07-21T16:44:52.052Z</time></trkpt><trkpt lat="59.162583" lon="11.483992"><ele>0.000000</ele><time>2026-07-21T16:44:54.054Z</time></trkpt><trkpt lat="59.162566" lon="11.483993"><ele>0.000000</ele><time>2026-07-21T16:44:55.055Z</time></trkpt><trkpt lat="59.162549" lon="11.483997"><ele>0.000000</ele><time>2026-07-21T16:44:56.056Z</time></trkpt><trkpt lat="59.162533" lon="11.484000"><ele>0.000000</ele><time>2026-07-21T16:44:57.057Z</time></trkpt><trkpt lat="59.162517" lon="11.484005"><ele>0.000000</ele><time>2026-07-21T16:44:58.058Z</time></trkpt><trkpt lat="59.162500" lon="11.484009"><ele>0.000000</ele><time>2026-07-21T16:44:59.059Z</time></trkpt><trkpt lat="59.162468" lon="11.484014"><ele>0.000000</ele><time>2026-07-21T16:45:01.001Z</time></trkpt><trkpt lat="59.162452" lon="11.484016"><ele>0.000000</ele><time>2026-07-21T16:45:02.002Z</time></trkpt><trkpt lat="59.162435" lon="11.484016"><ele>0.000000</ele><time>2026-07-21T16:45:03.003Z</time></trkpt><trkpt lat="59.162418" lon="11.484015"><ele>0.000000</ele><time>2026-07-21T16:45:04.004Z</time></trkpt><trkpt lat="59.162385" lon="11.484016"><ele>0.000000</ele><time>2026-07-21T16:45:06.006Z</time></trkpt><trkpt lat="59.162353" lon="11.484018"><ele>0.000000</ele><time>2026-07-21T16:45:08.008Z</time></trkpt><trkpt lat="59.162338" lon="11.484018"><ele>0.000000</ele><time>2026-07-21T16:45:09.009Z</time></trkpt><trkpt lat="59.162322" lon="11.484022"><ele>0.000000</ele><time>2026-07-21T16:45:10.010Z</time></trkpt><trkpt lat="59.162305" lon="11.484023"><ele>0.000000</ele><time>2026-07-21T16:45:11.011Z</time></trkpt><trkpt lat="59.162290" lon="11.484026"><ele>0.000000</ele><time>2026-07-21T16:45:12.012Z</time></trkpt><trkpt lat="59.162273" lon="11.484029"><ele>0.000000</ele><time>2026-07-21T16:45:13.013Z</time></trkpt><trkpt lat="59.162257" lon="11.484029"><ele>0.000000</ele><time>2026-07-21T16:45:14.014Z</time></trkpt><trkpt lat="59.162241" lon="11.484029"><ele>0.000000</ele><time>2026-07-21T16:45:15.015Z</time></trkpt><trkpt lat="59.162210" lon="11.484032"><ele>0.000000</ele><time>2026-07-21T16:45:17.017Z</time></trkpt><trkpt lat="59.162195" lon="11.484034"><ele>0.000000</ele><time>2026-07-21T16:45:18.018Z</time></trkpt><trkpt lat="59.162180" lon="11.484034"><ele>0.000000</ele><time>2026-07-21T16:45:19.019Z</time></trkpt><trkpt lat="59.162163" lon="11.484035"><ele>0.000000</ele><time>2026-07-21T16:45:20.020Z</time></trkpt><trkpt lat="59.162148" lon="11.484035"><ele>0.000000</ele><time>2026-07-21T16:45:21.021Z</time></trkpt><trkpt lat="59.162130" lon="11.484035"><ele>0.000000</ele><time>2026-07-21T16:45:22.022Z</time></trkpt><trkpt lat="59.162100" lon="11.484033"><ele>0.000000</ele><time>2026-07-21T16:45:24.024Z</time></trkpt><trkpt lat="59.162084" lon="11.484035"><ele>0.000000</ele><time>2026-07-21T16:45:25.025Z</time></trkpt><trkpt lat="59.162052" lon="11.484040"><ele>0.000000</ele><time>2026-07-21T16:45:27.027Z</time></trkpt><trkpt lat="59.162018" lon="11.484048"><ele>0.000000</ele><time>2026-07-21T16:45:29.029Z</time></trkpt><trkpt lat="59.161986" lon="11.484051"><ele>0.000000</ele><time>2026-07-21T16:45:31.031Z</time></trkpt><trkpt lat="59.161971" lon="11.484055"><ele>0.000000</ele><time>2026-07-21T16:45:32.032Z</time></trkpt><trkpt lat="59.161956" lon="11.484058"><ele>0.000000</ele><time>2026-07-21T16:45:33.033Z</time></trkpt><trkpt lat="59.161939" lon="11.484061"><ele>0.000000</ele><time>2026-07-21T16:45:34.034Z</time></trkpt><trkpt lat="59.161907" lon="11.484065"><ele>0.000000</ele><time>2026-07-21T16:45:36.036Z</time></trkpt><trkpt lat="59.161891" lon="11.484066"><ele>0.000000</ele><time>2026-07-21T16:45:37.037Z</time></trkpt><trkpt lat="59.161875" lon="11.484068"><ele>0.000000</ele><time>2026-07-21T16:45:38.038Z</time></trkpt><trkpt lat="59.161860" lon="11.484072"><ele>0.000000</ele><time>2026-07-21T16:45:39.039Z</time></trkpt><trkpt lat="59.161844" lon="11.484075"><ele>0.000000</ele><time>2026-07-21T16:45:40.040Z</time></trkpt><trkpt lat="59.161828" lon="11.484080"><ele>0.000000</ele><time>2026-07-21T16:45:41.041Z</time></trkpt><trkpt lat="59.161813" lon="11.484082"><ele>0.000000</ele><time>2026-07-21T16:45:42.042Z</time></trkpt><trkpt lat="59.161795" lon="11.484087"><ele>0.000000</ele><time>2026-07-21T16:45:43.043Z</time></trkpt><trkpt lat="59.161763" lon="11.484095"><ele>0.000000</ele><time>2026-07-21T16:45:45.045Z</time></trkpt><trkpt lat="59.161728" lon="11.484103"><ele>0.000000</ele><time>2026-07-21T16:45:47.047Z</time></trkpt><trkpt lat="59.161696" lon="11.484109"><ele>0.000000</ele><time>2026-07-21T16:45:49.049Z</time></trkpt><trkpt lat="59.161681" lon="11.484112"><ele>0.000000</ele><time>2026-07-21T16:45:50.050Z</time></trkpt><trkpt lat="59.161665" lon="11.484114"><ele>0.000000</ele><time>2026-07-21T16:45:51.051Z</time></trkpt><trkpt lat="59.161651" lon="11.484116"><ele>0.000000</ele><time>2026-07-21T16:45:52.052Z</time></trkpt><trkpt lat="59.161635" lon="11.484119"><ele>0.000000</ele><time>2026-07-21T16:45:53.053Z</time></trkpt><trkpt lat="59.161619" lon="11.484123"><ele>0.000000</ele><time>2026-07-21T16:45:54.054Z</time></trkpt><trkpt lat="59.161604" lon="11.484126"><ele>0.000000</ele><time>2026-07-21T16:45:55.055Z</time></trkpt><trkpt lat="59.161587" lon="11.484130"><ele>0.000000</ele><time>2026-07-21T16:45:56.056Z</time></trkpt><trkpt lat="59.161554" lon="11.484134"><ele>0.000000</ele><time>2026-07-21T16:45:58.058Z</time></trkpt><trkpt lat="59.161522" lon="11.484136"><ele>0.000000</ele><time>2026-07-21T16:46:00.000Z</time></trkpt><trkpt lat="59.161504" lon="11.484136"><ele>0.000000</ele><time>2026-07-21T16:46:01.001Z</time></trkpt><trkpt lat="59.161487" lon="11.484138"><ele>0.000000</ele><time>2026-07-21T16:46:02.002Z</time></trkpt><trkpt lat="59.161470" lon="11.484141"><ele>0.000000</ele><time>2026-07-21T16:46:03.003Z</time></trkpt><trkpt lat="59.161454" lon="11.484144"><ele>0.000000</ele><time>2026-07-21T16:46:04.004Z</time></trkpt><trkpt lat="59.161436" lon="11.484148"><ele>0.000000</ele><time>2026-07-21T16:46:05.005Z</time></trkpt><trkpt lat="59.161402" lon="11.484156"><ele>0.000000</ele><time>2026-07-21T16:46:07.007Z</time></trkpt><trkpt lat="59.161370" lon="11.484165"><ele>0.000000</ele><time>2026-07-21T16:46:09.009Z</time></trkpt><trkpt lat="59.161341" lon="11.484172"><ele>0.000000</ele><time>2026-07-21T16:46:11.011Z</time></trkpt><trkpt lat="59.161326" lon="11.484175"><ele>0.000000</ele><time>2026-07-21T16:46:12.012Z</time></trkpt><trkpt lat="59.161313" lon="11.484180"><ele>0.000000</ele><time>2026-07-21T16:46:13.013Z</time></trkpt><trkpt lat="59.161298" lon="11.484186"><ele>0.000000</ele><time>2026-07-21T16:46:14.014Z</time></trkpt><trkpt lat="59.161283" lon="11.484191"><ele>0.000000</ele><time>2026-07-21T16:46:15.015Z</time></trkpt><trkpt lat="59.161266" lon="11.484197"><ele>0.000000</ele><time>2026-07-21T16:46:16.016Z</time></trkpt><trkpt lat="59.161251" lon="11.484201"><ele>0.000000</ele><time>2026-07-21T16:46:17.017Z</time></trkpt><trkpt lat="59.161233" lon="11.484206"><ele>0.000000</ele><time>2026-07-21T16:46:18.018Z</time></trkpt><trkpt lat="59.161202" lon="11.484212"><ele>0.000000</ele><time>2026-07-21T16:46:20.020Z</time></trkpt><trkpt lat="59.161183" lon="11.484216"><ele>0.000000</ele><time>2026-07-21T16:46:21.021Z</time></trkpt><trkpt lat="59.161150" lon="11.484226"><ele>0.000000</ele><time>2026-07-21T16:46:23.023Z</time></trkpt><trkpt lat="59.161134" lon="11.484230"><ele>0.000000</ele><time>2026-07-21T16:46:24.024Z</time></trkpt><trkpt lat="59.161116" lon="11.484236"><ele>0.000000</ele><time>2026-07-21T16:46:25.025Z</time></trkpt><trkpt lat="59.161098" lon="11.484241"><ele>0.000000</ele><time>2026-07-21T16:46:26.026Z</time></trkpt><trkpt lat="59.161080" lon="11.484246"><ele>0.000000</ele><time>2026-07-21T16:46:27.027Z</time></trkpt><trkpt lat="59.161064" lon="11.484252"><ele>0.000000</ele><time>2026-07-21T16:46:28.028Z</time></trkpt><trkpt lat="59.161048" lon="11.484256"><ele>0.000000</ele><time>2026-07-21T16:46:29.029Z</time></trkpt><trkpt lat="59.161031" lon="11.484262"><ele>0.000000</ele><time>2026-07-21T16:46:30.030Z</time></trkpt><trkpt lat="59.161015" lon="11.484267"><ele>0.000000</ele><time>2026-07-21T16:46:31.031Z</time></trkpt><trkpt lat="59.160997" lon="11.484274"><ele>0.000000</ele><time>2026-07-21T16:46:32.032Z</time></trkpt><trkpt lat="59.160979" lon="11.484284"><ele>0.000000</ele><time>2026-07-21T16:46:33.033Z</time></trkpt><trkpt lat="59.160960" lon="11.484290"><ele>0.000000</ele><time>2026-07-21T16:46:34.034Z</time></trkpt><trkpt lat="59.160943" lon="11.484295"><ele>0.000000</ele><time>2026-07-21T16:46:35.035Z</time></trkpt><trkpt lat="59.160927" lon="11.484300"><ele>0.000000</ele><time>2026-07-21T16:46:36.036Z</time></trkpt><trkpt lat="59.160909" lon="11.484303"><ele>0.000000</ele><time>2026-07-21T16:46:37.037Z</time></trkpt><trkpt lat="59.160892" lon="11.484306"><ele>0.000000</ele><time>2026-07-21T16:46:38.038Z</time></trkpt><trkpt lat="59.160874" lon="11.484307"><ele>0.000000</ele><time>2026-07-21T16:46:39.039Z</time></trkpt><trkpt lat="59.160857" lon="11.484308"><ele>0.000000</ele><time>2026-07-21T16:46:40.040Z</time></trkpt><trkpt lat="59.160840" lon="11.484307"><ele>0.000000</ele><time>2026-07-21T16:46:41.041Z</time></trkpt><trkpt lat="59.160823" lon="11.484306"><ele>0.000000</ele><time>2026-07-21T16:46:42.042Z</time></trkpt><trkpt lat="59.160806" lon="11.484308"><ele>0.000000</ele><time>2026-07-21T16:46:43.043Z</time></trkpt><trkpt lat="59.160788" lon="11.484310"><ele>0.000000</ele><time>2026-07-21T16:46:44.044Z</time></trkpt><trkpt lat="59.160771" lon="11.484310"><ele>0.000000</ele><time>2026-07-21T16:46:45.045Z</time></trkpt><trkpt lat="59.160752" lon="11.484312"><ele>0.000000</ele><time>2026-07-21T16:46:46.046Z</time></trkpt><trkpt lat="59.160733" lon="11.484316"><ele>0.000000</ele><time>2026-07-21T16:46:47.047Z</time></trkpt><trkpt lat="59.160716" lon="11.484319"><ele>0.000000</ele><time>2026-07-21T16:46:48.048Z</time></trkpt><trkpt lat="59.160696" lon="11.484320"><ele>0.000000</ele><time>2026-07-21T16:46:49.049Z</time></trkpt><trkpt lat="59.160678" lon="11.484324"><ele>0.000000</ele><time>2026-07-21T16:46:50.050Z</time></trkpt><trkpt lat="59.160661" lon="11.484327"><ele>0.000000</ele><time>2026-07-21T16:46:51.051Z</time></trkpt><trkpt lat="59.160643" lon="11.484329"><ele>0.000000</ele><time>2026-07-21T16:46:52.052Z</time></trkpt><trkpt lat="59.160626" lon="11.484331"><ele>0.000000</ele><time>2026-07-21T16:46:53.053Z</time></trkpt><trkpt lat="59.160609" lon="11.484334"><ele>0.000000</ele><time>2026-07-21T16:46:54.054Z</time></trkpt><trkpt lat="59.160590" lon="11.484338"><ele>0.000000</ele><time>2026-07-21T16:46:55.055Z</time></trkpt><trkpt lat="59.160555" lon="11.484346"><ele>0.000000</ele><time>2026-07-21T16:46:57.057Z</time></trkpt><trkpt lat="59.160536" lon="11.484351"><ele>0.000000</ele><time>2026-07-21T16:46:58.058Z</time></trkpt><trkpt lat="59.160519" lon="11.484356"><ele>0.000000</ele><time>2026-07-21T16:46:59.059Z</time></trkpt><trkpt lat="59.160499" lon="11.484363"><ele>0.000000</ele><time>2026-07-21T16:47:00.000Z</time></trkpt><trkpt lat="59.160465" lon="11.484375"><ele>0.000000</ele><time>2026-07-21T16:47:02.002Z</time></trkpt><trkpt lat="59.160444" lon="11.484383"><ele>0.000000</ele><time>2026-07-21T16:47:03.003Z</time></trkpt><trkpt lat="59.160407" lon="11.484394"><ele>0.000000</ele><time>2026-07-21T16:47:05.005Z</time></trkpt><trkpt lat="59.160390" lon="11.484401"><ele>0.000000</ele><time>2026-07-21T16:47:06.006Z</time></trkpt><trkpt lat="59.160373" lon="11.484408"><ele>0.000000</ele><time>2026-07-21T16:47:07.007Z</time></trkpt><trkpt lat="59.160353" lon="11.484415"><ele>0.000000</ele><time>2026-07-21T16:47:08.008Z</time></trkpt><trkpt lat="59.160335" lon="11.484422"><ele>0.000000</ele><time>2026-07-21T16:47:09.009Z</time></trkpt><trkpt lat="59.160316" lon="11.484429"><ele>0.000000</ele><time>2026-07-21T16:47:10.010Z</time></trkpt><trkpt lat="59.160282" lon="11.484440"><ele>0.000000</ele><time>2026-07-21T16:47:12.012Z</time></trkpt><trkpt lat="59.160262" lon="11.484445"><ele>0.000000</ele><time>2026-07-21T16:47:13.013Z</time></trkpt><trkpt lat="59.160226" lon="11.484453"><ele>0.000000</ele><time>2026-07-21T16:47:15.015Z</time></trkpt><trkpt lat="59.160208" lon="11.484458"><ele>0.000000</ele><time>2026-07-21T16:47:16.016Z</time></trkpt><trkpt lat="59.160191" lon="11.484466"><ele>0.000000</ele><time>2026-07-21T16:47:17.017Z</time></trkpt><trkpt lat="59.160171" lon="11.484470"><ele>0.000000</ele><time>2026-07-21T16:47:18.018Z</time></trkpt><trkpt lat="59.160154" lon="11.484471"><ele>0.000000</ele><time>2026-07-21T16:47:19.019Z</time></trkpt><trkpt lat="59.160135" lon="11.484475"><ele>0.000000</ele><time>2026-07-21T16:47:20.020Z</time></trkpt><trkpt lat="59.160118" lon="11.484478"><ele>0.000000</ele><time>2026-07-21T16:47:21.021Z</time></trkpt><trkpt lat="59.160102" lon="11.484479"><ele>0.000000</ele><time>2026-07-21T16:47:22.022Z</time></trkpt><trkpt lat="59.160082" lon="11.484482"><ele>0.000000</ele><time>2026-07-21T16:47:23.023Z</time></trkpt><trkpt lat="59.160047" lon="11.484492"><ele>0.000000</ele><time>2026-07-21T16:47:25.025Z</time></trkpt><trkpt lat="59.160030" lon="11.484499"><ele>0.000000</ele><time>2026-07-21T16:47:26.026Z</time></trkpt><trkpt lat="59.160011" lon="11.484502"><ele>0.000000</ele><time>2026-07-21T16:47:27.027Z</time></trkpt><trkpt lat="59.159993" lon="11.484505"><ele>0.000000</ele><time>2026-07-21T16:47:28.028Z</time></trkpt><trkpt lat="59.159978" lon="11.484510"><ele>0.000000</ele><time>2026-07-21T16:47:29.029Z</time></trkpt><trkpt lat="59.159962" lon="11.484514"><ele>0.000000</ele><time>2026-07-21T16:47:30.030Z</time></trkpt><trkpt lat="59.159946" lon="11.484515"><ele>0.000000</ele><time>2026-07-21T16:47:31.031Z</time></trkpt><trkpt lat="59.159928" lon="11.484516"><ele>0.000000</ele><time>2026-07-21T16:47:32.032Z</time></trkpt><trkpt lat="59.159895" lon="11.484510"><ele>0.000000</ele><time>2026-07-21T16:47:34.034Z</time></trkpt><trkpt lat="59.159864" lon="11.484497"><ele>0.000000</ele><time>2026-07-21T16:47:36.036Z</time></trkpt><trkpt lat="59.159848" lon="11.484486"><ele>0.000000</ele><time>2026-07-21T16:47:37.037Z</time></trkpt><trkpt lat="59.159833" lon="11.484474"><ele>0.000000</ele><time>2026-07-21T16:47:38.038Z</time></trkpt><trkpt lat="59.159816" lon="11.484462"><ele>0.000000</ele><time>2026-07-21T16:47:39.039Z</time></trkpt><trkpt lat="59.159803" lon="11.484448"><ele>0.000000</ele><time>2026-07-21T16:47:40.040Z</time></trkpt><trkpt lat="59.159788" lon="11.484431"><ele>0.000000</ele><time>2026-07-21T16:47:41.041Z</time></trkpt><trkpt lat="59.159773" lon="11.484417"><ele>0.000000</ele><time>2026-07-21T16:47:42.042Z</time></trkpt><trkpt lat="59.159760" lon="11.484405"><ele>0.000000</ele><time>2026-07-21T16:47:43.043Z</time></trkpt><trkpt lat="59.159748" lon="11.484393"><ele>0.000000</ele><time>2026-07-21T16:47:44.044Z</time></trkpt><trkpt lat="59.159736" lon="11.484382"><ele>0.000000</ele><time>2026-07-21T16:47:45.045Z</time></trkpt><trkpt lat="59.159725" lon="11.484370"><ele>0.000000</ele><time>2026-07-21T16:47:46.046Z</time></trkpt><trkpt lat="59.159714" lon="11.484359"><ele>0.000000</ele><time>2026-07-21T16:47:47.047Z</time></trkpt><trkpt lat="59.159705" lon="11.484347"><ele>0.000000</ele><time>2026-07-21T16:47:48.048Z</time></trkpt><trkpt lat="59.159685" lon="11.484327"><ele>0.000000</ele><time>2026-07-21T16:47:50.050Z</time></trkpt><trkpt lat="59.159678" lon="11.484317"><ele>0.000000</ele><time>2026-07-21T16:47:51.051Z</time></trkpt><trkpt lat="59.159671" lon="11.484308"><ele>0.000000</ele><time>2026-07-21T16:47:52.052Z</time></trkpt></trkseg></trk></gpx>