<?xml version="1.0" encoding="UTF-8"?><gpx creator="Paddle Logger https://paddlelogger.com" version="1.0" xmlns="http://www.topografix.com/GPX/1/0" xmlns:xsi="http://www.w3.org/2001/XMLSchema-instance" xsi:schemaLocation="http://www.topografix.com/GPX/1/0 http://www.topografix.com/GPX/1/0/gpx.xsd"><trk><name>Paddle</name><trkseg><trkpt lat="59.159580" lon="11.484329"><ele>0.000000</ele><time>2026-09-13T11:29:16.016Z</time></trkpt><trkpt lat="59.159580" lon="11.484329"><ele>0.000000</ele><time>2026-09-13T11:29:17.017Z</time></trkpt><trkpt lat="59.159580" lon="11.484329"><ele>0.000000</ele><time>2026-09-13T11:29:18.018Z</time></trkpt><trkpt lat="59.159580" lon="11.484329"><ele>0.000000</ele><time>2026-09-13T11:29:19.019Z</time></trkpt><trkpt lat="59.159580" lon="11.484329"><ele>0.000000</ele><time>2026-09-13T11:29:20.020Z</time></trkpt><trkpt lat="59.159579" lon="11.484332"><ele>0.000000</ele><time>2026-09-13T11:29:23.023Z</time></trkpt><trkpt lat="59.159580" lon="11.484338"><ele>0.000000</ele><time>2026-09-13T11:29:25.025Z</time></trkpt><trkpt lat="59.159590" lon="11.484335"><ele>0.000000</ele><time>2026-09-13T11:29:42.042Z</time></trkpt><trkpt lat="59.159596" lon="11.484326"><ele>0.000000</ele><time>2026-09-13T11:29:45.045Z</time></trkpt><trkpt lat="59.159601" lon="11.484320"><ele>0.000000</ele><time>2026-09-13T11:29:46.046Z</time></trkpt><trkpt lat="59.159609" lon="11.484309"><ele>0.000000</ele><time>2026-09-13T11:29:49.049Z</time></trkpt><trkpt lat="59.159616" lon="11.484304"><ele>0.000000</ele><time>2026-09-13T11:29:50.050Z</time></trkpt><trkpt lat="59.159624" lon="11.484278"><ele>0.000000</ele><time>2026-09-13T11:29:56.056Z</time></trkpt><trkpt lat="59.159625" lon="11.484282"><ele>0.000000</ele><time>2026-09-13T11:29:57.057Z</time></trkpt><trkpt lat="59.159622" lon="11.484281"><ele>0.000000</ele><time>2026-09-13T11:29:58.058Z</time></trkpt><trkpt lat="59.159623" lon="11.484286"><ele>0.000000</ele><time>2026-09-13T11:30:02.002Z</time></trkpt><trkpt lat="59.159628" lon="11.484306"><ele>0.000000</ele><time>2026-09-13T11:30:08.008Z</time></trkpt><trkpt lat="59.159635" lon="11.484332"><ele>0.000000</ele><time>2026-09-13T11:30:15.015Z</time></trkpt><trkpt lat="59.159639" lon="11.484350"><ele>0.000000</ele><time>2026-09-13T11:30:17.017Z</time></trkpt><trkpt lat="59.159648" lon="11.484367"><ele>0.000000</ele><time>2026-09-13T11:30:20.020Z</time></trkpt><trkpt lat="59.159658" lon="11.484385"><ele>0.000000</ele><time>2026-09-13T11:30:22.022Z</time></trkpt><trkpt lat="59.159668" lon="11.484404"><ele>0.000000</ele><time>2026-09-13T11:30:24.024Z</time></trkpt><trkpt lat="59.159679" lon="11.484426"><ele>0.000000</ele><time>2026-09-13T11:30:26.026Z</time></trkpt><trkpt lat="59.159686" lon="11.484439"><ele>0.000000</ele><time>2026-09-13T11:30:27.027Z</time></trkpt><trkpt lat="59.159699" lon="11.484463"><ele>0.000000</ele><time>2026-09-13T11:30:29.029Z</time></trkpt><trkpt lat="59.159715" lon="11.484490"><ele>0.000000</ele><time>2026-09-13T11:30:31.031Z</time></trkpt><trkpt lat="59.159734" lon="11.484522"><ele>0.000000</ele><time>2026-09-13T11:30:33.033Z</time></trkpt><trkpt lat="59.159746" lon="11.484541"><ele>0.000000</ele><time>2026-09-13T11:30:34.034Z</time></trkpt><trkpt lat="59.159757" lon="11.484561"><ele>0.000000</ele><time>2026-09-13T11:30:35.035Z</time></trkpt><trkpt lat="59.159766" lon="11.484581"><ele>0.000000</ele><time>2026-09-13T11:30:36.036Z</time></trkpt><trkpt lat="59.159783" lon="11.484616"><ele>0.000000</ele><time>2026-09-13T11:30:38.038Z</time></trkpt><trkpt lat="59.159793" lon="11.484635"><ele>0.000000</ele><time>2026-09-13T11:30:39.039Z</time></trkpt><trkpt lat="59.159801" lon="11.484656"><ele>0.000000</ele><time>2026-09-13T11:30:40.040Z</time></trkpt><trkpt lat="59.159811" lon="11.484676"><ele>0.000000</ele><time>2026-09-13T11:30:41.041Z</time></trkpt><trkpt lat="59.159821" lon="11.484699"><ele>0.000000</ele><time>2026-09-13T11:30:42.042Z</time></trkpt><trkpt lat="59.159830" lon="11.484720"><ele>0.000000</ele><time>2026-09-13T11:30:43.043Z</time></trkpt><trkpt lat="59.159840" lon="11.484744"><ele>0.000000</ele><time>2026-09-13T11:30:44.044Z</time></trkpt><trkpt lat="59.159849" lon="11.484767"><ele>0.000000</ele><time>2026-09-13T11:30:45.045Z</time></trkpt><trkpt lat="59.159858" lon="11.484793"><ele>0.000000</ele><time>2026-09-13T11:30:46.046Z</time></trkpt><trkpt lat="59.159867" lon="11.484818"><ele>0.000000</ele><time>2026-09-13T11:30:47.047Z</time></trkpt><trkpt lat="59.159876" lon="11.484844"><ele>0.000000</ele><time>2026-09-13T11:30:48.048Z</time></trkpt><trkpt lat="59.159884" lon="11.484869"><ele>0.000000</ele><time>2026-09-13T11:30:49.049Z</time></trkpt><trkpt lat="59.159894" lon="11.484896"><ele>0.000000</ele><time>2026-09-13T11:30:50.050Z</time></trkpt><trkpt lat="59.159913" lon="11.484948"><ele>0.000000</ele><time>2026-09-13T11:30:52.052Z</time></trkpt><trkpt lat="59.159922" lon="11.484976"><ele>0.000000</ele><time>2026-09-13T11:30:53.053Z</time></trkpt><trkpt lat="59.159931" lon="11.485006"><ele>0.000000</ele><time>2026-09-13T11:30:54.054Z</time></trkpt><trkpt lat="59.159952" lon="11.485059"><ele>0.000000</ele><time>2026-09-13T11:30:56.056Z</time></trkpt><trkpt lat="59.159970" lon="11.485114"><ele>0.000000</ele><time>2026-09-13T11:30:58.058Z</time></trkpt><trkpt lat="59.159978" lon="11.485141"><ele>0.000000</ele><time>2026-09-13T11:30:59.059Z</time></trkpt><trkpt lat="59.159988" lon="11.485170"><ele>0.000000</ele><time>2026-09-13T11:31:00.000Z</time></trkpt><trkpt lat="59.159997" lon="11.485193"><ele>0.000000</ele><time>2026-09-13T11:31:01.001Z</time></trkpt><trkpt lat="59.160007" lon="11.485220"><ele>0.000000</ele><time>2026-09-13T11:31:02.002Z</time></trkpt><trkpt lat="59.160017" lon="11.485245"><ele>0.000000</ele><time>2026-09-13T11:31:03.003Z</time></trkpt><trkpt lat="59.160027" lon="11.485272"><ele>0.000000</ele><time>2026-09-13T11:31:04.004Z</time></trkpt><trkpt lat="59.160037" lon="11.485297"><ele>0.000000</ele><time>2026-09-13T11:31:05.005Z</time></trkpt><trkpt lat="59.160049" lon="11.485324"><ele>0.000000</ele><time>2026-09-13T11:31:06.006Z</time></trkpt><trkpt lat="59.160061" lon="11.485351"><ele>0.000000</ele><time>2026-09-13T11:31:07.007Z</time></trkpt><trkpt lat="59.160072" lon="11.485378"><ele>0.000000</ele><time>2026-09-13T11:31:08.008Z</time></trkpt><trkpt lat="59.160082" lon="11.485405"><ele>0.000000</ele><time>2026-09-13T11:31:09.009Z</time></trkpt><trkpt lat="59.160092" lon="11.485430"><ele>0.000000</ele><time>2026-09-13T11:31:10.010Z</time></trkpt><trkpt lat="59.160105" lon="11.485459"><ele>0.000000</ele><time>2026-09-13T11:31:11.011Z</time></trkpt><trkpt lat="59.160118" lon="11.485485"><ele>0.000000</ele><time>2026-09-13T11:31:12.012Z</time></trkpt><trkpt lat="59.160128" lon="11.485511"><ele>0.000000</ele><time>2026-09-13T11:31:13.013Z</time></trkpt><trkpt lat="59.160139" lon="11.485534"><ele>0.000000</ele><time>2026-09-13T11:31:14.014Z</time></trkpt><trkpt lat="59.160151" lon="11.485563"><ele>0.000000</ele><time>2026-09-13T11:31:15.015Z</time></trkpt><trkpt lat="59.160164" lon="11.485589"><ele>0.000000</ele><time>2026-09-13T11:31:16.016Z</time></trkpt><trkpt lat="59.160177" lon="11.485616"><ele>0.000000</ele><time>2026-09-13T11:31:17.017Z</time></trkpt><trkpt lat="59.160198" lon="11.485667"><ele>0.000000</ele><time>2026-09-13T11:31:19.019Z</time></trkpt><trkpt lat="59.160218" lon="11.485720"><ele>0.000000</ele><time>2026-09-13T11:31:21.021Z</time></trkpt><trkpt lat="59.160237" lon="11.485773"><ele>0.000000</ele><time>2026-09-13T11:31:23.023Z</time></trkpt><trkpt lat="59.160247" lon="11.485794"><ele>0.000000</ele><time>2026-09-13T11:31:24.024Z</time></trkpt><trkpt lat="59.160255" lon="11.485823"><ele>0.000000</ele><time>2026-09-13T11:31:25.025Z</time></trkpt><trkpt lat="59.160262" lon="11.485841"><ele>0.000000</ele><time>2026-09-13T11:31:26.026Z</time></trkpt><trkpt lat="59.160271" lon="11.485867"><ele>0.000000</ele><time>2026-09-13T11:31:27.027Z</time></trkpt><trkpt lat="59.160281" lon="11.485889"><ele>0.000000</ele><time>2026-09-13T11:31:28.028Z</time></trkpt><trkpt lat="59.160289" lon="11.485917"><ele>0.000000</ele><time>2026-09-13T11:31:29.029Z</time></trkpt><trkpt lat="59.160298" lon="11.485940"><ele>0.000000</ele><time>2026-09-13T11:31:30.030Z</time></trkpt><trkpt lat="59.160306" lon="11.485966"><ele>0.000000</ele><time>2026-09-13T11:31:31.031Z</time></trkpt><trkpt lat="59.160314" lon="11.485991"><ele>0.000000</ele><time>2026-09-13T11:31:32.032Z</time></trkpt><trkpt lat="59.160323" lon="11.486016"><ele>0.000000</ele><time>2026-09-13T11:31:33.033Z</time></trkpt><trkpt lat="59.160333" lon="11.486039"><ele>0.000000</ele><time>2026-09-13T11:31:34.034Z</time></trkpt><trkpt lat="59.160345" lon="11.486062"><ele>0.000000</ele><time>2026-09-13T11:31:35.035Z</time></trkpt><trkpt lat="59.160356" lon="11.486084"><ele>0.000000</ele><time>2026-09-13T11:31:36.036Z</time></trkpt><trkpt lat="59.160367" lon="11.486109"><ele>0.000000</ele><time>2026-09-13T11:31:37.037Z</time></trkpt><trkpt lat="59.160378" lon="11.486134"><ele>0.000000</ele><time>2026-09-13T11:31:38.038Z</time></trkpt><trkpt lat="59.160390" lon="11.486160"><ele>0.000000</ele><time>2026-09-13T11:31:39.039Z</time></trkpt><trkpt lat="59.160401" lon="11.486185"><ele>0.000000</ele><time>2026-09-13T11:31:40.040Z</time></trkpt><trkpt lat="59.160412" lon="11.486212"><ele>0.000000</ele><time>2026-09-13T11:31:41.041Z</time></trkpt><trkpt lat="59.160424" lon="11.486236"><ele>0.000000</ele><time>2026-09-13T11:31:42.042Z</time></trkpt><trkpt lat="59.160435" lon="11.486263"><ele>0.000000</ele><time>2026-09-13T11:31:43.043Z</time></trkpt><trkpt lat="59.160447" lon="11.486288"><ele>0.000000</ele><time>2026-09-13T11:31:44.044Z</time></trkpt><trkpt lat="59.160459" lon="11.486316"><ele>0.000000</ele><time>2026-09-13T11:31:45.045Z</time></trkpt><trkpt lat="59.160471" lon="11.486342"><ele>0.000000</ele><time>2026-09-13T11:31:46.046Z</time></trkpt><trkpt lat="59.160483" lon="11.486368"><ele>0.000000</ele><time>2026-09-13T11:31:47.047Z</time></trkpt><trkpt lat="59.160495" lon="11.486392"><ele>0.000000</ele><time>2026-09-13T11:31:48.048Z</time></trkpt><trkpt lat="59.160507" lon="11.486418"><ele>0.000000</ele><time>2026-09-13T11:31:49.049Z</time></trkpt><trkpt lat="59.160519" lon="11.486443"><ele>0.000000</ele><time>2026-09-13T11:31:50.050Z</time></trkpt><trkpt lat="59.160530" lon="11.486467"><ele>0.000000</ele><time>2026-09-13T11:31:51.051Z</time></trkpt><trkpt lat="59.160540" lon="11.486491"><ele>0.000000</ele><time>2026-09-13T11:31:52.052Z</time></trkpt><trkpt lat="59.160550" lon="11.486515"><ele>0.000000</ele><time>2026-09-13T11:31:53.053Z</time></trkpt><trkpt lat="59.160561" lon="11.486539"><ele>0.000000</ele><time>2026-09-13T11:31:54.054Z</time></trkpt><trkpt lat="59.160579" lon="11.486593"><ele>0.000000</ele><time>2026-09-13T11:31:56.056Z</time></trkpt><trkpt lat="59.160587" lon="11.486619"><ele>0.000000</ele><time>2026-09-13T11:31:57.057Z</time></trkpt><trkpt lat="59.160596" lon="11.486646"><ele>0.000000</ele><time>2026-09-13T11:31:58.058Z</time></trkpt><trkpt lat="59.160605" lon="11.486673"><ele>0.000000</ele><time>2026-09-13T11:31:59.059Z</time></trkpt><trkpt lat="59.160614" lon="11.486700"><ele>0.000000</ele><time>2026-09-13T11:32:00.000Z</time></trkpt><trkpt lat="59.160623" lon="11.486724"><ele>0.000000</ele><time>2026-09-13T11:32:01.001Z</time></trkpt><trkpt lat="59.160634" lon="11.486749"><ele>0.000000</ele><time>2026-09-13T11:32:02.002Z</time></trkpt><trkpt lat="59.160644" lon="11.486772"><ele>0.000000</ele><time>2026-09-13T11:32:03.003Z</time></trkpt><trkpt lat="59.160656" lon="11.486796"><ele>0.000000</ele><time>2026-09-13T11:32:04.004Z</time></trkpt><trkpt lat="59.160668" lon="11.486818"><ele>0.000000</ele><time>2026-09-13T11:32:05.005Z</time></trkpt><trkpt lat="59.160679" lon="11.486843"><ele>0.000000</ele><time>2026-09-13T11:32:06.006Z</time></trkpt><trkpt lat="59.160690" lon="11.486866"><ele>0.000000</ele><time>2026-09-13T11:32:07.007Z</time></trkpt><trkpt lat="59.160701" lon="11.486893"><ele>0.000000</ele><time>2026-09-13T11:32:08.008Z</time></trkpt><trkpt lat="59.160711" lon="11.486916"><ele>0.000000</ele><time>2026-09-13T11:32:09.009Z</time></trkpt><trkpt lat="59.160722" lon="11.486942"><ele>0.000000</ele><time>2026-09-13T11:32:10.010Z</time></trkpt><trkpt lat="59.160743" lon="11.486995"><ele>0.000000</ele><time>2026-09-13T11:32:12.012Z</time></trkpt><trkpt lat="59.160764" lon="11.487048"><ele>0.000000</ele><time>2026-09-13T11:32:14.014Z</time></trkpt><trkpt lat="59.160787" lon="11.487102"><ele>0.000000</ele><time>2026-09-13T11:32:16.016Z</time></trkpt><trkpt lat="59.160798" lon="11.487126"><ele>0.000000</ele><time>2026-09-13T11:32:17.017Z</time></trkpt><trkpt lat="59.160811" lon="11.487150"><ele>0.000000</ele><time>2026-09-13T11:32:18.018Z</time></trkpt><trkpt lat="59.160823" lon="11.487172"><ele>0.000000</ele><time>2026-09-13T11:32:19.019Z</time></trkpt><trkpt lat="59.160831" lon="11.487192"><ele>0.000000</ele><time>2026-09-13T11:32:20.020Z</time></trkpt><trkpt lat="59.160839" lon="11.487216"><ele>0.000000</ele><time>2026-09-13T11:32:21.021Z</time></trkpt><trkpt lat="59.160848" lon="11.487237"><ele>0.000000</ele><time>2026-09-13T11:32:22.022Z</time></trkpt><trkpt lat="59.160859" lon="11.487262"><ele>0.000000</ele><time>2026-09-13T11:32:23.023Z</time></trkpt><trkpt lat="59.160882" lon="11.487314"><ele>0.000000</ele><time>2026-09-13T11:32:25.025Z</time></trkpt><trkpt lat="59.160907" lon="11.487366"><ele>0.000000</ele><time>2026-09-13T11:32:27.027Z</time></trkpt><trkpt lat="59.160927" lon="11.487416"><ele>0.000000</ele><time>2026-09-13T11:32:29.029Z</time></trkpt><trkpt lat="59.160935" lon="11.487440"><ele>0.000000</ele><time>2026-09-13T11:32:30.030Z</time></trkpt><trkpt lat="59.160946" lon="11.487468"><ele>0.000000</ele><time>2026-09-13T11:32:31.031Z</time></trkpt><trkpt lat="59.160957" lon="11.487492"><ele>0.000000</ele><time>2026-09-13T11:32:32.032Z</time></trkpt><trkpt lat="59.160967" lon="11.487517"><ele>0.000000</ele><time>2026-09-13T11:32:33.033Z</time></trkpt><trkpt lat="59.160976" lon="11.487541"><ele>0.000000</ele><time>2026-09-13T11:32:34.034Z</time></trkpt><trkpt lat="59.160987" lon="11.487567"><ele>0.000000</ele><time>2026-09-13T11:32:35.035Z</time></trkpt><trkpt lat="59.160998" lon="11.487592"><ele>0.000000</ele><time>2026-09-13T11:32:36.036Z</time></trkpt><trkpt lat="59.161009" lon="11.487617"><ele>0.000000</ele><time>2026-09-13T11:32:37.037Z</time></trkpt><trkpt lat="59.161030" lon="11.487664"><ele>0.000000</ele><time>2026-09-13T11:32:39.039Z</time></trkpt><trkpt lat="59.161040" lon="11.487686"><ele>0.000000</ele><time>2026-09-13T11:32:40.040Z</time></trkpt><trkpt lat="59.161050" lon="11.487706"><ele>0.000000</ele><time>2026-09-13T11:32:41.041Z</time></trkpt><trkpt lat="59.161059" lon="11.487724"><ele>0.000000</ele><time>2026-09-13T11:32:42.042Z</time></trkpt><trkpt lat="59.161069" lon="11.487741"><ele>0.000000</ele><time>2026-09-13T11:32:43.043Z</time></trkpt><trkpt lat="59.161080" lon="11.487755"><ele>0.000000</ele><time>2026-09-13T11:32:44.044Z</time></trkpt><trkpt lat="59.161090" lon="11.487769"><ele>0.000000</ele><time>2026-09-13T11:32:45.045Z</time></trkpt><trkpt lat="59.161101" lon="11.487781"><ele>0.000000</ele><time>2026-09-13T11:32:46.046Z</time></trkpt><trkpt lat="59.161123" lon="11.487809"><ele>0.000000</ele><time>2026-09-13T11:32:48.048Z</time></trkpt><trkpt lat="59.161144" lon="11.487837"><ele>0.000000</ele><time>2026-09-13T11:32:50.050Z</time></trkpt><trkpt lat="59.161153" lon="11.487853"><ele>0.000000</ele><time>2026-09-13T11:32:51.051Z</time></trkpt><trkpt lat="59.161164" lon="11.487871"><ele>0.000000</ele><time>2026-09-13T11:32:52.052Z</time></trkpt><trkpt lat="59.161185" lon="11.487904"><ele>0.000000</ele><time>2026-09-13T11:32:54.054Z</time></trkpt><trkpt lat="59.161196" lon="11.487924"><ele>0.000000</ele><time>2026-09-13T11:32:55.055Z</time></trkpt><trkpt lat="59.161207" lon="11.487946"><ele>0.000000</ele><time>2026-09-13T11:32:56.056Z</time></trkpt><trkpt lat="59.161218" lon="11.487967"><ele>0.000000</ele><time>2026-09-13T11:32:57.057Z</time></trkpt><trkpt lat="59.161229" lon="11.487988"><ele>0.000000</ele><time>2026-09-13T11:32:58.058Z</time></trkpt><trkpt lat="59.161239" lon="11.488013"><ele>0.000000</ele><time>2026-09-13T11:32:59.059Z</time></trkpt><trkpt lat="59.161249" lon="11.488037"><ele>0.000000</ele><time>2026-09-13T11:33:00.000Z</time></trkpt><trkpt lat="59.161260" lon="11.488062"><ele>0.000000</ele><time>2026-09-13T11:33:01.001Z</time></trkpt><trkpt lat="59.161269" lon="11.488089"><ele>0.000000</ele><time>2026-09-13T11:33:02.002Z</time></trkpt><trkpt lat="59.161279" lon="11.488113"><ele>0.000000</ele><time>2026-09-13T11:33:03.003Z</time></trkpt><trkpt lat="59.161290" lon="11.488139"><ele>0.000000</ele><time>2026-09-13T11:33:04.004Z</time></trkpt><trkpt lat="59.161299" lon="11.488164"><ele>0.000000</ele><time>2026-09-13T11:33:05.005Z</time></trkpt><trkpt lat="59.161309" lon="11.488192"><ele>0.000000</ele><time>2026-09-13T11:33:06.006Z</time></trkpt><trkpt lat="59.161319" lon="11.488218"><ele>0.000000</ele><time>2026-09-13T11:33:07.007Z</time></trkpt><trkpt lat="59.161330" lon="11.488248"><ele>0.000000</ele><time>2026-09-13T11:33:08.008Z</time></trkpt><trkpt lat="59.161341" lon="11.488273"><ele>0.000000</ele><time>2026-09-13T11:33:09.009Z</time></trkpt><trkpt lat="59.161351" lon="11.488302"><ele>0.000000</ele><time>2026-09-13T11:33:10.010Z</time></trkpt><trkpt lat="59.161362" lon="11.488330"><ele>0.000000</ele><time>2026-09-13T11:33:11.011Z</time></trkpt><trkpt lat="59.161372" lon="11.488357"><ele>0.000000</ele><time>2026-09-13T11:33:12.012Z</time></trkpt><trkpt lat="59.161384" lon="11.488386"><ele>0.000000</ele><time>2026-09-13T11:33:13.013Z</time></trkpt><trkpt lat="59.161392" lon="11.488413"><ele>0.000000</ele><time>2026-09-13T11:33:14.014Z</time></trkpt><trkpt lat="59.161403" lon="11.488444"><ele>0.000000</ele><time>2026-09-13T11:33:15.015Z</time></trkpt><trkpt lat="59.161425" lon="11.488499"><ele>0.000000</ele><time>2026-09-13T11:33:17.017Z</time></trkpt><trkpt lat="59.161435" lon="11.488525"><ele>0.000000</ele><time>2026-09-13T11:33:18.018Z</time></trkpt><trkpt lat="59.161447" lon="11.488556"><ele>0.000000</ele><time>2026-09-13T11:33:19.019Z</time></trkpt><trkpt lat="59.161456" lon="11.488585"><ele>0.000000</ele><time>2026-09-13T11:33:20.020Z</time></trkpt><trkpt lat="59.161466" lon="11.488614"><ele>0.000000</ele><time>2026-09-13T11:33:21.021Z</time></trkpt><trkpt lat="59.161475" lon="11.488641"><ele>0.000000</ele><time>2026-09-13T11:33:22.022Z</time></trkpt><trkpt lat="59.161485" lon="11.488671"><ele>0.000000</ele><time>2026-09-13T11:33:23.023Z</time></trkpt><trkpt lat="59.161494" lon="11.488699"><ele>0.000000</ele><time>2026-09-13T11:33:24.024Z</time></trkpt><trkpt lat="59.161504" lon="11.488728"><ele>0.000000</ele><time>2026-09-13T11:33:25.025Z</time></trkpt><trkpt lat="59.161513" lon="11.488753"><ele>0.000000</ele><time>2026-09-13T11:33:26.026Z</time></trkpt><trkpt lat="59.161524" lon="11.488779"><ele>0.000000</ele><time>2026-09-13T11:33:27.027Z</time></trkpt><trkpt lat="59.161535" lon="11.488806"><ele>0.000000</ele><time>2026-09-13T11:33:28.028Z</time></trkpt><trkpt lat="59.161546" lon="11.488833"><ele>0.000000</ele><time>2026-09-13T11:33:29.029Z</time></trkpt><trkpt lat="59.161557" lon="11.488862"><ele>0.000000</ele><time>2026-09-13T11:33:30.030Z</time></trkpt><trkpt lat="59.161579" lon="11.488921"><ele>0.000000</ele><time>2026-09-13T11:33:32.032Z</time></trkpt><trkpt lat="59.161598" lon="11.488976"><ele>0.000000</ele><time>2026-09-13T11:33:34.034Z</time></trkpt><trkpt lat="59.161617" lon="11.489028"><ele>0.000000</ele><time>2026-09-13T11:33:36.036Z</time></trkpt><trkpt lat="59.161635" lon="11.489075"><ele>0.000000</ele><time>2026-09-13T11:33:38.038Z</time></trkpt><trkpt lat="59.161644" lon="11.489095"><ele>0.000000</ele><time>2026-09-13T11:33:39.039Z</time></trkpt><trkpt lat="59.161651" lon="11.489118"><ele>0.000000</ele><time>2026-09-13T11:33:40.040Z</time></trkpt><trkpt lat="59.161658" lon="11.489140"><ele>0.000000</ele><time>2026-09-13T11:33:41.041Z</time></trkpt><trkpt lat="59.161667" lon="11.489163"><ele>0.000000</ele><time>2026-09-13T11:33:42.042Z</time></trkpt><trkpt lat="59.161675" lon="11.489186"><ele>0.000000</ele><time>2026-09-13T11:33:43.043Z</time></trkpt><trkpt lat="59.161684" lon="11.489210"><ele>0.000000</ele><time>2026-09-13T11:33:44.044Z</time></trkpt><trkpt lat="59.161694" lon="11.489236"><ele>0.000000</ele><time>2026-09-13T11:33:45.045Z</time></trkpt><trkpt lat="59.161717" lon="11.489289"><ele>0.000000</ele><time>2026-09-13T11:33:47.047Z</time></trkpt><trkpt lat="59.161740" lon="11.489342"><ele>0.000000</ele><time>2026-09-13T11:33:49.049Z</time></trkpt><trkpt lat="59.161759" lon="11.489400"><ele>0.000000</ele><time>2026-09-13T11:33:51.051Z</time></trkpt><trkpt lat="59.161769" lon="11.489426"><ele>0.000000</ele><time>2026-09-13T11:33:52.052Z</time></trkpt><trkpt lat="59.161780" lon="11.489457"><ele>0.000000</ele><time>2026-09-13T11:33:53.053Z</time></trkpt><trkpt lat="59.161800" lon="11.489513"><ele>0.000000</ele><time>2026-09-13T11:33:55.055Z</time></trkpt><trkpt lat="59.161820" lon="11.489566"><ele>0.000000</ele><time>2026-09-13T11:33:57.057Z</time></trkpt><trkpt lat="59.161831" lon="11.489590"><ele>0.000000</ele><time>2026-09-13T11:33:58.058Z</time></trkpt><trkpt lat="59.161841" lon="11.489616"><ele>0.000000</ele><time>2026-09-13T11:33:59.059Z</time></trkpt><trkpt lat="59.161852" lon="11.489644"><ele>0.000000</ele><time>2026-09-13T11:34:00.000Z</time></trkpt><trkpt lat="59.161870" lon="11.489698"><ele>0.000000</ele><time>2026-09-13T11:34:02.002Z</time></trkpt><trkpt lat="59.161878" lon="11.489723"><ele>0.000000</ele><time>2026-09-13T11:34:03.003Z</time></trkpt><trkpt lat="59.161887" lon="11.489753"><ele>0.000000</ele><time>2026-09-13T11:34:04.004Z</time></trkpt><trkpt lat="59.161906" lon="11.489808"><ele>0.000000</ele><time>2026-09-13T11:34:06.006Z</time></trkpt><trkpt lat="59.161916" lon="11.489832"><ele>0.000000</ele><time>2026-09-13T11:34:07.007Z</time></trkpt><trkpt lat="59.161926" lon="11.489860"><ele>0.000000</ele><time>2026-09-13T11:34:08.008Z</time></trkpt><trkpt lat="59.161944" lon="11.489912"><ele>0.000000</ele><time>2026-09-13T11:34:10.010Z</time></trkpt><trkpt lat="59.161952" lon="11.489940"><ele>0.000000</ele><time>2026-09-13T11:34:11.011Z</time></trkpt><trkpt lat="59.161962" lon="11.489965"><ele>0.000000</ele><time>2026-09-13T11:34:12.012Z</time></trkpt><trkpt lat="59.161971" lon="11.489991"><ele>0.000000</ele><time>2026-09-13T11:34:13.013Z</time></trkpt><trkpt lat="59.161975" lon="11.490015"><ele>0.000000</ele><time>2026-09-13T11:34:14.014Z</time></trkpt><trkpt lat="59.161982" lon="11.490041"><ele>0.000000</ele><time>2026-09-13T11:34:15.015Z</time></trkpt><trkpt lat="59.161999" lon="11.490092"><ele>0.000000</ele><time>2026-09-13T11:34:17.017Z</time></trkpt><trkpt lat="59.162016" lon="11.490140"><ele>0.000000</ele><time>2026-09-13T11:34:19.019Z</time></trkpt><trkpt lat="59.162025" lon="11.490161"><ele>0.000000</ele><time>2026-09-13T11:34:20.020Z</time></trkpt><trkpt lat="59.162035" lon="11.490186"><ele>0.000000</ele><time>2026-09-13T11:34:21.021Z</time></trkpt><trkpt lat="59.162043" lon="11.490210"><ele>0.000000</ele><time>2026-09-13T11:34:22.022Z</time></trkpt><trkpt lat="59.162054" lon="11.490234"><ele>0.000000</ele><time>2026-09-13T11:34:23.023Z</time></trkpt><trkpt lat="59.162073" lon="11.490277"><ele>0.000000</ele><time>2026-09-13T11:34:25.025Z</time></trkpt><trkpt lat="59.162084" lon="11.490298"><ele>0.000000</ele><time>2026-09-13T11:34:26.026Z</time></trkpt><trkpt lat="59.162097" lon="11.490321"><ele>0.000000</ele><time>2026-09-13T11:34:27.027Z</time></trkpt><trkpt lat="59.162108" lon="11.490342"><ele>0.000000</ele><time>2026-09-13T11:34:28.028Z</time></trkpt><trkpt lat="59.162119" lon="11.490367"><ele>0.000000</ele><time>2026-09-13T11:34:29.029Z</time></trkpt><trkpt lat="59.162130" lon="11.490392"><ele>0.000000</ele><time>2026-09-13T11:34:30.030Z</time></trkpt><trkpt lat="59.162140" lon="11.490416"><ele>0.000000</ele><time>2026-09-13T11:34:31.031Z</time></trkpt><trkpt lat="59.162150" lon="11.490438"><ele>0.000000</ele><time>2026-09-13T11:34:32.032Z</time></trkpt><trkpt lat="59.162160" lon="11.490462"><ele>0.000000</ele><time>2026-09-13T11:34:33.033Z</time></trkpt><trkpt lat="59.162171" lon="11.490488"><ele>0.000000</ele><time>2026-09-13T11:34:34.034Z</time></trkpt><trkpt lat="59.162181" lon="11.490511"><ele>0.000000</ele><time>2026-09-13T11:34:35.035Z</time></trkpt><trkpt lat="59.162192" lon="11.490535"><ele>0.000000</ele><time>2026-09-13T11:34:36.036Z</time></trkpt><trkpt lat="59.162204" lon="11.490558"><ele>0.000000</ele><time>2026-09-13T11:34:37.037Z</time></trkpt><trkpt lat="59.162216" lon="11.490582"><ele>0.000000</ele><time>2026-09-13T11:34:38.038Z</time></trkpt><trkpt lat="59.162225" lon="11.490606"><ele>0.000000</ele><time>2026-09-13T11:34:39.039Z</time></trkpt><trkpt lat="59.162234" lon="11.490630"><ele>0.000000</ele><time>2026-09-13T11:34:40.040Z</time></trkpt><trkpt lat="59.162243" lon="11.490655"><ele>0.000000</ele><time>2026-09-13T11:34:41.041Z</time></trkpt><trkpt lat="59.162254" lon="11.490680"><ele>0.000000</ele><time>2026-09-13T11:34:42.042Z</time></trkpt><trkpt lat="59.162265" lon="11.490702"><ele>0.000000</ele><time>2026-09-13T11:34:43.043Z</time></trkpt><trkpt lat="59.162276" lon="11.490727"><ele>0.000000</ele><time>2026-09-13T11:34:44.044Z</time></trkpt><trkpt lat="59.162293" lon="11.490777"><ele>0.000000</ele><time>2026-09-13T11:34:46.046Z</time></trkpt><trkpt lat="59.162299" lon="11.490802"><ele>0.000000</ele><time>2026-09-13T11:34:47.047Z</time></trkpt><trkpt lat="59.162307" lon="11.490829"><ele>0.000000</ele><time>2026-09-13T11:34:48.048Z</time></trkpt><trkpt lat="59.162321" lon="11.490878"><ele>0.000000</ele><time>2026-09-13T11:34:50.050Z</time></trkpt><trkpt lat="59.162327" lon="11.490900"><ele>0.000000</ele><time>2026-09-13T11:34:51.051Z</time></trkpt><trkpt lat="59.162334" lon="11.490926"><ele>0.000000</ele><time>2026-09-13T11:34:52.052Z</time></trkpt><trkpt lat="59.162350" lon="11.490976"><ele>0.000000</ele><time>2026-09-13T11:34:54.054Z</time></trkpt><trkpt lat="59.162366" lon="11.491026"><ele>0.000000</ele><time>2026-09-13T11:34:56.056Z</time></trkpt><trkpt lat="59.162374" lon="11.491054"><ele>0.000000</ele><time>2026-09-13T11:34:57.057Z</time></trkpt><trkpt lat="59.162383" lon="11.491082"><ele>0.000000</ele><time>2026-09-13T11:34:58.058Z</time></trkpt><trkpt lat="59.162398" lon="11.491128"><ele>0.000000</ele><time>2026-09-13T11:35:00.000Z</time></trkpt><trkpt lat="59.162405" lon="11.491149"><ele>0.000000</ele><time>2026-09-13T11:35:01.001Z</time></trkpt><trkpt lat="59.162412" lon="11.491169"><ele>0.000000</ele><time>2026-09-13T11:35:02.002Z</time></trkpt><trkpt lat="59.162419" lon="11.491188"><ele>0.000000</ele><time>2026-09-13T11:35:03.003Z</time></trkpt><trkpt lat="59.162425" lon="11.491207"><ele>0.000000</ele><time>2026-09-13T11:35:04.004Z</time></trkpt><trkpt lat="59.162431" lon="11.491225"><ele>0.000000</ele><time>2026-09-13T11:35:05.005Z</time></trkpt><trkpt lat="59.162437" lon="11.491241"><ele>0.000000</ele><time>2026-09-13T11:35:06.006Z</time></trkpt><trkpt lat="59.162443" lon="11.491259"><ele>0.000000</ele><time>2026-09-13T11:35:07.007Z</time></trkpt><trkpt lat="59.162449" lon="11.491277"><ele>0.000000</ele><time>2026-09-13T11:35:08.008Z</time></trkpt><trkpt lat="59.162461" lon="11.491312"><ele>0.000000</ele><time>2026-09-13T11:35:10.010Z</time></trkpt><trkpt lat="59.162471" lon="11.491339"><ele>0.000000</ele><time>2026-09-13T11:35:12.012Z</time></trkpt><trkpt lat="59.162477" lon="11.491355"><ele>0.000000</ele><time>2026-09-13T11:35:13.013Z</time></trkpt><trkpt lat="59.162489" lon="11.491383"><ele>0.000000</ele><time>2026-09-13T11:35:15.015Z</time></trkpt><trkpt lat="59.162498" lon="11.491407"><ele>0.000000</ele><time>2026-09-13T11:35:16.016Z</time></trkpt><trkpt lat="59.162513" lon="11.491443"><ele>0.000000</ele><time>2026-09-13T11:35:18.018Z</time></trkpt><trkpt lat="59.162521" lon="11.491461"><ele>0.000000</ele><time>2026-09-13T11:35:19.019Z</time></trkpt><trkpt lat="59.162535" lon="11.491495"><ele>0.000000</ele><time>2026-09-13T11:35:21.021Z</time></trkpt><trkpt lat="59.162547" lon="11.491522"><ele>0.000000</ele><time>2026-09-13T11:35:23.023Z</time></trkpt><trkpt lat="59.162555" lon="11.491541"><ele>0.000000</ele><time>2026-09-13T11:35:24.024Z</time></trkpt><trkpt lat="59.162567" lon="11.491572"><ele>0.000000</ele><time>2026-09-13T11:35:26.026Z</time></trkpt><trkpt lat="59.162574" lon="11.491593"><ele>0.000000</ele><time>2026-09-13T11:35:27.027Z</time></trkpt><trkpt lat="59.162586" lon="11.491629"><ele>0.000000</ele><time>2026-09-13T11:35:29.029Z</time></trkpt><trkpt lat="59.162592" lon="11.491652"><ele>0.000000</ele><time>2026-09-13T11:35:30.030Z</time></trkpt><trkpt lat="59.162604" lon="11.491691"><ele>0.000000</ele><time>2026-09-13T11:35:32.032Z</time></trkpt><trkpt lat="59.162609" lon="11.491713"><ele>0.000000</ele><time>2026-09-13T11:35:33.033Z</time></trkpt><trkpt lat="59.162614" lon="11.491733"><ele>0.000000</ele><time>2026-09-13T11:35:34.034Z</time></trkpt><trkpt lat="59.162619" lon="11.491756"><ele>0.000000</ele><time>2026-09-13T11:35:35.035Z</time></trkpt><trkpt lat="59.162624" lon="11.491779"><ele>0.000000</ele><time>2026-09-13T11:35:36.036Z</time></trkpt><trkpt lat="59.162629" lon="11.491801"><ele>0.000000</ele><time>2026-09-13T11:35:37.037Z</time></trkpt><trkpt lat="59.162634" lon="11.491823"><ele>0.000000</ele><time>2026-09-13T11:35:38.038Z</time></trkpt><trkpt lat="59.162639" lon="11.491846"><ele>0.000000</ele><time>2026-09-13T11:35:39.039Z</time></trkpt><trkpt lat="59.162645" lon="11.491870"><ele>0.000000</ele><time>2026-09-13T11:35:40.040Z</time></trkpt><trkpt lat="59.162656" lon="11.491910"><ele>0.000000</ele><time>2026-09-13T11:35:42.042Z</time></trkpt><trkpt lat="59.162661" lon="11.491932"><ele>0.000000</ele><time>2026-09-13T11:35:43.043Z</time></trkpt><trkpt lat="59.162666" lon="11.491953"><ele>0.000000</ele><time>2026-09-13T11:35:44.044Z</time></trkpt><trkpt lat="59.162670" lon="11.491974"><ele>0.000000</ele><time>2026-09-13T11:35:45.045Z</time></trkpt><trkpt lat="59.162673" lon="11.491994"><ele>0.000000</ele><time>2026-09-13T11:35:46.046Z</time></trkpt><trkpt lat="59.162677" lon="11.492013"><ele>0.000000</ele><time>2026-09-13T11:35:47.047Z</time></trkpt><trkpt lat="59.162680" lon="11.492032"><ele>0.000000</ele><time>2026-09-13T11:35:48.048Z</time></trkpt><trkpt lat="59.162687" lon="11.492066"><ele>0.000000</ele><time>2026-09-13T11:35:50.050Z</time></trkpt><trkpt lat="59.162693" lon="11.492098"><ele>0.000000</ele><time>2026-09-13T11:35:52.052Z</time></trkpt><trkpt lat="59.162700" lon="11.492126"><ele>0.000000</ele><time>2026-09-13T11:35:54.054Z</time></trkpt><trkpt lat="59.162705" lon="11.492153"><ele>0.000000</ele><time>2026-09-13T11:35:56.056Z</time></trkpt><trkpt lat="59.162709" lon="11.492177"><ele>0.000000</ele><time>2026-09-13T11:35:58.058Z</time></trkpt><trkpt lat="59.162712" lon="11.492201"><ele>0.000000</ele><time>2026-09-13T11:36:00.000Z</time></trkpt><trkpt lat="59.162715" lon="11.492223"><ele>0.000000</ele><time>2026-09-13T11:36:02.002Z</time></trkpt><trkpt lat="59.162718" lon="11.492244"><ele>0.000000</ele><time>2026-09-13T11:36:04.004Z</time></trkpt><trkpt lat="59.162721" lon="11.492265"><ele>0.000000</ele><time>2026-09-13T11:36:06.006Z</time></trkpt><trkpt lat="59.162723" lon="11.492285"><ele>0.000000</ele><time>2026-09-13T11:36:08.008Z</time></trkpt><trkpt lat="59.162725" lon="11.492304"><ele>0.000000</ele><time>2026-09-13T11:36:10.010Z</time></trkpt><trkpt lat="59.162728" lon="11.492295"><ele>0.000000</ele><time>2026-09-13T11:36:24.024Z</time></trkpt><trkpt lat="59.162728" lon="11.492267"><ele>0.000000</ele><time>2026-09-13T11:36:33.033Z</time></trkpt><trkpt lat="59.162725" lon="11.492252"><ele>0.000000</ele><time>2026-09-13T11:36:41.041Z</time></trkpt><trkpt lat="59.162720" lon="11.492230"><ele>0.000000</ele><time>2026-09-13T11:36:51.051Z</time></trkpt><trkpt lat="59.162714" lon="11.492216"><ele>0.000000</ele><time>2026-09-13T11:36:56.056Z</time></trkpt><trkpt lat="59.162720" lon="11.492206"><ele>0.000000</ele><time>2026-09-13T11:37:11.011Z</time></trkpt><trkpt lat="59.162727" lon="11.492198"><ele>0.000000</ele><time>2026-09-13T11:37:13.013Z</time></trkpt><trkpt lat="59.162737" lon="11.492184"><ele>0.000000</ele><time>2026-09-13T11:37:16.016Z</time></trkpt><trkpt lat="59.162745" lon="11.492169"><ele>0.000000</ele><time>2026-09-13T11:37:18.018Z</time></trkpt><trkpt lat="59.162754" lon="11.492153"><ele>0.000000</ele><time>2026-09-13T11:37:20.020Z</time></trkpt><trkpt lat="59.162764" lon="11.492138"><ele>0.000000</ele><time>2026-09-13T11:37:22.022Z</time></trkpt><trkpt lat="59.162773" lon="11.492121"><ele>0.000000</ele><time>2026-09-13T11:37:24.024Z</time></trkpt><trkpt lat="59.162781" lon="11.492103"><ele>0.000000</ele><time>2026-09-13T11:37:26.026Z</time></trkpt><trkpt lat="59.162789" lon="11.492087"><ele>0.000000</ele><time>2026-09-13T11:37:28.028Z</time></trkpt><trkpt lat="59.162795" lon="11.492072"><ele>0.000000</ele><time>2026-09-13T11:37:30.030Z</time></trkpt><trkpt lat="59.162800" lon="11.492055"><ele>0.000000</ele><time>2026-09-13T11:37:32.032Z</time></trkpt><trkpt lat="59.162806" lon="11.492028"><ele>0.000000</ele><time>2026-09-13T11:37:36.036Z</time></trkpt><trkpt lat="59.162805" lon="11.492005"><ele>0.000000</ele><time>2026-09-13T11:37:39.039Z</time></trkpt><trkpt lat="59.162801" lon="11.491980"><ele>0.000000</ele><time>2026-09-13T11:37:42.042Z</time></trkpt><trkpt lat="59.162797" lon="11.491961"><ele>0.000000</ele><time>2026-09-13T11:37:44.044Z</time></trkpt><trkpt lat="59.162791" lon="11.491938"><ele>0.000000</ele><time>2026-09-13T11:37:46.046Z</time></trkpt><trkpt lat="59.162784" lon="11.491914"><ele>0.000000</ele><time>2026-09-13T11:37:48.048Z</time></trkpt><trkpt lat="59.162776" lon="11.491891"><ele>0.000000</ele><time>2026-09-13T11:37:50.050Z</time></trkpt><trkpt lat="59.162769" lon="11.491868"><ele>0.000000</ele><time>2026-09-13T11:37:52.052Z</time></trkpt><trkpt lat="59.162761" lon="11.491846"><ele>0.000000</ele><time>2026-09-13T11:37:54.054Z</time></trkpt><trkpt lat="59.162754" lon="11.491825"><ele>0.000000</ele><time>2026-09-13T11:37:56.056Z</time></trkpt><trkpt lat="59.162749" lon="11.491804"><ele>0.000000</ele><time>2026-09-13T11:37:58.058Z</time></trkpt><trkpt lat="59.162745" lon="11.491781"><ele>0.000000</ele><time>2026-09-13T11:38:00.000Z</time></trkpt><trkpt lat="59.162742" lon="11.491756"><ele>0.000000</ele><time>2026-09-13T11:38:02.002Z</time></trkpt><trkpt lat="59.162742" lon="11.491729"><ele>0.000000</ele><time>2026-09-13T11:38:04.004Z</time></trkpt><trkpt lat="59.162742" lon="11.491712"><ele>0.000000</ele><time>2026-09-13T11:38:05.005Z</time></trkpt><trkpt lat="59.162744" lon="11.491682"><ele>0.000000</ele><time>2026-09-13T11:38:07.007Z</time></trkpt><trkpt lat="59.162746" lon="11.491664"><ele>0.000000</ele><time>2026-09-13T11:38:08.008Z</time></trkpt><trkpt lat="59.162750" lon="11.491632"><ele>0.000000</ele><time>2026-09-13T11:38:10.010Z</time></trkpt><trkpt lat="59.162754" lon="11.491613"><ele>0.000000</ele><time>2026-09-13T11:38:11.011Z</time></trkpt><trkpt lat="59.162758" lon="11.491595"><ele>0.000000</ele><time>2026-09-13T11:38:12.012Z</time></trkpt><trkpt lat="59.162763" lon="11.491576"><ele>0.000000</ele><time>2026-09-13T11:38:13.013Z</time></trkpt><trkpt lat="59.162768" lon="11.491558"><ele>0.000000</ele><time>2026-09-13T11:38:14.014Z</time></trkpt><trkpt lat="59.162774" lon="11.491537"><ele>0.000000</ele><time>2026-09-13T11:38:15.015Z</time></trkpt><trkpt lat="59.162780" lon="11.491517"><ele>0.000000</ele><time>2026-09-13T11:38:16.016Z</time></trkpt><trkpt lat="59.162786" lon="11.491498"><ele>0.000000</ele><time>2026-09-13T11:38:17.017Z</time></trkpt><trkpt lat="59.162793" lon="11.491476"><ele>0.000000</ele><time>2026-09-13T11:38:18.018Z</time></trkpt><trkpt lat="59.162801" lon="11.491453"><ele>0.000000</ele><time>2026-09-13T11:38:19.019Z</time></trkpt><trkpt lat="59.162810" lon="11.491427"><ele>0.000000</ele><time>2026-09-13T11:38:20.020Z</time></trkpt><trkpt lat="59.162826" lon="11.491379"><ele>0.000000</ele><time>2026-09-13T11:38:22.022Z</time></trkpt><trkpt lat="59.162835" lon="11.491352"><ele>0.000000</ele><time>2026-09-13T11:38:23.023Z</time></trkpt><trkpt lat="59.162844" lon="11.491326"><ele>0.000000</ele><time>2026-09-13T11:38:24.024Z</time></trkpt><trkpt lat="59.162853" lon="11.491301"><ele>0.000000</ele><time>2026-09-13T11:38:25.025Z</time></trkpt><trkpt lat="59.162862" lon="11.491276"><ele>0.000000</ele><time>2026-09-13T11:38:26.026Z</time></trkpt><trkpt lat="59.162871" lon="11.491251"><ele>0.000000</ele><time>2026-09-13T11:38:27.027Z</time></trkpt><trkpt lat="59.162879" lon="11.491228"><ele>0.000000</ele><time>2026-09-13T11:38:28.028Z</time></trkpt><trkpt lat="59.162888" lon="11.491203"><ele>0.000000</ele><time>2026-09-13T11:38:29.029Z</time></trkpt><trkpt lat="59.162896" lon="11.491181"><ele>0.000000</ele><time>2026-09-13T11:38:30.030Z</time></trkpt><trkpt lat="59.162906" lon="11.491156"><ele>0.000000</ele><time>2026-09-13T11:38:31.031Z</time></trkpt><trkpt lat="59.162916" lon="11.491132"><ele>0.000000</ele><time>2026-09-13T11:38:32.032Z</time></trkpt><trkpt lat="59.162926" lon="11.491109"><ele>0.000000</ele><time>2026-09-13T11:38:33.033Z</time></trkpt><trkpt lat="59.162936" lon="11.491087"><ele>0.000000</ele><time>2026-09-13T11:38:34.034Z</time></trkpt><trkpt lat="59.162946" lon="11.491065"><ele>0.000000</ele><time>2026-09-13T11:38:35.035Z</time></trkpt><trkpt lat="59.162956" lon="11.491043"><ele>0.000000</ele><time>2026-09-13T11:38:36.036Z</time></trkpt><trkpt lat="59.162966" lon="11.491021"><ele>0.000000</ele><time>2026-09-13T11:38:37.037Z</time></trkpt><trkpt lat="59.162976" lon="11.490999"><ele>0.000000</ele><time>2026-09-13T11:38:38.038Z</time></trkpt><trkpt lat="59.162987" lon="11.490979"><ele>0.000000</ele><time>2026-09-13T11:38:39.039Z</time></trkpt><trkpt lat="59.162997" lon="11.490960"><ele>0.000000</ele><time>2026-09-13T11:38:40.040Z</time></trkpt><trkpt lat="59.163008" lon="11.490943"><ele>0.000000</ele><time>2026-09-13T11:38:41.041Z</time></trkpt><trkpt lat="59.163019" lon="11.490926"><ele>0.000000</ele><time>2026-09-13T11:38:42.042Z</time></trkpt><trkpt lat="59.163029" lon="11.490911"><ele>0.000000</ele><time>2026-09-13T11:38:43.043Z</time></trkpt><trkpt lat="59.163039" lon="11.490898"><ele>0.000000</ele><time>2026-09-13T11:38:44.044Z</time></trkpt><trkpt lat="59.163049" lon="11.490885"><ele>0.000000</ele><time>2026-09-13T11:38:45.045Z</time></trkpt><trkpt lat="59.163059" lon="11.490874"><ele>0.000000</ele><time>2026-09-13T11:38:46.046Z</time></trkpt><trkpt lat="59.163068" lon="11.490864"><ele>0.000000</ele><time>2026-09-13T11:38:47.047Z</time></trkpt><trkpt lat="59.163077" lon="11.490854"><ele>0.000000</ele><time>2026-09-13T11:38:48.048Z</time></trkpt><trkpt lat="59.163086" lon="11.490844"><ele>0.000000</ele><time>2026-09-13T11:38:49.049Z</time></trkpt><trkpt lat="59.163095" lon="11.490835"><ele>0.000000</ele><time>2026-09-13T11:38:50.050Z</time></trkpt><trkpt lat="59.163103" lon="11.490828"><ele>0.000000</ele><time>2026-09-13T11:38:51.051Z</time></trkpt><trkpt lat="59.163120" lon="11.490812"><ele>0.000000</ele><time>2026-09-13T11:38:53.053Z</time></trkpt><trkpt lat="59.163135" lon="11.490800"><ele>0.000000</ele><time>2026-09-13T11:38:55.055Z</time></trkpt><trkpt lat="59.163150" lon="11.490790"><ele>0.000000</ele><time>2026-09-13T11:38:57.057Z</time></trkpt><trkpt lat="59.163165" lon="11.490782"><ele>0.000000</ele><time>2026-09-13T11:38:59.059Z</time></trkpt><trkpt lat="59.163179" lon="11.490774"><ele>0.000000</ele><time>2026-09-13T11:39:01.001Z</time></trkpt><trkpt lat="59.163192" lon="11.490768"><ele>0.000000</ele><time>2026-09-13T11:39:03.003Z</time></trkpt><trkpt lat="59.163205" lon="11.490762"><ele>0.000000</ele><time>2026-09-13T11:39:05.005Z</time></trkpt><trkpt lat="59.163217" lon="11.490756"><ele>0.000000</ele><time>2026-09-13T11:39:07.007Z</time></trkpt><trkpt lat="59.163229" lon="11.490749"><ele>0.000000</ele><time>2026-09-13T11:39:09.009Z</time></trkpt><trkpt lat="59.163240" lon="11.490741"><ele>0.000000</ele><time>2026-09-13T11:39:11.011Z</time></trkpt><trkpt lat="59.163250" lon="11.490732"><ele>0.000000</ele><time>2026-09-13T11:39:13.013Z</time></trkpt><trkpt lat="59.163260" lon="11.490722"><ele>0.000000</ele><time>2026-09-13T11:39:15.015Z</time></trkpt><trkpt lat="59.163269" lon="11.490712"><ele>0.000000</ele><time>2026-09-13T11:39:17.017Z</time></trkpt><trkpt lat="59.163278" lon="11.490702"><ele>0.000000</ele><time>2026-09-13T11:39:19.019Z</time></trkpt><trkpt lat="59.163286" lon="11.490692"><ele>0.000000</ele><time>2026-09-13T11:39:21.021Z</time></trkpt><trkpt lat="59.163294" lon="11.490681"><ele>0.000000</ele><time>2026-09-13T11:39:23.023Z</time></trkpt><trkpt lat="59.163299" lon="11.490666"><ele>0.000000</ele><time>2026-09-13T11:39:25.025Z</time></trkpt><trkpt lat="59.163309" lon="11.490650"><ele>0.000000</ele><time>2026-09-13T11:39:28.028Z</time></trkpt><trkpt lat="59.163316" lon="11.490641"><ele>0.000000</ele><time>2026-09-13T11:39:30.030Z</time></trkpt><trkpt lat="59.163327" lon="11.490626"><ele>0.000000</ele><time>2026-09-13T11:39:33.033Z</time></trkpt><trkpt lat="59.163337" lon="11.490607"><ele>0.000000</ele><time>2026-09-13T11:39:36.036Z</time></trkpt><trkpt lat="59.163343" lon="11.490591"><ele>0.000000</ele><time>2026-09-13T11:39:38.038Z</time></trkpt><trkpt lat="59.163350" lon="11.490569"><ele>0.000000</ele><time>2026-09-13T11:39:40.040Z</time></trkpt><trkpt lat="59.163356" lon="11.490547"><ele>0.000000</ele><time>2026-09-13T11:39:42.042Z</time></trkpt><trkpt lat="59.163363" lon="11.490523"><ele>0.000000</ele><time>2026-09-13T11:39:44.044Z</time></trkpt><trkpt lat="59.163371" lon="11.490501"><ele>0.000000</ele><time>2026-09-13T11:39:46.046Z</time></trkpt><trkpt lat="59.163379" lon="11.490478"><ele>0.000000</ele><time>2026-09-13T11:39:48.048Z</time></trkpt><trkpt lat="59.163386" lon="11.490457"><ele>0.000000</ele><time>2026-09-13T11:39:50.050Z</time></trkpt><trkpt lat="59.163394" lon="11.490436"><ele>0.000000</ele><time>2026-09-13T11:39:52.052Z</time></trkpt><trkpt lat="59.163402" lon="11.490416"><ele>0.000000</ele><time>2026-09-13T11:39:54.054Z</time></trkpt><trkpt lat="59.163409" lon="11.490397"><ele>0.000000</ele><time>2026-09-13T11:39:56.056Z</time></trkpt><trkpt lat="59.163416" lon="11.490380"><ele>0.000000</ele><time>2026-09-13T11:39:58.058Z</time></trkpt><trkpt lat="59.163425" lon="11.490364"><ele>0.000000</ele><time>2026-09-13T11:40:00.000Z</time></trkpt><trkpt lat="59.163432" lon="11.490351"><ele>0.000000</ele><time>2026-09-13T11:40:02.002Z</time></trkpt><trkpt lat="59.163437" lon="11.490343"><ele>0.000000</ele><time>2026-09-13T11:40:03.003Z</time></trkpt><trkpt lat="59.163446" lon="11.490329"><ele>0.000000</ele><time>2026-09-13T11:40:05.005Z</time></trkpt><trkpt lat="59.163452" lon="11.490321"><ele>0.000000</ele><time>2026-09-13T11:40:06.006Z</time></trkpt><trkpt lat="59.163462" lon="11.490306"><ele>0.000000</ele><time>2026-09-13T11:40:08.008Z</time></trkpt><trkpt lat="59.163468" lon="11.490295"><ele>0.000000</ele><time>2026-09-13T11:40:09.009Z</time></trkpt><trkpt lat="59.163480" lon="11.490277"><ele>0.000000</ele><time>2026-09-13T11:40:11.011Z</time></trkpt><trkpt lat="59.163489" lon="11.490267"><ele>0.000000</ele><time>2026-09-13T11:40:12.012Z</time></trkpt><trkpt lat="59.163503" lon="11.490249"><ele>0.000000</ele><time>2026-09-13T11:40:14.014Z</time></trkpt><trkpt lat="59.163517" lon="11.490233"><ele>0.000000</ele><time>2026-09-13T11:40:16.016Z</time></trkpt><trkpt lat="59.163532" lon="11.490220"><ele>0.000000</ele><time>2026-09-13T11:40:18.018Z</time></trkpt><trkpt lat="59.163547" lon="11.490210"><ele>0.000000</ele><time>2026-09-13T11:40:20.020Z</time></trkpt><trkpt lat="59.163560" lon="11.490199"><ele>0.000000</ele><time>2026-09-13T11:40:22.022Z</time></trkpt><trkpt lat="59.163574" lon="11.490192"><ele>0.000000</ele><time>2026-09-13T11:40:24.024Z</time></trkpt><trkpt lat="59.163588" lon="11.490186"><ele>0.000000</ele><time>2026-09-13T11:40:26.026Z</time></trkpt><trkpt lat="59.163600" lon="11.490180"><ele>0.000000</ele><time>2026-09-13T11:40:28.028Z</time></trkpt><trkpt lat="59.163612" lon="11.490173"><ele>0.000000</ele><time>2026-09-13T11:40:30.030Z</time></trkpt><trkpt lat="59.163624" lon="11.490168"><ele>0.000000</ele><time>2026-09-13T11:40:32.032Z</time></trkpt><trkpt lat="59.163635" lon="11.490163"><ele>0.000000</ele><time>2026-09-13T11:40:34.034Z</time></trkpt><trkpt lat="59.163648" lon="11.490160"><ele>0.000000</ele><time>2026-09-13T11:40:36.036Z</time></trkpt><trkpt lat="59.163662" lon="11.490156"><ele>0.000000</ele><time>2026-09-13T11:40:38.038Z</time></trkpt><trkpt lat="59.163670" lon="11.490152"><ele>0.000000</ele><time>2026-09-13T11:40:39.039Z</time></trkpt><trkpt lat="59.163686" lon="11.490143"><ele>0.000000</ele><time>2026-09-13T11:40:41.041Z</time></trkpt><trkpt lat="59.163696" lon="11.490137"><ele>0.000000</ele><time>2026-09-13T11:40:42.042Z</time></trkpt><trkpt lat="59.163712" lon="11.490125"><ele>0.000000</ele><time>2026-09-13T11:40:44.044Z</time></trkpt><trkpt lat="59.163728" lon="11.490111"><ele>0.000000</ele><time>2026-09-13T11:40:46.046Z</time></trkpt><trkpt lat="59.163744" lon="11.490096"><ele>0.000000</ele><time>2026-09-13T11:40:48.048Z</time></trkpt><trkpt lat="59.163759" lon="11.490081"><ele>0.000000</ele><time>2026-09-13T11:40:50.050Z</time></trkpt><trkpt lat="59.163773" lon="11.490065"><ele>0.000000</ele><time>2026-09-13T11:40:52.052Z</time></trkpt><trkpt lat="59.163786" lon="11.490048"><ele>0.000000</ele><time>2026-09-13T11:40:54.054Z</time></trkpt><trkpt lat="59.163798" lon="11.490032"><ele>0.000000</ele><time>2026-09-13T11:40:56.056Z</time></trkpt><trkpt lat="59.163809" lon="11.490017"><ele>0.000000</ele><time>2026-09-13T11:40:58.058Z</time></trkpt><trkpt lat="59.163819" lon="11.490001"><ele>0.000000</ele><time>2026-09-13T11:41:00.000Z</time></trkpt><trkpt lat="59.163828" lon="11.489986"><ele>0.000000</ele><time>2026-09-13T11:41:02.002Z</time></trkpt><trkpt lat="59.163837" lon="11.489972"><ele>0.000000</ele><time>2026-09-13T11:41:04.004Z</time></trkpt><trkpt lat="59.163846" lon="11.489959"><ele>0.000000</ele><time>2026-09-13T11:41:06.006Z</time></trkpt><trkpt lat="59.163855" lon="11.489946"><ele>0.000000</ele><time>2026-09-13T11:41:08.008Z</time></trkpt><trkpt lat="59.163863" lon="11.489932"><ele>0.000000</ele><time>2026-09-13T11:41:10.010Z</time></trkpt><trkpt lat="59.163875" lon="11.489912"><ele>0.000000</ele><time>2026-09-13T11:41:13.013Z</time></trkpt><trkpt lat="59.163883" lon="11.489899"><ele>0.000000</ele><time>2026-09-13T11:41:15.015Z</time></trkpt><trkpt lat="59.163888" lon="11.489890"><ele>0.000000</ele><time>2026-09-13T11:41:16.016Z</time></trkpt><trkpt lat="59.163897" lon="11.489872"><ele>0.000000</ele><time>2026-09-13T11:41:18.018Z</time></trkpt><trkpt lat="59.163904" lon="11.489860"><ele>0.000000</ele><time>2026-09-13T11:41:19.019Z</time></trkpt><trkpt lat="59.163916" lon="11.489839"><ele>0.000000</ele><time>2026-09-13T11:41:21.021Z</time></trkpt><trkpt lat="59.163923" lon="11.489827"><ele>0.000000</ele><time>2026-09-13T11:41:22.022Z</time></trkpt><trkpt lat="59.163932" lon="11.489818"><ele>0.000000</ele><time>2026-09-13T11:41:23.023Z</time></trkpt><trkpt lat="59.163946" lon="11.489800"><ele>0.000000</ele><time>2026-09-13T11:41:25.025Z</time></trkpt><trkpt lat="59.163962" lon="11.489785"><ele>0.000000</ele><time>2026-09-13T11:41:27.027Z</time></trkpt><trkpt lat="59.163977" lon="11.489772"><ele>0.000000</ele><time>2026-09-13T11:41:29.029Z</time></trkpt><trkpt lat="59.163993" lon="11.489762"><ele>0.000000</ele><time>2026-09-13T11:41:31.031Z</time></trkpt><trkpt lat="59.164009" lon="11.489755"><ele>0.000000</ele><time>2026-09-13T11:41:33.033Z</time></trkpt><trkpt lat="59.164024" lon="11.489750"><ele>0.000000</ele><time>2026-09-13T11:41:35.035Z</time></trkpt><trkpt lat="59.164033" lon="11.489749"><ele>0.000000</ele><time>2026-09-13T11:41:36.036Z</time></trkpt><trkpt lat="59.164050" lon="11.489743"><ele>0.000000</ele><time>2026-09-13T11:41:38.038Z</time></trkpt><trkpt lat="59.164061" lon="11.489741"><ele>0.000000</ele><time>2026-09-13T11:41:39.039Z</time></trkpt><trkpt lat="59.164080" lon="11.489737"><ele>0.000000</ele><time>2026-09-13T11:41:41.041Z</time></trkpt><trkpt lat="59.164091" lon="11.489737"><ele>0.000000</ele><time>2026-09-13T11:41:42.042Z</time></trkpt><trkpt lat="59.164102" lon="11.489736"><ele>0.000000</ele><time>2026-09-13T11:41:43.043Z</time></trkpt><trkpt lat="59.164114" lon="11.489736"><ele>0.000000</ele><time>2026-09-13T11:41:44.044Z</time></trkpt><trkpt lat="59.164136" lon="11.489731"><ele>0.000000</ele><time>2026-09-13T11:41:46.046Z</time></trkpt><trkpt lat="59.164149" lon="11.489729"><ele>0.000000</ele><time>2026-09-13T11:41:47.047Z</time></trkpt><trkpt lat="59.164161" lon="11.489726"><ele>0.000000</ele><time>2026-09-13T11:41:48.048Z</time></trkpt><trkpt lat="59.164174" lon="11.489722"><ele>0.000000</ele><time>2026-09-13T11:41:49.049Z</time></trkpt><trkpt lat="59.164201" lon="11.489716"><ele>0.000000</ele><time>2026-09-13T11:41:51.051Z</time></trkpt><trkpt lat="59.164225" lon="11.489707"><ele>0.000000</ele><time>2026-09-13T11:41:53.053Z</time></trkpt><trkpt lat="59.164239" lon="11.489700"><ele>0.000000</ele><time>2026-09-13T11:41:54.054Z</time></trkpt><trkpt lat="59.164252" lon="11.489693"><ele>0.000000</ele><time>2026-09-13T11:41:55.055Z</time></trkpt><trkpt lat="59.164264" lon="11.489686"><ele>0.000000</ele><time>2026-09-13T11:41:56.056Z</time></trkpt><trkpt lat="59.164276" lon="11.489679"><ele>0.000000</ele><time>2026-09-13T11:41:57.057Z</time></trkpt><trkpt lat="59.164288" lon="11.489673"><ele>0.000000</ele><time>2026-09-13T11:41:58.058Z</time></trkpt><trkpt lat="59.164299" lon="11.489667"><ele>0.000000</ele><time>2026-09-13T11:41:59.059Z</time></trkpt><trkpt lat="59.164310" lon="11.489660"><ele>0.000000</ele><time>2026-09-13T11:42:00.000Z</time></trkpt><trkpt lat="59.164321" lon="11.489654"><ele>0.000000</ele><time>2026-09-13T11:42:01.001Z</time></trkpt><trkpt lat="59.164331" lon="11.489649"><ele>0.000000</ele><time>2026-09-13T11:42:02.002Z</time></trkpt><trkpt lat="59.164341" lon="11.489644"><ele>0.000000</ele><time>2026-09-13T11:42:03.003Z</time></trkpt><trkpt lat="59.164351" lon="11.489640"><ele>0.000000</ele><time>2026-09-13T11:42:04.004Z</time></trkpt><trkpt lat="59.164361" lon="11.489637"><ele>0.000000</ele><time>2026-09-13T11:42:05.005Z</time></trkpt><trkpt lat="59.164370" lon="11.489634"><ele>0.000000</ele><time>2026-09-13T11:42:06.006Z</time></trkpt><trkpt lat="59.164388" lon="11.489628"><ele>0.000000</ele><time>2026-09-13T11:42:08.008Z</time></trkpt><trkpt lat="59.164405" lon="11.489623"><ele>0.000000</ele><time>2026-09-13T11:42:10.010Z</time></trkpt><trkpt lat="59.164422" lon="11.489621"><ele>0.000000</ele><time>2026-09-13T11:42:12.012Z</time></trkpt><trkpt lat="59.164430" lon="11.489619"><ele>0.000000</ele><time>2026-09-13T11:42:13.013Z</time></trkpt><trkpt lat="59.164447" lon="11.489615"><ele>0.000000</ele><time>2026-09-13T11:42:15.015Z</time></trkpt><trkpt lat="59.164456" lon="11.489613"><ele>0.000000</ele><time>2026-09-13T11:42:16.016Z</time></trkpt><trkpt lat="59.164465" lon="11.489613"><ele>0.000000</ele><time>2026-09-13T11:42:17.017Z</time></trkpt><trkpt lat="59.164477" lon="11.489613"><ele>0.000000</ele><time>2026-09-13T11:42:18.018Z</time></trkpt><trkpt lat="59.164489" lon="11.489613"><ele>0.000000</ele><time>2026-09-13T11:42:19.019Z</time></trkpt><trkpt lat="59.164502" lon="11.489614"><ele>0.000000</ele><time>2026-09-13T11:42:20.020Z</time></trkpt><trkpt lat="59.164516" lon="11.489615"><ele>0.000000</ele><time>2026-09-13T11:42:21.021Z</time></trkpt><trkpt lat="59.164530" lon="11.489614"><ele>0.000000</ele><time>2026-09-13T11:42:22.022Z</time></trkpt><trkpt lat="59.164556" lon="11.489608"><ele>0.000000</ele><time>2026-09-13T11:42:24.024Z</time></trkpt><trkpt lat="59.164571" lon="11.489604"><ele>0.000000</ele><time>2026-09-13T11:42:25.025Z</time></trkpt><trkpt lat="59.164584" lon="11.489599"><ele>0.000000</ele><time>2026-09-13T11:42:26.026Z</time></trkpt><trkpt lat="59.164600" lon="11.489597"><ele>0.000000</ele><time>2026-09-13T11:42:27.027Z</time></trkpt><trkpt lat="59.164615" lon="11.489594"><ele>0.000000</ele><time>2026-09-13T11:42:28.028Z</time></trkpt><trkpt lat="59.164630" lon="11.489591"><ele>0.000000</ele><time>2026-09-13T11:42:29.029Z</time></trkpt><trkpt lat="59.164645" lon="11.489587"><ele>0.000000</ele><time>2026-09-13T11:42:30.030Z</time></trkpt><trkpt lat="59.164660" lon="11.489583"><ele>0.000000</ele><time>2026-09-13T11:42:31.031Z</time></trkpt><trkpt lat="59.164676" lon="11.489580"><ele>0.000000</ele><time>2026-09-13T11:42:32.032Z</time></trkpt><trkpt lat="59.164691" lon="11.489578"><ele>0.000000</ele><time>2026-09-13T11:42:33.033Z</time></trkpt><trkpt lat="59.164720" lon="11.489573"><ele>0.000000</ele><time>2026-09-13T11:42:35.035Z</time></trkpt><trkpt lat="59.164735" lon="11.489572"><ele>0.000000</ele><time>2026-09-13T11:42:36.036Z</time></trkpt><trkpt lat="59.164751" lon="11.489571"><ele>0.000000</ele><time>2026-09-13T11:42:37.037Z</time></trkpt><trkpt lat="59.164782" lon="11.489572"><ele>0.000000</ele><time>2026-09-13T11:42:39.039Z</time></trkpt><trkpt lat="59.164796" lon="11.489575"><ele>0.000000</ele><time>2026-09-13T11:42:40.040Z</time></trkpt><trkpt lat="59.164811" lon="11.489578"><ele>0.000000</ele><time>2026-09-13T11:42:41.041Z</time></trkpt><trkpt lat="59.164825" lon="11.489583"><ele>0.000000</ele><time>2026-09-13T11:42:42.042Z</time></trkpt><trkpt lat="59.164839" lon="11.489585"><ele>0.000000</ele><time>2026-09-13T11:42:43.043Z</time></trkpt><trkpt lat="59.164854" lon="11.489590"><ele>0.000000</ele><time>2026-09-13T11:42:44.044Z</time></trkpt><trkpt lat="59.164868" lon="11.489596"><ele>0.000000</ele><time>2026-09-13T11:42:45.045Z</time></trkpt><trkpt lat="59.164881" lon="11.489602"><ele>0.000000</ele><time>2026-09-13T11:42:46.046Z</time></trkpt><trkpt lat="59.164895" lon="11.489609"><ele>0.000000</ele><time>2026-09-13T11:42:47.047Z</time></trkpt><trkpt lat="59.164907" lon="11.489616"><ele>0.000000</ele><time>2026-09-13T11:42:48.048Z</time></trkpt><trkpt lat="59.164919" lon="11.489622"><ele>0.000000</ele><time>2026-09-13T11:42:49.049Z</time></trkpt><trkpt lat="59.164931" lon="11.489629"><ele>0.000000</ele><time>2026-09-13T11:42:50.050Z</time></trkpt><trkpt lat="59.164942" lon="11.489636"><ele>0.000000</ele><time>2026-09-13T11:42:51.051Z</time></trkpt><trkpt lat="59.164952" lon="11.489645"><ele>0.000000</ele><time>2026-09-13T11:42:52.052Z</time></trkpt><trkpt lat="59.164962" lon="11.489654"><ele>0.000000</ele><time>2026-09-13T11:42:53.053Z</time></trkpt><trkpt lat="59.164971" lon="11.489664"><ele>0.000000</ele><time>2026-09-13T11:42:54.054Z</time></trkpt><trkpt lat="59.164980" lon="11.489675"><ele>0.000000</ele><time>2026-09-13T11:42:55.055Z</time></trkpt><trkpt lat="59.164988" lon="11.489686"><ele>0.000000</ele><time>2026-09-13T11:42:56.056Z</time></trkpt><trkpt lat="59.164996" lon="11.489698"><ele>0.000000</ele><time>2026-09-13T11:42:57.057Z</time></trkpt><trkpt lat="59.165003" lon="11.489710"><ele>0.000000</ele><time>2026-09-13T11:42:58.058Z</time></trkpt><trkpt lat="59.165017" lon="11.489732"><ele>0.000000</ele><time>2026-09-13T11:43:00.000Z</time></trkpt><trkpt lat="59.165023" lon="11.489747"><ele>0.000000</ele><time>2026-09-13T11:43:01.001Z</time></trkpt><trkpt lat="59.165036" lon="11.489770"><ele>0.000000</ele><time>2026-09-13T11:43:03.003Z</time></trkpt><trkpt lat="59.165043" lon="11.489785"><ele>0.000000</ele><time>2026-09-13T11:43:04.004Z</time></trkpt><trkpt lat="59.165057" lon="11.489812"><ele>0.000000</ele><time>2026-09-13T11:43:06.006Z</time></trkpt><trkpt lat="59.165066" lon="11.489827"><ele>0.000000</ele><time>2026-09-13T11:43:07.007Z</time></trkpt><trkpt lat="59.165075" lon="11.489842"><ele>0.000000</ele><time>2026-09-13T11:43:08.008Z</time></trkpt><trkpt lat="59.165084" lon="11.489856"><ele>0.000000</ele><time>2026-09-13T11:43:09.009Z</time></trkpt><trkpt lat="59.165104" lon="11.489879"><ele>0.000000</ele><time>2026-09-13T11:43:11.011Z</time></trkpt><trkpt lat="59.165116" lon="11.489890"><ele>0.000000</ele><time>2026-09-13T11:43:12.012Z</time></trkpt><trkpt lat="59.165140" lon="11.489911"><ele>0.000000</ele><time>2026-09-13T11:43:14.014Z</time></trkpt><trkpt lat="59.165153" lon="11.489919"><ele>0.000000</ele><time>2026-09-13T11:43:15.015Z</time></trkpt><trkpt lat="59.165166" lon="11.489925"><ele>0.000000</ele><time>2026-09-13T11:43:16.016Z</time></trkpt><trkpt lat="59.165178" lon="11.489932"><ele>0.000000</ele><time>2026-09-13T11:43:17.017Z</time></trkpt><trkpt lat="59.165190" lon="11.489938"><ele>0.000000</ele><time>2026-09-13T11:43:18.018Z</time></trkpt><trkpt lat="59.165201" lon="11.489944"><ele>0.000000</ele><time>2026-09-13T11:43:19.019Z</time></trkpt><trkpt lat="59.165212" lon="11.489948"><ele>0.000000</ele><time>2026-09-13T11:43:20.020Z</time></trkpt><trkpt lat="59.165222" lon="11.489952"><ele>0.000000</ele><time>2026-09-13T11:43:21.021Z</time></trkpt><trkpt lat="59.165233" lon="11.489956"><ele>0.000000</ele><time>2026-09-13T11:43:22.022Z</time></trkpt><trkpt lat="59.165243" lon="11.489960"><ele>0.000000</ele><time>2026-09-13T11:43:23.023Z</time></trkpt><trkpt lat="59.165262" lon="11.489968"><ele>0.000000</ele><time>2026-09-13T11:43:25.025Z</time></trkpt><trkpt lat="59.165271" lon="11.489972"><ele>0.000000</ele><time>2026-09-13T11:43:26.026Z</time></trkpt><trkpt lat="59.165287" lon="11.489978"><ele>0.000000</ele><time>2026-09-13T11:43:28.028Z</time></trkpt><trkpt lat="59.165303" lon="11.489983"><ele>0.000000</ele><time>2026-09-13T11:43:30.030Z</time></trkpt><trkpt lat="59.165317" lon="11.489990"><ele>0.000000</ele><time>2026-09-13T11:43:32.032Z</time></trkpt><trkpt lat="59.165331" lon="11.489999"><ele>0.000000</ele><time>2026-09-13T11:43:34.034Z</time></trkpt><trkpt lat="59.165344" lon="11.490008"><ele>0.000000</ele><time>2026-09-13T11:43:36.036Z</time></trkpt><trkpt lat="59.165358" lon="11.490019"><ele>0.000000</ele><time>2026-09-13T11:43:38.038Z</time></trkpt><trkpt lat="59.165370" lon="11.490030"><ele>0.000000</ele><time>2026-09-13T11:43:40.040Z</time></trkpt><trkpt lat="59.165382" lon="11.490039"><ele>0.000000</ele><time>2026-09-13T11:43:42.042Z</time></trkpt><trkpt lat="59.165393" lon="11.490047"><ele>0.000000</ele><time>2026-09-13T11:43:44.044Z</time></trkpt><trkpt lat="59.165404" lon="11.490054"><ele>0.000000</ele><time>2026-09-13T11:43:46.046Z</time></trkpt><trkpt lat="59.165415" lon="11.490060"><ele>0.000000</ele><time>2026-09-13T11:43:48.048Z</time></trkpt><trkpt lat="59.165425" lon="11.490065"><ele>0.000000</ele><time>2026-09-13T11:43:50.050Z</time></trkpt><trkpt lat="59.165435" lon="11.490069"><ele>0.000000</ele><time>2026-09-13T11:43:52.052Z</time></trkpt><trkpt lat="59.165444" lon="11.490073"><ele>0.000000</ele><time>2026-09-13T11:43:54.054Z</time></trkpt><trkpt lat="59.165454" lon="11.490075"><ele>0.000000</ele><time>2026-09-13T11:43:56.056Z</time></trkpt><trkpt lat="59.165463" lon="11.490077"><ele>0.000000</ele><time>2026-09-13T11:43:58.058Z</time></trkpt><trkpt lat="59.165472" lon="11.490079"><ele>0.000000</ele><time>2026-09-13T11:44:00.000Z</time></trkpt><trkpt lat="59.165485" lon="11.490082"><ele>0.000000</ele><time>2026-09-13T11:44:03.003Z</time></trkpt><trkpt lat="59.165496" lon="11.490081"><ele>0.000000</ele><time>2026-09-13T11:44:06.006Z</time></trkpt><trkpt lat="59.165506" lon="11.490078"><ele>0.000000</ele><time>2026-09-13T11:44:08.008Z</time></trkpt><trkpt lat="59.165523" lon="11.490071"><ele>0.000000</ele><time>2026-09-13T11:44:11.011Z</time></trkpt><trkpt lat="59.165534" lon="11.490064"><ele>0.000000</ele><time>2026-09-13T11:44:13.013Z</time></trkpt><trkpt lat="59.165542" lon="11.490060"><ele>0.000000</ele><time>2026-09-13T11:44:14.014Z</time></trkpt><trkpt lat="59.165563" lon="11.490047"><ele>0.000000</ele><time>2026-09-13T11:44:17.017Z</time></trkpt><trkpt lat="59.165580" lon="11.490035"><ele>0.000000</ele><time>2026-09-13T11:44:19.019Z</time></trkpt><trkpt lat="59.165592" lon="11.490027"><ele>0.000000</ele><time>2026-09-13T11:44:20.020Z</time></trkpt><trkpt lat="59.165611" lon="11.490017"><ele>0.000000</ele><time>2026-09-13T11:44:22.022Z</time></trkpt><trkpt lat="59.165622" lon="11.490010"><ele>0.000000</ele><time>2026-09-13T11:44:23.023Z</time></trkpt><trkpt lat="59.165640" lon="11.489996"><ele>0.000000</ele><time>2026-09-13T11:44:25.025Z</time></trkpt><trkpt lat="59.165651" lon="11.489989"><ele>0.000000</ele><time>2026-09-13T11:44:26.026Z</time></trkpt><trkpt lat="59.165670" lon="11.489976"><ele>0.000000</ele><time>2026-09-13T11:44:28.028Z</time></trkpt><trkpt lat="59.165688" lon="11.489963"><ele>0.000000</ele><time>2026-09-13T11:44:30.030Z</time></trkpt><trkpt lat="59.165705" lon="11.489951"><ele>0.000000</ele><time>2026-09-13T11:44:32.032Z</time></trkpt><trkpt lat="59.165721" lon="11.489936"><ele>0.000000</ele><time>2026-09-13T11:44:34.034Z</time></trkpt><trkpt lat="59.165729" lon="11.489928"><ele>0.000000</ele><time>2026-09-13T11:44:35.035Z</time></trkpt><trkpt lat="59.165745" lon="11.489915"><ele>0.000000</ele><time>2026-09-13T11:44:37.037Z</time></trkpt><trkpt lat="59.165753" lon="11.489908"><ele>0.000000</ele><time>2026-09-13T11:44:38.038Z</time></trkpt><trkpt lat="59.165768" lon="11.489893"><ele>0.000000</ele><time>2026-09-13T11:44:40.040Z</time></trkpt><trkpt lat="59.165777" lon="11.489883"><ele>0.000000</ele><time>2026-09-13T11:44:41.041Z</time></trkpt><trkpt lat="59.165792" lon="11.489866"><ele>0.000000</ele><time>2026-09-13T11:44:43.043Z</time></trkpt><trkpt lat="59.165802" lon="11.489855"><ele>0.000000</ele><time>2026-09-13T11:44:44.044Z</time></trkpt><trkpt lat="59.165818" lon="11.489834"><ele>0.000000</ele><time>2026-09-13T11:44:46.046Z</time></trkpt><trkpt lat="59.165827" lon="11.489819"><ele>0.000000</ele><time>2026-09-13T11:44:47.047Z</time></trkpt><trkpt lat="59.165835" lon="11.489805"><ele>0.000000</ele><time>2026-09-13T11:44:48.048Z</time></trkpt><trkpt lat="59.165844" lon="11.489792"><ele>0.000000</ele><time>2026-09-13T11:44:49.049Z</time></trkpt><trkpt lat="59.165852" lon="11.489779"><ele>0.000000</ele><time>2026-09-13T11:44:50.050Z</time></trkpt><trkpt lat="59.165861" lon="11.489766"><ele>0.000000</ele><time>2026-09-13T11:44:51.051Z</time></trkpt><trkpt lat="59.165876" lon="11.489743"><ele>0.000000</ele><time>2026-09-13T11:44:53.053Z</time></trkpt><trkpt lat="59.165891" lon="11.489721"><ele>0.000000</ele><time>2026-09-13T11:44:55.055Z</time></trkpt><trkpt lat="59.165904" lon="11.489699"><ele>0.000000</ele><time>2026-09-13T11:44:57.057Z</time></trkpt><trkpt lat="59.165917" lon="11.489678"><ele>0.000000</ele><time>2026-09-13T11:44:59.059Z</time></trkpt><trkpt lat="59.165928" lon="11.489659"><ele>0.000000</ele><time>2026-09-13T11:45:01.001Z</time></trkpt><trkpt lat="59.165938" lon="11.489640"><ele>0.000000</ele><time>2026-09-13T11:45:03.003Z</time></trkpt><trkpt lat="59.165948" lon="11.489622"><ele>0.000000</ele><time>2026-09-13T11:45:05.005Z</time></trkpt><trkpt lat="59.165958" lon="11.489605"><ele>0.000000</ele><time>2026-09-13T11:45:07.007Z</time></trkpt><trkpt lat="59.165968" lon="11.489591"><ele>0.000000</ele><time>2026-09-13T11:45:09.009Z</time></trkpt><trkpt lat="59.165978" lon="11.489576"><ele>0.000000</ele><time>2026-09-13T11:45:11.011Z</time></trkpt><trkpt lat="59.165987" lon="11.489561"><ele>0.000000</ele><time>2026-09-13T11:45:13.013Z</time></trkpt><trkpt lat="59.165999" lon="11.489538"><ele>0.000000</ele><time>2026-09-13T11:45:16.016Z</time></trkpt><trkpt lat="59.166006" lon="11.489524"><ele>0.000000</ele><time>2026-09-13T11:45:18.018Z</time></trkpt><trkpt lat="59.166015" lon="11.489508"><ele>0.000000</ele><time>2026-09-13T11:45:20.020Z</time></trkpt><trkpt lat="59.166022" lon="11.489493"><ele>0.000000</ele><time>2026-09-13T11:45:22.022Z</time></trkpt><trkpt lat="59.166032" lon="11.489475"><ele>0.000000</ele><time>2026-09-13T11:45:24.024Z</time></trkpt><trkpt lat="59.166040" lon="11.489454"><ele>0.000000</ele><time>2026-09-13T11:45:26.026Z</time></trkpt><trkpt lat="59.166045" lon="11.489441"><ele>0.000000</ele><time>2026-09-13T11:45:27.027Z</time></trkpt><trkpt lat="59.166053" lon="11.489417"><ele>0.000000</ele><time>2026-09-13T11:45:29.029Z</time></trkpt><trkpt lat="59.166061" lon="11.489392"><ele>0.000000</ele><time>2026-09-13T11:45:31.031Z</time></trkpt><trkpt lat="59.166069" lon="11.489367"><ele>0.000000</ele><time>2026-09-13T11:45:33.033Z</time></trkpt><trkpt lat="59.166076" lon="11.489342"><ele>0.000000</ele><time>2026-09-13T11:45:35.035Z</time></trkpt><trkpt lat="59.166082" lon="11.489318"><ele>0.000000</ele><time>2026-09-13T11:45:37.037Z</time></trkpt><trkpt lat="59.166087" lon="11.489294"><ele>0.000000</ele><time>2026-09-13T11:45:39.039Z</time></trkpt><trkpt lat="59.166093" lon="11.489272"><ele>0.000000</ele><time>2026-09-13T11:45:41.041Z</time></trkpt><trkpt lat="59.166100" lon="11.489253"><ele>0.000000</ele><time>2026-09-13T11:45:43.043Z</time></trkpt><trkpt lat="59.166108" lon="11.489236"><ele>0.000000</ele><time>2026-09-13T11:45:45.045Z</time></trkpt><trkpt lat="59.166115" lon="11.489220"><ele>0.000000</ele><time>2026-09-13T11:45:47.047Z</time></trkpt><trkpt lat="59.166121" lon="11.489204"><ele>0.000000</ele><time>2026-09-13T11:45:49.049Z</time></trkpt><trkpt lat="59.166125" lon="11.489188"><ele>0.000000</ele><time>2026-09-13T11:45:51.051Z</time></trkpt><trkpt lat="59.166131" lon="11.489164"><ele>0.000000</ele><time>2026-09-13T11:45:54.054Z</time></trkpt><trkpt lat="59.166134" lon="11.489142"><ele>0.000000</ele><time>2026-09-13T11:45:57.057Z</time></trkpt><trkpt lat="59.166135" lon="11.489122"><ele>0.000000</ele><time>2026-09-13T11:46:00.000Z</time></trkpt><trkpt lat="59.166134" lon="11.489104"><ele>0.000000</ele><time>2026-09-13T11:46:03.003Z</time></trkpt><trkpt lat="59.166131" lon="11.489082"><ele>0.000000</ele><time>2026-09-13T11:46:07.007Z</time></trkpt><trkpt lat="59.166123" lon="11.489052"><ele>0.000000</ele><time>2026-09-13T11:46:11.011Z</time></trkpt><trkpt lat="59.166116" lon="11.489024"><ele>0.000000</ele><time>2026-09-13T11:46:14.014Z</time></trkpt><trkpt lat="59.166108" lon="11.489002"><ele>0.000000</ele><time>2026-09-13T11:46:16.016Z</time></trkpt><trkpt lat="59.166103" lon="11.488989"><ele>0.000000</ele><time>2026-09-13T11:46:17.017Z</time></trkpt><trkpt lat="59.166093" lon="11.488968"><ele>0.000000</ele><time>2026-09-13T11:46:19.019Z</time></trkpt><trkpt lat="59.166082" lon="11.488952"><ele>0.000000</ele><time>2026-09-13T11:46:21.021Z</time></trkpt><trkpt lat="59.166070" lon="11.488938"><ele>0.000000</ele><time>2026-09-13T11:46:23.023Z</time></trkpt><trkpt lat="59.166057" lon="11.488928"><ele>0.000000</ele><time>2026-09-13T11:46:25.025Z</time></trkpt><trkpt lat="59.166044" lon="11.488919"><ele>0.000000</ele><time>2026-09-13T11:46:27.027Z</time></trkpt><trkpt lat="59.166032" lon="11.488912"><ele>0.000000</ele><time>2026-09-13T11:46:29.029Z</time></trkpt><trkpt lat="59.166021" lon="11.488908"><ele>0.000000</ele><time>2026-09-13T11:46:31.031Z</time></trkpt><trkpt lat="59.166010" lon="11.488905"><ele>0.000000</ele><time>2026-09-13T11:46:33.033Z</time></trkpt><trkpt lat="59.165998" lon="11.488901"><ele>0.000000</ele><time>2026-09-13T11:46:35.035Z</time></trkpt><trkpt lat="59.165980" lon="11.488896"><ele>0.000000</ele><time>2026-09-13T11:46:38.038Z</time></trkpt><trkpt lat="59.165969" lon="11.488897"><ele>0.000000</ele><time>2026-09-13T11:46:40.040Z</time></trkpt><trkpt lat="59.165956" lon="11.488897"><ele>0.000000</ele><time>2026-09-13T11:46:42.042Z</time></trkpt><trkpt lat="59.165943" lon="11.488895"><ele>0.000000</ele><time>2026-09-13T11:46:44.044Z</time></trkpt><trkpt lat="59.165931" lon="11.488894"><ele>0.000000</ele><time>2026-09-13T11:46:46.046Z</time></trkpt><trkpt lat="59.165924" lon="11.488894"><ele>0.000000</ele><time>2026-09-13T11:46:47.047Z</time></trkpt><trkpt lat="59.165916" lon="11.488892"><ele>0.000000</ele><time>2026-09-13T11:46:48.048Z</time></trkpt><trkpt lat="59.165901" lon="11.488888"><ele>0.000000</ele><time>2026-09-13T11:46:50.050Z</time></trkpt><trkpt lat="59.165885" lon="11.488884"><ele>0.000000</ele><time>2026-09-13T11:46:52.052Z</time></trkpt><trkpt lat="59.165868" lon="11.488877"><ele>0.000000</ele><time>2026-09-13T11:46:54.054Z</time></trkpt><trkpt lat="59.165852" lon="11.488866"><ele>0.000000</ele><time>2026-09-13T11:46:56.056Z</time></trkpt><trkpt lat="59.165836" lon="11.488853"><ele>0.000000</ele><time>2026-09-13T11:46:58.058Z</time></trkpt><trkpt lat="59.165822" lon="11.488839"><ele>0.000000</ele><time>2026-09-13T11:47:00.000Z</time></trkpt><trkpt lat="59.165809" lon="11.488825"><ele>0.000000</ele><time>2026-09-13T11:47:02.002Z</time></trkpt><trkpt lat="59.165797" lon="11.488810"><ele>0.000000</ele><time>2026-09-13T11:47:04.004Z</time></trkpt><trkpt lat="59.165787" lon="11.488796"><ele>0.000000</ele><time>2026-09-13T11:47:06.006Z</time></trkpt><trkpt lat="59.165778" lon="11.488782"><ele>0.000000</ele><time>2026-09-13T11:47:08.008Z</time></trkpt><trkpt lat="59.165769" lon="11.488769"><ele>0.000000</ele><time>2026-09-13T11:47:10.010Z</time></trkpt><trkpt lat="59.165762" lon="11.488756"><ele>0.000000</ele><time>2026-09-13T11:47:12.012Z</time></trkpt><trkpt lat="59.165753" lon="11.488738"><ele>0.000000</ele><time>2026-09-13T11:47:15.015Z</time></trkpt><trkpt lat="59.165746" lon="11.488719"><ele>0.000000</ele><time>2026-09-13T11:47:18.018Z</time></trkpt><trkpt lat="59.165740" lon="11.488700"><ele>0.000000</ele><time>2026-09-13T11:47:21.021Z</time></trkpt><trkpt lat="59.165737" lon="11.488685"><ele>0.000000</ele><time>2026-09-13T11:47:23.023Z</time></trkpt><trkpt lat="59.165732" lon="11.488667"><ele>0.000000</ele><time>2026-09-13T11:47:25.025Z</time></trkpt><trkpt lat="59.165727" lon="11.488647"><ele>0.000000</ele><time>2026-09-13T11:47:27.027Z</time></trkpt><trkpt lat="59.165724" lon="11.488632"><ele>0.000000</ele><time>2026-09-13T11:47:28.028Z</time></trkpt><trkpt lat="59.165717" lon="11.488606"><ele>0.000000</ele><time>2026-09-13T11:47:30.030Z</time></trkpt><trkpt lat="59.165713" lon="11.488587"><ele>0.000000</ele><time>2026-09-13T11:47:31.031Z</time></trkpt><trkpt lat="59.165703" lon="11.488557"><ele>0.000000</ele><time>2026-09-13T11:47:33.033Z</time></trkpt><trkpt lat="59.165697" lon="11.488539"><ele>0.000000</ele><time>2026-09-13T11:47:34.034Z</time></trkpt><trkpt lat="59.165691" lon="11.488521"><ele>0.000000</ele><time>2026-09-13T11:47:35.035Z</time></trkpt><trkpt lat="59.165685" lon="11.488500"><ele>0.000000</ele><time>2026-09-13T11:47:36.036Z</time></trkpt><trkpt lat="59.165674" lon="11.488467"><ele>0.000000</ele><time>2026-09-13T11:47:38.038Z</time></trkpt><trkpt lat="59.165666" lon="11.488446"><ele>0.000000</ele><time>2026-09-13T11:47:39.039Z</time></trkpt><trkpt lat="59.165652" lon="11.488407"><ele>0.000000</ele><time>2026-09-13T11:47:41.041Z</time></trkpt><trkpt lat="59.165639" lon="11.488370"><ele>0.000000</ele><time>2026-09-13T11:47:43.043Z</time></trkpt><trkpt lat="59.165631" lon="11.488348"><ele>0.000000</ele><time>2026-09-13T11:47:44.044Z</time></trkpt><trkpt lat="59.165615" lon="11.488308"><ele>0.000000</ele><time>2026-09-13T11:47:46.046Z</time></trkpt><trkpt lat="59.165607" lon="11.488286"><ele>0.000000</ele><time>2026-09-13T11:47:47.047Z</time></trkpt><trkpt lat="59.165599" lon="11.488267"><ele>0.000000</ele><time>2026-09-13T11:47:48.048Z</time></trkpt><trkpt lat="59.165591" lon="11.488248"><ele>0.000000</ele><time>2026-09-13T11:47:49.049Z</time></trkpt><trkpt lat="59.165582" lon="11.488229"><ele>0.000000</ele><time>2026-09-13T11:47:50.050Z</time></trkpt><trkpt lat="59.165572" lon="11.488209"><ele>0.000000</ele><time>2026-09-13T11:47:51.051Z</time></trkpt><trkpt lat="59.165556" lon="11.488172"><ele>0.000000</ele><time>2026-09-13T11:47:53.053Z</time></trkpt><trkpt lat="59.165546" lon="11.488152"><ele>0.000000</ele><time>2026-09-13T11:47:54.054Z</time></trkpt><trkpt lat="59.165526" lon="11.488115"><ele>0.000000</ele><time>2026-09-13T11:47:56.056Z</time></trkpt><trkpt lat="59.165505" lon="11.488077"><ele>0.000000</ele><time>2026-09-13T11:47:58.058Z</time></trkpt><trkpt lat="59.165495" lon="11.488057"><ele>0.000000</ele><time>2026-09-13T11:47:59.059Z</time></trkpt><trkpt lat="59.165484" lon="11.488038"><ele>0.000000</ele><time>2026-09-13T11:48:00.000Z</time></trkpt><trkpt lat="59.165473" lon="11.488018"><ele>0.000000</ele><time>2026-09-13T11:48:01.001Z</time></trkpt><trkpt lat="59.165451" lon="11.487979"><ele>0.000000</ele><time>2026-09-13T11:48:03.003Z</time></trkpt><trkpt lat="59.165440" lon="11.487959"><ele>0.000000</ele><time>2026-09-13T11:48:04.004Z</time></trkpt><trkpt lat="59.165431" lon="11.487940"><ele>0.000000</ele><time>2026-09-13T11:48:05.005Z</time></trkpt><trkpt lat="59.165421" lon="11.487921"><ele>0.000000</ele><time>2026-09-13T11:48:06.006Z</time></trkpt><trkpt lat="59.165412" lon="11.487902"><ele>0.000000</ele><time>2026-09-13T11:48:07.007Z</time></trkpt><trkpt lat="59.165404" lon="11.487885"><ele>0.000000</ele><time>2026-09-13T11:48:08.008Z</time></trkpt><trkpt lat="59.165396" lon="11.487867"><ele>0.000000</ele><time>2026-09-13T11:48:09.009Z</time></trkpt><trkpt lat="59.165389" lon="11.487851"><ele>0.000000</ele><time>2026-09-13T11:48:10.010Z</time></trkpt><trkpt lat="59.165383" lon="11.487834"><ele>0.000000</ele><time>2026-09-13T11:48:11.011Z</time></trkpt><trkpt lat="59.165376" lon="11.487819"><ele>0.000000</ele><time>2026-09-13T11:48:12.012Z</time></trkpt><trkpt lat="59.165371" lon="11.487804"><ele>0.000000</ele><time>2026-09-13T11:48:13.013Z</time></trkpt><trkpt lat="59.165359" lon="11.487774"><ele>0.000000</ele><time>2026-09-13T11:48:15.015Z</time></trkpt><trkpt lat="59.165349" lon="11.487746"><ele>0.000000</ele><time>2026-09-13T11:48:17.017Z</time></trkpt><trkpt lat="59.165345" lon="11.487730"><ele>0.000000</ele><time>2026-09-13T11:48:18.018Z</time></trkpt><trkpt lat="59.165335" lon="11.487698"><ele>0.000000</ele><time>2026-09-13T11:48:19.019Z</time></trkpt><trkpt lat="59.165330" lon="11.487680"><ele>0.000000</ele><time>2026-09-13T11:48:20.020Z</time></trkpt><trkpt lat="59.165321" lon="11.487642"><ele>0.000000</ele><time>2026-09-13T11:48:22.022Z</time></trkpt><trkpt lat="59.165318" lon="11.487621"><ele>0.000000</ele><time>2026-09-13T11:48:23.023Z</time></trkpt><trkpt lat="59.165311" lon="11.487579"><ele>0.000000</ele><time>2026-09-13T11:48:25.025Z</time></trkpt><trkpt lat="59.165307" lon="11.487534"><ele>0.000000</ele><time>2026-09-13T11:48:27.027Z</time></trkpt><trkpt lat="59.165306" lon="11.487509"><ele>0.000000</ele><time>2026-09-13T11:48:28.028Z</time></trkpt><trkpt lat="59.165306" lon="11.487487"><ele>0.000000</ele><time>2026-09-13T11:48:29.029Z</time></trkpt><trkpt lat="59.165306" lon="11.487460"><ele>0.000000</ele><time>2026-09-13T11:48:30.030Z</time></trkpt><trkpt lat="59.165306" lon="11.487411"><ele>0.000000</ele><time>2026-09-13T11:48:32.032Z</time></trkpt><trkpt lat="59.165308" lon="11.487384"><ele>0.000000</ele><time>2026-09-13T11:48:33.033Z</time></trkpt><trkpt lat="59.165310" lon="11.487358"><ele>0.000000</ele><time>2026-09-13T11:48:34.034Z</time></trkpt><trkpt lat="59.165312" lon="11.487330"><ele>0.000000</ele><time>2026-09-13T11:48:35.035Z</time></trkpt><trkpt lat="59.165314" lon="11.487303"><ele>0.000000</ele><time>2026-09-13T11:48:36.036Z</time></trkpt><trkpt lat="59.165315" lon="11.487275"><ele>0.000000</ele><time>2026-09-13T11:48:38.038Z</time></trkpt><trkpt lat="59.165317" lon="11.487248"><ele>0.000000</ele><time>2026-09-13T11:48:39.039Z</time></trkpt><trkpt lat="59.165319" lon="11.487220"><ele>0.000000</ele><time>2026-09-13T11:48:40.040Z</time></trkpt><trkpt lat="59.165322" lon="11.487192"><ele>0.000000</ele><time>2026-09-13T11:48:41.041Z</time></trkpt><trkpt lat="59.165325" lon="11.487164"><ele>0.000000</ele><time>2026-09-13T11:48:42.042Z</time></trkpt><trkpt lat="59.165330" lon="11.487137"><ele>0.000000</ele><time>2026-09-13T11:48:43.043Z</time></trkpt><trkpt lat="59.165335" lon="11.487111"><ele>0.000000</ele><time>2026-09-13T11:48:44.044Z</time></trkpt><trkpt lat="59.165344" lon="11.487058"><ele>0.000000</ele><time>2026-09-13T11:48:46.046Z</time></trkpt><trkpt lat="59.165351" lon="11.487031"><ele>0.000000</ele><time>2026-09-13T11:48:47.047Z</time></trkpt><trkpt lat="59.165358" lon="11.487002"><ele>0.000000</ele><time>2026-09-13T11:48:48.048Z</time></trkpt><trkpt lat="59.165366" lon="11.486977"><ele>0.000000</ele><time>2026-09-13T11:48:49.049Z</time></trkpt><trkpt lat="59.165374" lon="11.486949"><ele>0.000000</ele><time>2026-09-13T11:48:50.050Z</time></trkpt><trkpt lat="59.165381" lon="11.486924"><ele>0.000000</ele><time>2026-09-13T11:48:51.051Z</time></trkpt><trkpt lat="59.165389" lon="11.486896"><ele>0.000000</ele><time>2026-09-13T11:48:52.052Z</time></trkpt><trkpt lat="59.165397" lon="11.486871"><ele>0.000000</ele><time>2026-09-13T11:48:53.053Z</time></trkpt><trkpt lat="59.165405" lon="11.486846"><ele>0.000000</ele><time>2026-09-13T11:48:54.054Z</time></trkpt><trkpt lat="59.165413" lon="11.486819"><ele>0.000000</ele><time>2026-09-13T11:48:55.055Z</time></trkpt><trkpt lat="59.165421" lon="11.486794"><ele>0.000000</ele><time>2026-09-13T11:48:56.056Z</time></trkpt><trkpt lat="59.165430" lon="11.486766"><ele>0.000000</ele><time>2026-09-13T11:48:57.057Z</time></trkpt><trkpt lat="59.165439" lon="11.486742"><ele>0.000000</ele><time>2026-09-13T11:48:58.058Z</time></trkpt><trkpt lat="59.165449" lon="11.486716"><ele>0.000000</ele><time>2026-09-13T11:48:59.059Z</time></trkpt><trkpt lat="59.165459" lon="11.486690"><ele>0.000000</ele><time>2026-09-13T11:49:00.000Z</time></trkpt><trkpt lat="59.165468" lon="11.486666"><ele>0.000000</ele><time>2026-09-13T11:49:01.001Z</time></trkpt><trkpt lat="59.165478" lon="11.486642"><ele>0.000000</ele><time>2026-09-13T11:49:02.002Z</time></trkpt><trkpt lat="59.165487" lon="11.486619"><ele>0.000000</ele><time>2026-09-13T11:49:03.003Z</time></trkpt><trkpt lat="59.165497" lon="11.486593"><ele>0.000000</ele><time>2026-09-13T11:49:04.004Z</time></trkpt><trkpt lat="59.165507" lon="11.486569"><ele>0.000000</ele><time>2026-09-13T11:49:05.005Z</time></trkpt><trkpt lat="59.165517" lon="11.486544"><ele>0.000000</ele><time>2026-09-13T11:49:06.006Z</time></trkpt><trkpt lat="59.165527" lon="11.486519"><ele>0.000000</ele><time>2026-09-13T11:49:07.007Z</time></trkpt><trkpt lat="59.165539" lon="11.486494"><ele>0.000000</ele><time>2026-09-13T11:49:08.008Z</time></trkpt><trkpt lat="59.165551" lon="11.486467"><ele>0.000000</ele><time>2026-09-13T11:49:09.009Z</time></trkpt><trkpt lat="59.165563" lon="11.486442"><ele>0.000000</ele><time>2026-09-13T11:49:10.010Z</time></trkpt><trkpt lat="59.165574" lon="11.486416"><ele>0.000000</ele><time>2026-09-13T11:49:11.011Z</time></trkpt><trkpt lat="59.165584" lon="11.486391"><ele>0.000000</ele><time>2026-09-13T11:49:12.012Z</time></trkpt><trkpt lat="59.165594" lon="11.486366"><ele>0.000000</ele><time>2026-09-13T11:49:13.013Z</time></trkpt><trkpt lat="59.165605" lon="11.486342"><ele>0.000000</ele><time>2026-09-13T11:49:14.014Z</time></trkpt><trkpt lat="59.165615" lon="11.486316"><ele>0.000000</ele><time>2026-09-13T11:49:15.015Z</time></trkpt><trkpt lat="59.165625" lon="11.486293"><ele>0.000000</ele><time>2026-09-13T11:49:16.016Z</time></trkpt><trkpt lat="59.165635" lon="11.486265"><ele>0.000000</ele><time>2026-09-13T11:49:17.017Z</time></trkpt><trkpt lat="59.165644" lon="11.486238"><ele>0.000000</ele><time>2026-09-13T11:49:18.018Z</time></trkpt><trkpt lat="59.165654" lon="11.486209"><ele>0.000000</ele><time>2026-09-13T11:49:19.019Z</time></trkpt><trkpt lat="59.165664" lon="11.486186"><ele>0.000000</ele><time>2026-09-13T11:49:20.020Z</time></trkpt><trkpt lat="59.165676" lon="11.486160"><ele>0.000000</ele><time>2026-09-13T11:49:21.021Z</time></trkpt><trkpt lat="59.165688" lon="11.486134"><ele>0.000000</ele><time>2026-09-13T11:49:22.022Z</time></trkpt><trkpt lat="59.165700" lon="11.486110"><ele>0.000000</ele><time>2026-09-13T11:49:23.023Z</time></trkpt><trkpt lat="59.165712" lon="11.486087"><ele>0.000000</ele><time>2026-09-13T11:49:24.024Z</time></trkpt><trkpt lat="59.165724" lon="11.486064"><ele>0.000000</ele><time>2026-09-13T11:49:25.025Z</time></trkpt><trkpt lat="59.165737" lon="11.486042"><ele>0.000000</ele><time>2026-09-13T11:49:26.026Z</time></trkpt><trkpt lat="59.165750" lon="11.486022"><ele>0.000000</ele><time>2026-09-13T11:49:27.027Z</time></trkpt><trkpt lat="59.165763" lon="11.486003"><ele>0.000000</ele><time>2026-09-13T11:49:28.028Z</time></trkpt><trkpt lat="59.165777" lon="11.485986"><ele>0.000000</ele><time>2026-09-13T11:49:29.029Z</time></trkpt><trkpt lat="59.165792" lon="11.485968"><ele>0.000000</ele><time>2026-09-13T11:49:30.030Z</time></trkpt><trkpt lat="59.165807" lon="11.485951"><ele>0.000000</ele><time>2026-09-13T11:49:31.031Z</time></trkpt><trkpt lat="59.165823" lon="11.485934"><ele>0.000000</ele><time>2026-09-13T11:49:32.032Z</time></trkpt><trkpt lat="59.165838" lon="11.485918"><ele>0.000000</ele><time>2026-09-13T11:49:33.033Z</time></trkpt><trkpt lat="59.165854" lon="11.485901"><ele>0.000000</ele><time>2026-09-13T11:49:34.034Z</time></trkpt><trkpt lat="59.165869" lon="11.485883"><ele>0.000000</ele><time>2026-09-13T11:49:35.035Z</time></trkpt><trkpt lat="59.165885" lon="11.485866"><ele>0.000000</ele><time>2026-09-13T11:49:36.036Z</time></trkpt><trkpt lat="59.165901" lon="11.485848"><ele>0.000000</ele><time>2026-09-13T11:49:37.037Z</time></trkpt><trkpt lat="59.165917" lon="11.485831"><ele>0.000000</ele><time>2026-09-13T11:49:38.038Z</time></trkpt><trkpt lat="59.165933" lon="11.485813"><ele>0.000000</ele><time>2026-09-13T11:49:39.039Z</time></trkpt><trkpt lat="59.165949" lon="11.485795"><ele>0.000000</ele><time>2026-09-13T11:49:40.040Z</time></trkpt><trkpt lat="59.165965" lon="11.485779"><ele>0.000000</ele><time>2026-09-13T11:49:41.041Z</time></trkpt><trkpt lat="59.165981" lon="11.485764"><ele>0.000000</ele><time>2026-09-13T11:49:42.042Z</time></trkpt><trkpt lat="59.165996" lon="11.485749"><ele>0.000000</ele><time>2026-09-13T11:49:43.043Z</time></trkpt><trkpt lat="59.166010" lon="11.485735"><ele>0.000000</ele><time>2026-09-13T11:49:44.044Z</time></trkpt><trkpt lat="59.166024" lon="11.485722"><ele>0.000000</ele><time>2026-09-13T11:49:45.045Z</time></trkpt><trkpt lat="59.166038" lon="11.485710"><ele>0.000000</ele><time>2026-09-13T11:49:46.046Z</time></trkpt><trkpt lat="59.166050" lon="11.485698"><ele>0.000000</ele><time>2026-09-13T11:49:47.047Z</time></trkpt><trkpt lat="59.166062" lon="11.485687"><ele>0.000000</ele><time>2026-09-13T11:49:48.048Z</time></trkpt><trkpt lat="59.166074" lon="11.485677"><ele>0.000000</ele><time>2026-09-13T11:49:49.049Z</time></trkpt><trkpt lat="59.166087" lon="11.485665"><ele>0.000000</ele><time>2026-09-13T11:49:50.050Z</time></trkpt><trkpt lat="59.166110" lon="11.485642"><ele>0.000000</ele><time>2026-09-13T11:49:52.052Z</time></trkpt><trkpt lat="59.166120" lon="11.485633"><ele>0.000000</ele><time>2026-09-13T11:49:53.053Z</time></trkpt><trkpt lat="59.166131" lon="11.485622"><ele>0.000000</ele><time>2026-09-13T11:49:54.054Z</time></trkpt><trkpt lat="59.166142" lon="11.485612"><ele>0.000000</ele><time>2026-09-13T11:49:55.055Z</time></trkpt><trkpt lat="59.166153" lon="11.485601"><ele>0.000000</ele><time>2026-09-13T11:49:56.056Z</time></trkpt><trkpt lat="59.166166" lon="11.485591"><ele>0.000000</ele><time>2026-09-13T11:49:57.057Z</time></trkpt><trkpt lat="59.166178" lon="11.485582"><ele>0.000000</ele><time>2026-09-13T11:49:58.058Z</time></trkpt><trkpt lat="59.166192" lon="11.485572"><ele>0.000000</ele><time>2026-09-13T11:49:59.059Z</time></trkpt><trkpt lat="59.166207" lon="11.485558"><ele>0.000000</ele><time>2026-09-13T11:50:00.000Z</time></trkpt><trkpt lat="59.166221" lon="11.485546"><ele>0.000000</ele><time>2026-09-13T11:50:01.001Z</time></trkpt><trkpt lat="59.166234" lon="11.485534"><ele>0.000000</ele><time>2026-09-13T11:50:02.002Z</time></trkpt><trkpt lat="59.166247" lon="11.485520"><ele>0.000000</ele><time>2026-09-13T11:50:03.003Z</time></trkpt><trkpt lat="59.166261" lon="11.485505"><ele>0.000000</ele><time>2026-09-13T11:50:04.004Z</time></trkpt><trkpt lat="59.166275" lon="11.485492"><ele>0.000000</ele><time>2026-09-13T11:50:05.005Z</time></trkpt><trkpt lat="59.166289" lon="11.485477"><ele>0.000000</ele><time>2026-09-13T11:50:06.006Z</time></trkpt><trkpt lat="59.166316" lon="11.485448"><ele>0.000000</ele><time>2026-09-13T11:50:08.008Z</time></trkpt><trkpt lat="59.166330" lon="11.485432"><ele>0.000000</ele><time>2026-09-13T11:50:09.009Z</time></trkpt><trkpt lat="59.166345" lon="11.485415"><ele>0.000000</ele><time>2026-09-13T11:50:10.010Z</time></trkpt><trkpt lat="59.166360" lon="11.485400"><ele>0.000000</ele><time>2026-09-13T11:50:11.011Z</time></trkpt><trkpt lat="59.166375" lon="11.485384"><ele>0.000000</ele><time>2026-09-13T11:50:12.012Z</time></trkpt><trkpt lat="59.166391" lon="11.485368"><ele>0.000000</ele><time>2026-09-13T11:50:13.013Z</time></trkpt><trkpt lat="59.166406" lon="11.485352"><ele>0.000000</ele><time>2026-09-13T11:50:14.014Z</time></trkpt><trkpt lat="59.166422" lon="11.485334"><ele>0.000000</ele><time>2026-09-13T11:50:15.015Z</time></trkpt><trkpt lat="59.166438" lon="11.485316"><ele>0.000000</ele><time>2026-09-13T11:50:16.016Z</time></trkpt><trkpt lat="59.166452" lon="11.485297"><ele>0.000000</ele><time>2026-09-13T11:50:17.017Z</time></trkpt><trkpt lat="59.166465" lon="11.485278"><ele>0.000000</ele><time>2026-09-13T11:50:18.018Z</time></trkpt><trkpt lat="59.166479" lon="11.485257"><ele>0.000000</ele><time>2026-09-13T11:50:19.019Z</time></trkpt><trkpt lat="59.166492" lon="11.485236"><ele>0.000000</ele><time>2026-09-13T11:50:20.020Z</time></trkpt><trkpt lat="59.166505" lon="11.485215"><ele>0.000000</ele><time>2026-09-13T11:50:21.021Z</time></trkpt><trkpt lat="59.166517" lon="11.485196"><ele>0.000000</ele><time>2026-09-13T11:50:22.022Z</time></trkpt><trkpt lat="59.166530" lon="11.485177"><ele>0.000000</ele><time>2026-09-13T11:50:23.023Z</time></trkpt><trkpt lat="59.166542" lon="11.485157"><ele>0.000000</ele><time>2026-09-13T11:50:24.024Z</time></trkpt><trkpt lat="59.166554" lon="11.485139"><ele>0.000000</ele><time>2026-09-13T11:50:25.025Z</time></trkpt><trkpt lat="59.166567" lon="11.485119"><ele>0.000000</ele><time>2026-09-13T11:50:26.026Z</time></trkpt><trkpt lat="59.166579" lon="11.485098"><ele>0.000000</ele><time>2026-09-13T11:50:27.027Z</time></trkpt><trkpt lat="59.166592" lon="11.485076"><ele>0.000000</ele><time>2026-09-13T11:50:28.028Z</time></trkpt><trkpt lat="59.166604" lon="11.485055"><ele>0.000000</ele><time>2026-09-13T11:50:29.029Z</time></trkpt><trkpt lat="59.166618" lon="11.485034"><ele>0.000000</ele><time>2026-09-13T11:50:30.030Z</time></trkpt><trkpt lat="59.166630" lon="11.485013"><ele>0.000000</ele><time>2026-09-13T11:50:31.031Z</time></trkpt><trkpt lat="59.166644" lon="11.484993"><ele>0.000000</ele><time>2026-09-13T11:50:32.032Z</time></trkpt><trkpt lat="59.166658" lon="11.484974"><ele>0.000000</ele><time>2026-09-13T11:50:33.033Z</time></trkpt><trkpt lat="59.166673" lon="11.484955"><ele>0.000000</ele><time>2026-09-13T11:50:34.034Z</time></trkpt><trkpt lat="59.166687" lon="11.484936"><ele>0.000000</ele><time>2026-09-13T11:50:35.035Z</time></trkpt><trkpt lat="59.166701" lon="11.484916"><ele>0.000000</ele><time>2026-09-13T11:50:36.036Z</time></trkpt><trkpt lat="59.166715" lon="11.484895"><ele>0.000000</ele><time>2026-09-13T11:50:37.037Z</time></trkpt><trkpt lat="59.166728" lon="11.484876"><ele>0.000000</ele><time>2026-09-13T11:50:38.038Z</time></trkpt><trkpt lat="59.166742" lon="11.484857"><ele>0.000000</ele><time>2026-09-13T11:50:39.039Z</time></trkpt><trkpt lat="59.166755" lon="11.484839"><ele>0.000000</ele><time>2026-09-13T11:50:40.040Z</time></trkpt><trkpt lat="59.166768" lon="11.484820"><ele>0.000000</ele><time>2026-09-13T11:50:41.041Z</time></trkpt><trkpt lat="59.166782" lon="11.484802"><ele>0.000000</ele><time>2026-09-13T11:50:42.042Z</time></trkpt><trkpt lat="59.166796" lon="11.484783"><ele>0.000000</ele><time>2026-09-13T11:50:43.043Z</time></trkpt><trkpt lat="59.166810" lon="11.484766"><ele>0.000000</ele><time>2026-09-13T11:50:44.044Z</time></trkpt><trkpt lat="59.166825" lon="11.484749"><ele>0.000000</ele><time>2026-09-13T11:50:45.045Z</time></trkpt><trkpt lat="59.166839" lon="11.484733"><ele>0.000000</ele><time>2026-09-13T11:50:46.046Z</time></trkpt><trkpt lat="59.166853" lon="11.484718"><ele>0.000000</ele><time>2026-09-13T11:50:47.047Z</time></trkpt><trkpt lat="59.166866" lon="11.484705"><ele>0.000000</ele><time>2026-09-13T11:50:48.048Z</time></trkpt><trkpt lat="59.166880" lon="11.484693"><ele>0.000000</ele><time>2026-09-13T11:50:49.049Z</time></trkpt><trkpt lat="59.166892" lon="11.484681"><ele>0.000000</ele><time>2026-09-13T11:50:50.050Z</time></trkpt><trkpt lat="59.166905" lon="11.484671"><ele>0.000000</ele><time>2026-09-13T11:50:51.051Z</time></trkpt><trkpt lat="59.166918" lon="11.484662"><ele>0.000000</ele><time>2026-09-13T11:50:52.052Z</time></trkpt><trkpt lat="59.166930" lon="11.484652"><ele>0.000000</ele><time>2026-09-13T11:50:53.053Z</time></trkpt><trkpt lat="59.166942" lon="11.484643"><ele>0.000000</ele><time>2026-09-13T11:50:54.054Z</time></trkpt><trkpt lat="59.166955" lon="11.484634"><ele>0.000000</ele><time>2026-09-13T11:50:55.055Z</time></trkpt><trkpt lat="59.166980" lon="11.484617"><ele>0.000000</ele><time>2026-09-13T11:50:57.057Z</time></trkpt><trkpt lat="59.166993" lon="11.484610"><ele>0.000000</ele><time>2026-09-13T11:50:58.058Z</time></trkpt><trkpt lat="59.167005" lon="11.484604"><ele>0.000000</ele><time>2026-09-13T11:50:59.059Z</time></trkpt><trkpt lat="59.167019" lon="11.484598"><ele>0.000000</ele><time>2026-09-13T11:51:00.000Z</time></trkpt><trkpt lat="59.167032" lon="11.484592"><ele>0.000000</ele><time>2026-09-13T11:51:01.001Z</time></trkpt><trkpt lat="59.167046" lon="11.484586"><ele>0.000000</ele><time>2026-09-13T11:51:02.002Z</time></trkpt><trkpt lat="59.167060" lon="11.484580"><ele>0.000000</ele><time>2026-09-13T11:51:03.003Z</time></trkpt><trkpt lat="59.167075" lon="11.484575"><ele>0.000000</ele><time>2026-09-13T11:51:04.004Z</time></trkpt><trkpt lat="59.167089" lon="11.484570"><ele>0.000000</ele><time>2026-09-13T11:51:05.005Z</time></trkpt><trkpt lat="59.167105" lon="11.484564"><ele>0.000000</ele><time>2026-09-13T11:51:06.006Z</time></trkpt><trkpt lat="59.167120" lon="11.484557"><ele>0.000000</ele><time>2026-09-13T11:51:07.007Z</time></trkpt><trkpt lat="59.167134" lon="11.484551"><ele>0.000000</ele><time>2026-09-13T11:51:08.008Z</time></trkpt><trkpt lat="59.167150" lon="11.484544"><ele>0.000000</ele><time>2026-09-13T11:51:09.009Z</time></trkpt><trkpt lat="59.167165" lon="11.484539"><ele>0.000000</ele><time>2026-09-13T11:51:10.010Z</time></trkpt><trkpt lat="59.167181" lon="11.484535"><ele>0.000000</ele><time>2026-09-13T11:51:11.011Z</time></trkpt><trkpt lat="59.167197" lon="11.484532"><ele>0.000000</ele><time>2026-09-13T11:51:12.012Z</time></trkpt><trkpt lat="59.167214" lon="11.484529"><ele>0.000000</ele><time>2026-09-13T11:51:13.013Z</time></trkpt><trkpt lat="59.167230" lon="11.484527"><ele>0.000000</ele><time>2026-09-13T11:51:14.014Z</time></trkpt><trkpt lat="59.167245" lon="11.484523"><ele>0.000000</ele><time>2026-09-13T11:51:15.015Z</time></trkpt><trkpt lat="59.167262" lon="11.484522"><ele>0.000000</ele><time>2026-09-13T11:51:16.016Z</time></trkpt><trkpt lat="59.167278" lon="11.484522"><ele>0.000000</ele><time>2026-09-13T11:51:17.017Z</time></trkpt><trkpt lat="59.167296" lon="11.484521"><ele>0.000000</ele><time>2026-09-13T11:51:18.018Z</time></trkpt><trkpt lat="59.167313" lon="11.484520"><ele>0.000000</ele><time>2026-09-13T11:51:19.019Z</time></trkpt><trkpt lat="59.167330" lon="11.484520"><ele>0.000000</ele><time>2026-09-13T11:51:20.020Z</time></trkpt><trkpt lat="59.167346" lon="11.484520"><ele>0.000000</ele><time>2026-09-13T11:51:21.021Z</time></trkpt><trkpt lat="59.167363" lon="11.484518"><ele>0.000000</ele><time>2026-09-13T11:51:22.022Z</time></trkpt><trkpt lat="59.167380" lon="11.484517"><ele>0.000000</ele><time>2026-09-13T11:51:23.023Z</time></trkpt><trkpt lat="59.167396" lon="11.484515"><ele>0.000000</ele><time>2026-09-13T11:51:24.024Z</time></trkpt><trkpt lat="59.167413" lon="11.484515"><ele>0.000000</ele><time>2026-09-13T11:51:25.025Z</time></trkpt><trkpt lat="59.167445" lon="11.484515"><ele>0.000000</ele><time>2026-09-13T11:51:27.027Z</time></trkpt><trkpt lat="59.167462" lon="11.484517"><ele>0.000000</ele><time>2026-09-13T11:51:28.028Z</time></trkpt><trkpt lat="59.167477" lon="11.484519"><ele>0.000000</ele><time>2026-09-13T11:51:29.029Z</time></trkpt><trkpt lat="59.167491" lon="11.484522"><ele>0.000000</ele><time>2026-09-13T11:51:30.030Z</time></trkpt><trkpt lat="59.167504" lon="11.484526"><ele>0.000000</ele><time>2026-09-13T11:51:31.031Z</time></trkpt><trkpt lat="59.167517" lon="11.484530"><ele>0.000000</ele><time>2026-09-13T11:51:32.032Z</time></trkpt><trkpt lat="59.167528" lon="11.484536"><ele>0.000000</ele><time>2026-09-13T11:51:33.033Z</time></trkpt><trkpt lat="59.167538" lon="11.484543"><ele>0.000000</ele><time>2026-09-13T11:51:34.034Z</time></trkpt><trkpt lat="59.167558" lon="11.484556"><ele>0.000000</ele><time>2026-09-13T11:51:36.036Z</time></trkpt><trkpt lat="59.167573" lon="11.484571"><ele>0.000000</ele><time>2026-09-13T11:51:38.038Z</time></trkpt><trkpt lat="59.167587" lon="11.484586"><ele>0.000000</ele><time>2026-09-13T11:51:40.040Z</time></trkpt><trkpt lat="59.167599" lon="11.484602"><ele>0.000000</ele><time>2026-09-13T11:51:42.042Z</time></trkpt><trkpt lat="59.167610" lon="11.484617"><ele>0.000000</ele><time>2026-09-13T11:51:44.044Z</time></trkpt><trkpt lat="59.167621" lon="11.484629"><ele>0.000000</ele><time>2026-09-13T11:51:46.046Z</time></trkpt><trkpt lat="59.167632" lon="11.484641"><ele>0.000000</ele><time>2026-09-13T11:51:48.048Z</time></trkpt><trkpt lat="59.167642" lon="11.484651"><ele>0.000000</ele><time>2026-09-13T11:51:50.050Z</time></trkpt><trkpt lat="59.167653" lon="11.484659"><ele>0.000000</ele><time>2026-09-13T11:51:52.052Z</time></trkpt><trkpt lat="59.167663" lon="11.484666"><ele>0.000000</ele><time>2026-09-13T11:51:54.054Z</time></trkpt><trkpt lat="59.167673" lon="11.484673"><ele>0.000000</ele><time>2026-09-13T11:51:56.056Z</time></trkpt><trkpt lat="59.167682" lon="11.484680"><ele>0.000000</ele><time>2026-09-13T11:51:58.058Z</time></trkpt><trkpt lat="59.167692" lon="11.484686"><ele>0.000000</ele><time>2026-09-13T11:52:00.000Z</time></trkpt><trkpt lat="59.167705" lon="11.484692"><ele>0.000000</ele><time>2026-09-13T11:52:03.003Z</time></trkpt><trkpt lat="59.167718" lon="11.484695"><ele>0.000000</ele><time>2026-09-13T11:52:06.006Z</time></trkpt><trkpt lat="59.167730" lon="11.484696"><ele>0.000000</ele><time>2026-09-13T11:52:09.009Z</time></trkpt><trkpt lat="59.167741" lon="11.484695"><ele>0.000000</ele><time>2026-09-13T11:52:12.012Z</time></trkpt><trkpt lat="59.167752" lon="11.484697"><ele>0.000000</ele><time>2026-09-13T11:52:15.015Z</time></trkpt><trkpt lat="59.167760" lon="11.484696"><ele>0.000000</ele><time>2026-09-13T11:52:17.017Z</time></trkpt><trkpt lat="59.167772" lon="11.484692"><ele>0.000000</ele><time>2026-09-13T11:52:19.019Z</time></trkpt><trkpt lat="59.167783" lon="11.484682"><ele>0.000000</ele><time>2026-09-13T11:52:21.021Z</time></trkpt><trkpt lat="59.167791" lon="11.484675"><ele>0.000000</ele><time>2026-09-13T11:52:22.022Z</time></trkpt><trkpt lat="59.167804" lon="11.484664"><ele>0.000000</ele><time>2026-09-13T11:52:24.024Z</time></trkpt><trkpt lat="59.167813" lon="11.484656"><ele>0.000000</ele><time>2026-09-13T11:52:25.025Z</time></trkpt><trkpt lat="59.167829" lon="11.484642"><ele>0.000000</ele><time>2026-09-13T11:52:27.027Z</time></trkpt><trkpt lat="59.167839" lon="11.484632"><ele>0.000000</ele><time>2026-09-13T11:52:28.028Z</time></trkpt><trkpt lat="59.167856" lon="11.484616"><ele>0.000000</ele><time>2026-09-13T11:52:30.030Z</time></trkpt><trkpt lat="59.167865" lon="11.484606"><ele>0.000000</ele><time>2026-09-13T11:52:31.031Z</time></trkpt><trkpt lat="59.167881" lon="11.484588"><ele>0.000000</ele><time>2026-09-13T11:52:33.033Z</time></trkpt><trkpt lat="59.167896" lon="11.484568"><ele>0.000000</ele><time>2026-09-13T11:52:35.035Z</time></trkpt><trkpt lat="59.167910" lon="11.484549"><ele>0.000000</ele><time>2026-09-13T11:52:37.037Z</time></trkpt><trkpt lat="59.167923" lon="11.484531"><ele>0.000000</ele><time>2026-09-13T11:52:39.039Z</time></trkpt><trkpt lat="59.167935" lon="11.484513"><ele>0.000000</ele><time>2026-09-13T11:52:41.041Z</time></trkpt><trkpt lat="59.167946" lon="11.484497"><ele>0.000000</ele><time>2026-09-13T11:52:43.043Z</time></trkpt><trkpt lat="59.167956" lon="11.484482"><ele>0.000000</ele><time>2026-09-13T11:52:45.045Z</time></trkpt><trkpt lat="59.167966" lon="11.484468"><ele>0.000000</ele><time>2026-09-13T11:52:47.047Z</time></trkpt><trkpt lat="59.167975" lon="11.484455"><ele>0.000000</ele><time>2026-09-13T11:52:49.049Z</time></trkpt><trkpt lat="59.167985" lon="11.484442"><ele>0.000000</ele><time>2026-09-13T11:52:51.051Z</time></trkpt><trkpt lat="59.167994" lon="11.484430"><ele>0.000000</ele><time>2026-09-13T11:52:53.053Z</time></trkpt><trkpt lat="59.168003" lon="11.484419"><ele>0.000000</ele><time>2026-09-13T11:52:55.055Z</time></trkpt><trkpt lat="59.168012" lon="11.484407"><ele>0.000000</ele><time>2026-09-13T11:52:57.057Z</time></trkpt><trkpt lat="59.168020" lon="11.484397"><ele>0.000000</ele><time>2026-09-13T11:52:59.059Z</time></trkpt><trkpt lat="59.168028" lon="11.484388"><ele>0.000000</ele><time>2026-09-13T11:53:01.001Z</time></trkpt><trkpt lat="59.168036" lon="11.484380"><ele>0.000000</ele><time>2026-09-13T11:53:03.003Z</time></trkpt><trkpt lat="59.168048" lon="11.484370"><ele>0.000000</ele><time>2026-09-13T11:53:06.006Z</time></trkpt><trkpt lat="59.168060" lon="11.484361"><ele>0.000000</ele><time>2026-09-13T11:53:09.009Z</time></trkpt><trkpt lat="59.168074" lon="11.484350"><ele>0.000000</ele><time>2026-09-13T11:53:12.012Z</time></trkpt><trkpt lat="59.168083" lon="11.484341"><ele>0.000000</ele><time>2026-09-13T11:53:14.014Z</time></trkpt><trkpt lat="59.168089" lon="11.484336"><ele>0.000000</ele><time>2026-09-13T11:53:15.015Z</time></trkpt><trkpt lat="59.168101" lon="11.484325"><ele>0.000000</ele><time>2026-09-13T11:53:17.017Z</time></trkpt><trkpt lat="59.168113" lon="11.484314"><ele>0.000000</ele><time>2026-09-13T11:53:19.019Z</time></trkpt><trkpt lat="59.168120" lon="11.484308"><ele>0.000000</ele><time>2026-09-13T11:53:20.020Z</time></trkpt><trkpt lat="59.168129" lon="11.484301"><ele>0.000000</ele><time>2026-09-13T11:53:21.021Z</time></trkpt><trkpt lat="59.168143" lon="11.484288"><ele>0.000000</ele><time>2026-09-13T11:53:23.023Z</time></trkpt><trkpt lat="59.168156" lon="11.484274"><ele>0.000000</ele><time>2026-09-13T11:53:25.025Z</time></trkpt><trkpt lat="59.168164" lon="11.484264"><ele>0.000000</ele><time>2026-09-13T11:53:26.026Z</time></trkpt><trkpt lat="59.168177" lon="11.484244"><ele>0.000000</ele><time>2026-09-13T11:53:28.028Z</time></trkpt><trkpt lat="59.168184" lon="11.484228"><ele>0.000000</ele><time>2026-09-13T11:53:29.029Z</time></trkpt><trkpt lat="59.168195" lon="11.484201"><ele>0.000000</ele><time>2026-09-13T11:53:31.031Z</time></trkpt><trkpt lat="59.168203" lon="11.484169"><ele>0.000000</ele><time>2026-09-13T11:53:33.033Z</time></trkpt><trkpt lat="59.168209" lon="11.484137"><ele>0.000000</ele><time>2026-09-13T11:53:35.035Z</time></trkpt><trkpt lat="59.168213" lon="11.484105"><ele>0.000000</ele><time>2026-09-13T11:53:37.037Z</time></trkpt><trkpt lat="59.168216" lon="11.484075"><ele>0.000000</ele><time>2026-09-13T11:53:39.039Z</time></trkpt><trkpt lat="59.168219" lon="11.484046"><ele>0.000000</ele><time>2026-09-13T11:53:41.041Z</time></trkpt><trkpt lat="59.168220" lon="11.484021"><ele>0.000000</ele><time>2026-09-13T11:53:43.043Z</time></trkpt><trkpt lat="59.168221" lon="11.483997"><ele>0.000000</ele><time>2026-09-13T11:53:45.045Z</time></trkpt><trkpt lat="59.168222" lon="11.483975"><ele>0.000000</ele><time>2026-09-13T11:53:47.047Z</time></trkpt><trkpt lat="59.168222" lon="11.483955"><ele>0.000000</ele><time>2026-09-13T11:53:49.049Z</time></trkpt><trkpt lat="59.168224" lon="11.483926"><ele>0.000000</ele><time>2026-09-13T11:53:52.052Z</time></trkpt><trkpt lat="59.168224" lon="11.483898"><ele>0.000000</ele><time>2026-09-13T11:53:55.055Z</time></trkpt><trkpt lat="59.168224" lon="11.483885"><ele>0.000000</ele><time>2026-09-13T11:53:56.056Z</time></trkpt><trkpt lat="59.168223" lon="11.483846"><ele>0.000000</ele><time>2026-09-13T11:53:59.059Z</time></trkpt><trkpt lat="59.168227" lon="11.483803"><ele>0.000000</ele><time>2026-09-13T11:54:02.002Z</time></trkpt><trkpt lat="59.168233" lon="11.483761"><ele>0.000000</ele><time>2026-09-13T11:54:05.005Z</time></trkpt><trkpt lat="59.168240" lon="11.483734"><ele>0.000000</ele><time>2026-09-13T11:54:07.007Z</time></trkpt><trkpt lat="59.168246" lon="11.483720"><ele>0.000000</ele><time>2026-09-13T11:54:08.008Z</time></trkpt><trkpt lat="59.168255" lon="11.483695"><ele>0.000000</ele><time>2026-09-13T11:54:10.010Z</time></trkpt><trkpt lat="59.168264" lon="11.483671"><ele>0.000000</ele><time>2026-09-13T11:54:12.012Z</time></trkpt><trkpt lat="59.168273" lon="11.483649"><ele>0.000000</ele><time>2026-09-13T11:54:14.014Z</time></trkpt><trkpt lat="59.168280" lon="11.483628"><ele>0.000000</ele><time>2026-09-13T11:54:16.016Z</time></trkpt><trkpt lat="59.168285" lon="11.483594"><ele>0.000000</ele><time>2026-09-13T11:54:19.019Z</time></trkpt><trkpt lat="59.168286" lon="11.483556"><ele>0.000000</ele><time>2026-09-13T11:54:22.022Z</time></trkpt><trkpt lat="59.168284" lon="11.483532"><ele>0.000000</ele><time>2026-09-13T11:54:24.024Z</time></trkpt><trkpt lat="59.168281" lon="11.483518"><ele>0.000000</ele><time>2026-09-13T11:54:25.025Z</time></trkpt><trkpt lat="59.168277" lon="11.483492"><ele>0.000000</ele><time>2026-09-13T11:54:27.027Z</time></trkpt><trkpt lat="59.168271" lon="11.483465"><ele>0.000000</ele><time>2026-09-13T11:54:29.029Z</time></trkpt><trkpt lat="59.168264" lon="11.483441"><ele>0.000000</ele><time>2026-09-13T11:54:31.031Z</time></trkpt><trkpt lat="59.168257" lon="11.483417"><ele>0.000000</ele><time>2026-09-13T11:54:33.033Z</time></trkpt><trkpt lat="59.168251" lon="11.483394"><ele>0.000000</ele><time>2026-09-13T11:54:35.035Z</time></trkpt><trkpt lat="59.168244" lon="11.483373"><ele>0.000000</ele><time>2026-09-13T11:54:37.037Z</time></trkpt><trkpt lat="59.168238" lon="11.483353"><ele>0.000000</ele><time>2026-09-13T11:54:39.039Z</time></trkpt><trkpt lat="59.168232" lon="11.483334"><ele>0.000000</ele><time>2026-09-13T11:54:41.041Z</time></trkpt><trkpt lat="59.168226" lon="11.483318"><ele>0.000000</ele><time>2026-09-13T11:54:43.043Z</time></trkpt><trkpt lat="59.168221" lon="11.483302"><ele>0.000000</ele><time>2026-09-13T11:54:44.044Z</time></trkpt><trkpt lat="59.168216" lon="11.483286"><ele>0.000000</ele><time>2026-09-13T11:54:46.046Z</time></trkpt><trkpt lat="59.168212" lon="11.483270"><ele>0.000000</ele><time>2026-09-13T11:54:48.048Z</time></trkpt><trkpt lat="59.168206" lon="11.483247"><ele>0.000000</ele><time>2026-09-13T11:54:51.051Z</time></trkpt><trkpt lat="59.168201" lon="11.483224"><ele>0.000000</ele><time>2026-09-13T11:54:54.054Z</time></trkpt><trkpt lat="59.168196" lon="11.483203"><ele>0.000000</ele><time>2026-09-13T11:54:58.058Z</time></trkpt><trkpt lat="59.168192" lon="11.483181"><ele>0.000000</ele><time>2026-09-13T11:55:01.001Z</time></trkpt><trkpt lat="59.168189" lon="11.483160"><ele>0.000000</ele><time>2026-09-13T11:55:04.004Z</time></trkpt><trkpt lat="59.168185" lon="11.483135"><ele>0.000000</ele><time>2026-09-13T11:55:07.007Z</time></trkpt><trkpt lat="59.168182" lon="11.483123"><ele>0.000000</ele><time>2026-09-13T11:55:08.008Z</time></trkpt><trkpt lat="59.168176" lon="11.483089"><ele>0.000000</ele><time>2026-09-13T11:55:11.011Z</time></trkpt><trkpt lat="59.168171" lon="11.483064"><ele>0.000000</ele><time>2026-09-13T11:55:13.013Z</time></trkpt><trkpt lat="59.168166" lon="11.483040"><ele>0.000000</ele><time>2026-09-13T11:55:15.015Z</time></trkpt><trkpt lat="59.168161" lon="11.483015"><ele>0.000000</ele><time>2026-09-13T11:55:17.017Z</time></trkpt><trkpt lat="59.168156" lon="11.482992"><ele>0.000000</ele><time>2026-09-13T11:55:19.019Z</time></trkpt><trkpt lat="59.168152" lon="11.482969"><ele>0.000000</ele><time>2026-09-13T11:55:21.021Z</time></trkpt><trkpt lat="59.168147" lon="11.482948"><ele>0.000000</ele><time>2026-09-13T11:55:23.023Z</time></trkpt><trkpt lat="59.168144" lon="11.482927"><ele>0.000000</ele><time>2026-09-13T11:55:25.025Z</time></trkpt><trkpt lat="59.168140" lon="11.482908"><ele>0.000000</ele><time>2026-09-13T11:55:27.027Z</time></trkpt><trkpt lat="59.168136" lon="11.482889"><ele>0.000000</ele><time>2026-09-13T11:55:29.029Z</time></trkpt><trkpt lat="59.168132" lon="11.482872"><ele>0.000000</ele><time>2026-09-13T11:55:31.031Z</time></trkpt><trkpt lat="59.168127" lon="11.482848"><ele>0.000000</ele><time>2026-09-13T11:55:34.034Z</time></trkpt><trkpt lat="59.168124" lon="11.482831"><ele>0.000000</ele><time>2026-09-13T11:55:36.036Z</time></trkpt><trkpt lat="59.168119" lon="11.482809"><ele>0.000000</ele><time>2026-09-13T11:55:39.039Z</time></trkpt><trkpt lat="59.168114" lon="11.482787"><ele>0.000000</ele><time>2026-09-13T11:55:42.042Z</time></trkpt><trkpt lat="59.168108" lon="11.482771"><ele>0.000000</ele><time>2026-09-13T11:55:45.045Z</time></trkpt><trkpt lat="59.168104" lon="11.482756"><ele>0.000000</ele><time>2026-09-13T11:55:47.047Z</time></trkpt><trkpt lat="59.168096" lon="11.482732"><ele>0.000000</ele><time>2026-09-13T11:55:50.050Z</time></trkpt><trkpt lat="59.168093" lon="11.482713"><ele>0.000000</ele><time>2026-09-13T11:55:52.052Z</time></trkpt><trkpt lat="59.168087" lon="11.482690"><ele>0.000000</ele><time>2026-09-13T11:55:54.054Z</time></trkpt><trkpt lat="59.168079" lon="11.482668"><ele>0.000000</ele><time>2026-09-13T11:55:56.056Z</time></trkpt><trkpt lat="59.168074" lon="11.482653"><ele>0.000000</ele><time>2026-09-13T11:55:57.057Z</time></trkpt><trkpt lat="59.168065" lon="11.482626"><ele>0.000000</ele><time>2026-09-13T11:55:59.059Z</time></trkpt><trkpt lat="59.168055" lon="11.482601"><ele>0.000000</ele><time>2026-09-13T11:56:01.001Z</time></trkpt><trkpt lat="59.168048" lon="11.482585"><ele>0.000000</ele><time>2026-09-13T11:56:02.002Z</time></trkpt><trkpt lat="59.168035" lon="11.482559"><ele>0.000000</ele><time>2026-09-13T11:56:04.004Z</time></trkpt><trkpt lat="59.168026" lon="11.482542"><ele>0.000000</ele><time>2026-09-13T11:56:05.005Z</time></trkpt><trkpt lat="59.168010" lon="11.482512"><ele>0.000000</ele><time>2026-09-13T11:56:07.007Z</time></trkpt><trkpt lat="59.167993" lon="11.482489"><ele>0.000000</ele><time>2026-09-13T11:56:09.009Z</time></trkpt><trkpt lat="59.167981" lon="11.482473"><ele>0.000000</ele><time>2026-09-13T11:56:10.010Z</time></trkpt><trkpt lat="59.167971" lon="11.482459"><ele>0.000000</ele><time>2026-09-13T11:56:11.011Z</time></trkpt><trkpt lat="59.167961" lon="11.482444"><ele>0.000000</ele><time>2026-09-13T11:56:12.012Z</time></trkpt><trkpt lat="59.167952" lon="11.482430"><ele>0.000000</ele><time>2026-09-13T11:56:13.013Z</time></trkpt><trkpt lat="59.167943" lon="11.482416"><ele>0.000000</ele><time>2026-09-13T11:56:14.014Z</time></trkpt><trkpt lat="59.167935" lon="11.482402"><ele>0.000000</ele><time>2026-09-13T11:56:15.015Z</time></trkpt><trkpt lat="59.167926" lon="11.482389"><ele>0.000000</ele><time>2026-09-13T11:56:16.016Z</time></trkpt><trkpt lat="59.167918" lon="11.482376"><ele>0.000000</ele><time>2026-09-13T11:56:17.017Z</time></trkpt><trkpt lat="59.167903" lon="11.482352"><ele>0.000000</ele><time>2026-09-13T11:56:19.019Z</time></trkpt><trkpt lat="59.167889" lon="11.482330"><ele>0.000000</ele><time>2026-09-13T11:56:21.021Z</time></trkpt><trkpt lat="59.167876" lon="11.482310"><ele>0.000000</ele><time>2026-09-13T11:56:23.023Z</time></trkpt><trkpt lat="59.167870" lon="11.482299"><ele>0.000000</ele><time>2026-09-13T11:56:24.024Z</time></trkpt><trkpt lat="59.167863" lon="11.482288"><ele>0.000000</ele><time>2026-09-13T11:56:25.025Z</time></trkpt><trkpt lat="59.167856" lon="11.482277"><ele>0.000000</ele><time>2026-09-13T11:56:26.026Z</time></trkpt><trkpt lat="59.167848" lon="11.482264"><ele>0.000000</ele><time>2026-09-13T11:56:27.027Z</time></trkpt><trkpt lat="59.167834" lon="11.482244"><ele>0.000000</ele><time>2026-09-13T11:56:29.029Z</time></trkpt><trkpt lat="59.167825" lon="11.482231"><ele>0.000000</ele><time>2026-09-13T11:56:30.030Z</time></trkpt><trkpt lat="59.167817" lon="11.482219"><ele>0.000000</ele><time>2026-09-13T11:56:31.031Z</time></trkpt><trkpt lat="59.167809" lon="11.482206"><ele>0.000000</ele><time>2026-09-13T11:56:32.032Z</time></trkpt><trkpt lat="59.167800" lon="11.482192"><ele>0.000000</ele><time>2026-09-13T11:56:33.033Z</time></trkpt><trkpt lat="59.167780" lon="11.482169"><ele>0.000000</ele><time>2026-09-13T11:56:35.035Z</time></trkpt><trkpt lat="59.167760" lon="11.482156"><ele>0.000000</ele><time>2026-09-13T11:56:37.037Z</time></trkpt><trkpt lat="59.167747" lon="11.482152"><ele>0.000000</ele><time>2026-09-13T11:56:38.038Z</time></trkpt><trkpt lat="59.167735" lon="11.482151"><ele>0.000000</ele><time>2026-09-13T11:56:39.039Z</time></trkpt><trkpt lat="59.167722" lon="11.482152"><ele>0.000000</ele><time>2026-09-13T11:56:40.040Z</time></trkpt><trkpt lat="59.167709" lon="11.482152"><ele>0.000000</ele><time>2026-09-13T11:56:41.041Z</time></trkpt><trkpt lat="59.167686" lon="11.482150"><ele>0.000000</ele><time>2026-09-13T11:56:43.043Z</time></trkpt><trkpt lat="59.167673" lon="11.482155"><ele>0.000000</ele><time>2026-09-13T11:56:44.044Z</time></trkpt><trkpt lat="59.167660" lon="11.482161"><ele>0.000000</ele><time>2026-09-13T11:56:45.045Z</time></trkpt><trkpt lat="59.167647" lon="11.482167"><ele>0.000000</ele><time>2026-09-13T11:56:46.046Z</time></trkpt><trkpt lat="59.167636" lon="11.482176"><ele>0.000000</ele><time>2026-09-13T11:56:47.047Z</time></trkpt><trkpt lat="59.167622" lon="11.482185"><ele>0.000000</ele><time>2026-09-13T11:56:48.048Z</time></trkpt><trkpt lat="59.167609" lon="11.482192"><ele>0.000000</ele><time>2026-09-13T11:56:49.049Z</time></trkpt><trkpt lat="59.167596" lon="11.482201"><ele>0.000000</ele><time>2026-09-13T11:56:50.050Z</time></trkpt><trkpt lat="59.167582" lon="11.482210"><ele>0.000000</ele><time>2026-09-13T11:56:51.051Z</time></trkpt><trkpt lat="59.167556" lon="11.482227"><ele>0.000000</ele><time>2026-09-13T11:56:53.053Z</time></trkpt><trkpt lat="59.167543" lon="11.482237"><ele>0.000000</ele><time>2026-09-13T11:56:54.054Z</time></trkpt><trkpt lat="59.167527" lon="11.482249"><ele>0.000000</ele><time>2026-09-13T11:56:55.055Z</time></trkpt><trkpt lat="59.167498" lon="11.482267"><ele>0.000000</ele><time>2026-09-13T11:56:57.057Z</time></trkpt><trkpt lat="59.167481" lon="11.482276"><ele>0.000000</ele><time>2026-09-13T11:56:58.058Z</time></trkpt><trkpt lat="59.167465" lon="11.482286"><ele>0.000000</ele><time>2026-09-13T11:56:59.059Z</time></trkpt><trkpt lat="59.167450" lon="11.482293"><ele>0.000000</ele><time>2026-09-13T11:57:00.000Z</time></trkpt><trkpt lat="59.167437" lon="11.482300"><ele>0.000000</ele><time>2026-09-13T11:57:01.001Z</time></trkpt><trkpt lat="59.167422" lon="11.482308"><ele>0.000000</ele><time>2026-09-13T11:57:02.002Z</time></trkpt><trkpt lat="59.167407" lon="11.482317"><ele>0.000000</ele><time>2026-09-13T11:57:03.003Z</time></trkpt><trkpt lat="59.167392" lon="11.482325"><ele>0.000000</ele><time>2026-09-13T11:57:04.004Z</time></trkpt><trkpt lat="59.167378" lon="11.482334"><ele>0.000000</ele><time>2026-09-13T11:57:05.005Z</time></trkpt><trkpt lat="59.167364" lon="11.482342"><ele>0.000000</ele><time>2026-09-13T11:57:06.006Z</time></trkpt><trkpt lat="59.167352" lon="11.482350"><ele>0.000000</ele><time>2026-09-13T11:57:07.007Z</time></trkpt><trkpt lat="59.167339" lon="11.482359"><ele>0.000000</ele><time>2026-09-13T11:57:08.008Z</time></trkpt><trkpt lat="59.167327" lon="11.482366"><ele>0.000000</ele><time>2026-09-13T11:57:09.009Z</time></trkpt><trkpt lat="59.167315" lon="11.482371"><ele>0.000000</ele><time>2026-09-13T11:57:10.010Z</time></trkpt><trkpt lat="59.167304" lon="11.482376"><ele>0.000000</ele><time>2026-09-13T11:57:11.011Z</time></trkpt><trkpt lat="59.167293" lon="11.482381"><ele>0.000000</ele><time>2026-09-13T11:57:12.012Z</time></trkpt><trkpt lat="59.167273" lon="11.482393"><ele>0.000000</ele><time>2026-09-13T11:57:14.014Z</time></trkpt><trkpt lat="59.167264" lon="11.482401"><ele>0.000000</ele><time>2026-09-13T11:57:15.015Z</time></trkpt><trkpt lat="59.167244" lon="11.482414"><ele>0.000000</ele><time>2026-09-13T11:57:17.017Z</time></trkpt><trkpt lat="59.167224" lon="11.482430"><ele>0.000000</ele><time>2026-09-13T11:57:19.019Z</time></trkpt><trkpt lat="59.167213" lon="11.482439"><ele>0.000000</ele><time>2026-09-13T11:57:20.020Z</time></trkpt><trkpt lat="59.167203" lon="11.482448"><ele>0.000000</ele><time>2026-09-13T11:57:21.021Z</time></trkpt><trkpt lat="59.167191" lon="11.482457"><ele>0.000000</ele><time>2026-09-13T11:57:22.022Z</time></trkpt><trkpt lat="59.167180" lon="11.482467"><ele>0.000000</ele><time>2026-09-13T11:57:23.023Z</time></trkpt><trkpt lat="59.167168" lon="11.482477"><ele>0.000000</ele><time>2026-09-13T11:57:24.024Z</time></trkpt><trkpt lat="59.167156" lon="11.482486"><ele>0.000000</ele><time>2026-09-13T11:57:25.025Z</time></trkpt><trkpt lat="59.167142" lon="11.482496"><ele>0.000000</ele><time>2026-09-13T11:57:26.026Z</time></trkpt><trkpt lat="59.167128" lon="11.482505"><ele>0.000000</ele><time>2026-09-13T11:57:27.027Z</time></trkpt><trkpt lat="59.167114" lon="11.482517"><ele>0.000000</ele><time>2026-09-13T11:57:28.028Z</time></trkpt><trkpt lat="59.167100" lon="11.482529"><ele>0.000000</ele><time>2026-09-13T11:57:29.029Z</time></trkpt><trkpt lat="59.167086" lon="11.482543"><ele>0.000000</ele><time>2026-09-13T11:57:30.030Z</time></trkpt><trkpt lat="59.167071" lon="11.482555"><ele>0.000000</ele><time>2026-09-13T11:57:31.031Z</time></trkpt><trkpt lat="59.167055" lon="11.482566"><ele>0.000000</ele><time>2026-09-13T11:57:32.032Z</time></trkpt><trkpt lat="59.167039" lon="11.482578"><ele>0.000000</ele><time>2026-09-13T11:57:33.033Z</time></trkpt><trkpt lat="59.167024" lon="11.482589"><ele>0.000000</ele><time>2026-09-13T11:57:34.034Z</time></trkpt><trkpt lat="59.167008" lon="11.482599"><ele>0.000000</ele><time>2026-09-13T11:57:35.035Z</time></trkpt><trkpt lat="59.166993" lon="11.482610"><ele>0.000000</ele><time>2026-09-13T11:57:36.036Z</time></trkpt><trkpt lat="59.166979" lon="11.482619"><ele>0.000000</ele><time>2026-09-13T11:57:37.037Z</time></trkpt><trkpt lat="59.166965" lon="11.482626"><ele>0.000000</ele><time>2026-09-13T11:57:38.038Z</time></trkpt><trkpt lat="59.166952" lon="11.482634"><ele>0.000000</ele><time>2026-09-13T11:57:39.039Z</time></trkpt><trkpt lat="59.166940" lon="11.482640"><ele>0.000000</ele><time>2026-09-13T11:57:40.040Z</time></trkpt><trkpt lat="59.166928" lon="11.482646"><ele>0.000000</ele><time>2026-09-13T11:57:41.041Z</time></trkpt><trkpt lat="59.166917" lon="11.482650"><ele>0.000000</ele><time>2026-09-13T11:57:42.042Z</time></trkpt><trkpt lat="59.166905" lon="11.482654"><ele>0.000000</ele><time>2026-09-13T11:57:43.043Z</time></trkpt><trkpt lat="59.166884" lon="11.482667"><ele>0.000000</ele><time>2026-09-13T11:57:45.045Z</time></trkpt><trkpt lat="59.166873" lon="11.482674"><ele>0.000000</ele><time>2026-09-13T11:57:46.046Z</time></trkpt><trkpt lat="59.166862" lon="11.482682"><ele>0.000000</ele><time>2026-09-13T11:57:47.047Z</time></trkpt><trkpt lat="59.166849" lon="11.482690"><ele>0.000000</ele><time>2026-09-13T11:57:48.048Z</time></trkpt><trkpt lat="59.166836" lon="11.482699"><ele>0.000000</ele><time>2026-09-13T11:57:49.049Z</time></trkpt><trkpt lat="59.166824" lon="11.482707"><ele>0.000000</ele><time>2026-09-13T11:57:50.050Z</time></trkpt><trkpt lat="59.166812" lon="11.482717"><ele>0.000000</ele><time>2026-09-13T11:57:51.051Z</time></trkpt><trkpt lat="59.166800" lon="11.482727"><ele>0.000000</ele><time>2026-09-13T11:57:52.052Z</time></trkpt><trkpt lat="59.166787" lon="11.482739"><ele>0.000000</ele><time>2026-09-13T11:57:53.053Z</time></trkpt><trkpt lat="59.166775" lon="11.482750"><ele>0.000000</ele><time>2026-09-13T11:57:54.054Z</time></trkpt><trkpt lat="59.166762" lon="11.482760"><ele>0.000000</ele><time>2026-09-13T11:57:55.055Z</time></trkpt><trkpt lat="59.166747" lon="11.482772"><ele>0.000000</ele><time>2026-09-13T11:57:56.056Z</time></trkpt><trkpt lat="59.166732" lon="11.482784"><ele>0.000000</ele><time>2026-09-13T11:57:57.057Z</time></trkpt><trkpt lat="59.166718" lon="11.482796"><ele>0.000000</ele><time>2026-09-13T11:57:58.058Z</time></trkpt><trkpt lat="59.166704" lon="11.482809"><ele>0.000000</ele><time>2026-09-13T11:57:59.059Z</time></trkpt><trkpt lat="59.166690" lon="11.482822"><ele>0.000000</ele><time>2026-09-13T11:58:00.000Z</time></trkpt><trkpt lat="59.166676" lon="11.482835"><ele>0.000000</ele><time>2026-09-13T11:58:01.001Z</time></trkpt><trkpt lat="59.166661" lon="11.482849"><ele>0.000000</ele><time>2026-09-13T11:58:02.002Z</time></trkpt><trkpt lat="59.166647" lon="11.482861"><ele>0.000000</ele><time>2026-09-13T11:58:03.003Z</time></trkpt><trkpt lat="59.166632" lon="11.482872"><ele>0.000000</ele><time>2026-09-13T11:58:04.004Z</time></trkpt><trkpt lat="59.166615" lon="11.482883"><ele>0.000000</ele><time>2026-09-13T11:58:05.005Z</time></trkpt><trkpt lat="59.166585" lon="11.482905"><ele>0.000000</ele><time>2026-09-13T11:58:07.007Z</time></trkpt><trkpt lat="59.166569" lon="11.482916"><ele>0.000000</ele><time>2026-09-13T11:58:08.008Z</time></trkpt><trkpt lat="59.166552" lon="11.482929"><ele>0.000000</ele><time>2026-09-13T11:58:09.009Z</time></trkpt><trkpt lat="59.166538" lon="11.482940"><ele>0.000000</ele><time>2026-09-13T11:58:10.010Z</time></trkpt><trkpt lat="59.166522" lon="11.482955"><ele>0.000000</ele><time>2026-09-13T11:58:11.011Z</time></trkpt><trkpt lat="59.166507" lon="11.482968"><ele>0.000000</ele><time>2026-09-13T11:58:12.012Z</time></trkpt><trkpt lat="59.166491" lon="11.482982"><ele>0.000000</ele><time>2026-09-13T11:58:13.013Z</time></trkpt><trkpt lat="59.166476" lon="11.482996"><ele>0.000000</ele><time>2026-09-13T11:58:14.014Z</time></trkpt><trkpt lat="59.166462" lon="11.483009"><ele>0.000000</ele><time>2026-09-13T11:58:15.015Z</time></trkpt><trkpt lat="59.166447" lon="11.483023"><ele>0.000000</ele><time>2026-09-13T11:58:16.016Z</time></trkpt><trkpt lat="59.166433" lon="11.483039"><ele>0.000000</ele><time>2026-09-13T11:58:17.017Z</time></trkpt><trkpt lat="59.166418" lon="11.483054"><ele>0.000000</ele><time>2026-09-13T11:58:18.018Z</time></trkpt><trkpt lat="59.166404" lon="11.483068"><ele>0.000000</ele><time>2026-09-13T11:58:19.019Z</time></trkpt><trkpt lat="59.166389" lon="11.483083"><ele>0.000000</ele><time>2026-09-13T11:58:20.020Z</time></trkpt><trkpt lat="59.166374" lon="11.483098"><ele>0.000000</ele><time>2026-09-13T11:58:21.021Z</time></trkpt><trkpt lat="59.166358" lon="11.483114"><ele>0.000000</ele><time>2026-09-13T11:58:22.022Z</time></trkpt><trkpt lat="59.166342" lon="11.483128"><ele>0.000000</ele><time>2026-09-13T11:58:23.023Z</time></trkpt><trkpt lat="59.166326" lon="11.483143"><ele>0.000000</ele><time>2026-09-13T11:58:24.024Z</time></trkpt><trkpt lat="59.166311" lon="11.483156"><ele>0.000000</ele><time>2026-09-13T11:58:25.025Z</time></trkpt><trkpt lat="59.166297" lon="11.483169"><ele>0.000000</ele><time>2026-09-13T11:58:26.026Z</time></trkpt><trkpt lat="59.166281" lon="11.483184"><ele>0.000000</ele><time>2026-09-13T11:58:27.027Z</time></trkpt><trkpt lat="59.166251" lon="11.483210"><ele>0.000000</ele><time>2026-09-13T11:58:29.029Z</time></trkpt><trkpt lat="59.166236" lon="11.483225"><ele>0.000000</ele><time>2026-09-13T11:58:30.030Z</time></trkpt><trkpt lat="59.166220" lon="11.483238"><ele>0.000000</ele><time>2026-09-13T11:58:31.031Z</time></trkpt><trkpt lat="59.166205" lon="11.483251"><ele>0.000000</ele><time>2026-09-13T11:58:32.032Z</time></trkpt><trkpt lat="59.166189" lon="11.483265"><ele>0.000000</ele><time>2026-09-13T11:58:33.033Z</time></trkpt><trkpt lat="59.166174" lon="11.483279"><ele>0.000000</ele><time>2026-09-13T11:58:34.034Z</time></trkpt><trkpt lat="59.166158" lon="11.483294"><ele>0.000000</ele><time>2026-09-13T11:58:35.035Z</time></trkpt><trkpt lat="59.166143" lon="11.483306"><ele>0.000000</ele><time>2026-09-13T11:58:36.036Z</time></trkpt><trkpt lat="59.166126" lon="11.483320"><ele>0.000000</ele><time>2026-09-13T11:58:37.037Z</time></trkpt><trkpt lat="59.166110" lon="11.483333"><ele>0.000000</ele><time>2026-09-13T11:58:38.038Z</time></trkpt><trkpt lat="59.166094" lon="11.483348"><ele>0.000000</ele><time>2026-09-13T11:58:39.039Z</time></trkpt><trkpt lat="59.166079" lon="11.483361"><ele>0.000000</ele><time>2026-09-13T11:58:40.040Z</time></trkpt><trkpt lat="59.166063" lon="11.483375"><ele>0.000000</ele><time>2026-09-13T11:58:41.041Z</time></trkpt><trkpt lat="59.166046" lon="11.483387"><ele>0.000000</ele><time>2026-09-13T11:58:42.042Z</time></trkpt><trkpt lat="59.166028" lon="11.483399"><ele>0.000000</ele><time>2026-09-13T11:58:43.043Z</time></trkpt><trkpt lat="59.166012" lon="11.483411"><ele>0.000000</ele><time>2026-09-13T11:58:44.044Z</time></trkpt><trkpt lat="59.165997" lon="11.483422"><ele>0.000000</ele><time>2026-09-13T11:58:45.045Z</time></trkpt><trkpt lat="59.165981" lon="11.483435"><ele>0.000000</ele><time>2026-09-13T11:58:46.046Z</time></trkpt><trkpt lat="59.165967" lon="11.483449"><ele>0.000000</ele><time>2026-09-13T11:58:47.047Z</time></trkpt><trkpt lat="59.165951" lon="11.483462"><ele>0.000000</ele><time>2026-09-13T11:58:48.048Z</time></trkpt><trkpt lat="59.165936" lon="11.483474"><ele>0.000000</ele><time>2026-09-13T11:58:49.049Z</time></trkpt><trkpt lat="59.165921" lon="11.483486"><ele>0.000000</ele><time>2026-09-13T11:58:50.050Z</time></trkpt><trkpt lat="59.165906" lon="11.483498"><ele>0.000000</ele><time>2026-09-13T11:58:51.051Z</time></trkpt><trkpt lat="59.165890" lon="11.483510"><ele>0.000000</ele><time>2026-09-13T11:58:52.052Z</time></trkpt><trkpt lat="59.165874" lon="11.483523"><ele>0.000000</ele><time>2026-09-13T11:58:53.053Z</time></trkpt><trkpt lat="59.165857" lon="11.483538"><ele>0.000000</ele><time>2026-09-13T11:58:54.054Z</time></trkpt><trkpt lat="59.165842" lon="11.483550"><ele>0.000000</ele><time>2026-09-13T11:58:55.055Z</time></trkpt><trkpt lat="59.165825" lon="11.483564"><ele>0.000000</ele><time>2026-09-13T11:58:56.056Z</time></trkpt><trkpt lat="59.165810" lon="11.483577"><ele>0.000000</ele><time>2026-09-13T11:58:57.057Z</time></trkpt><trkpt lat="59.165794" lon="11.483590"><ele>0.000000</ele><time>2026-09-13T11:58:58.058Z</time></trkpt><trkpt lat="59.165779" lon="11.483600"><ele>0.000000</ele><time>2026-09-13T11:58:59.059Z</time></trkpt><trkpt lat="59.165763" lon="11.483613"><ele>0.000000</ele><time>2026-09-13T11:59:00.000Z</time></trkpt><trkpt lat="59.165748" lon="11.483625"><ele>0.000000</ele><time>2026-09-13T11:59:01.001Z</time></trkpt><trkpt lat="59.165731" lon="11.483637"><ele>0.000000</ele><time>2026-09-13T11:59:02.002Z</time></trkpt><trkpt lat="59.165715" lon="11.483650"><ele>0.000000</ele><time>2026-09-13T11:59:03.003Z</time></trkpt><trkpt lat="59.165698" lon="11.483659"><ele>0.000000</ele><time>2026-09-13T11:59:04.004Z</time></trkpt><trkpt lat="59.165682" lon="11.483668"><ele>0.000000</ele><time>2026-09-13T11:59:05.005Z</time></trkpt><trkpt lat="59.165665" lon="11.483676"><ele>0.000000</ele><time>2026-09-13T11:59:06.006Z</time></trkpt><trkpt lat="59.165648" lon="11.483683"><ele>0.000000</ele><time>2026-09-13T11:59:07.007Z</time></trkpt><trkpt lat="59.165632" lon="11.483691"><ele>0.000000</ele><time>2026-09-13T11:59:08.008Z</time></trkpt><trkpt lat="59.165615" lon="11.483699"><ele>0.000000</ele><time>2026-09-13T11:59:09.009Z</time></trkpt><trkpt lat="59.165599" lon="11.483707"><ele>0.000000</ele><time>2026-09-13T11:59:10.010Z</time></trkpt><trkpt lat="59.165583" lon="11.483715"><ele>0.000000</ele><time>2026-09-13T11:59:11.011Z</time></trkpt><trkpt lat="59.165567" lon="11.483725"><ele>0.000000</ele><time>2026-09-13T11:59:12.012Z</time></trkpt><trkpt lat="59.165551" lon="11.483734"><ele>0.000000</ele><time>2026-09-13T11:59:13.013Z</time></trkpt><trkpt lat="59.165536" lon="11.483742"><ele>0.000000</ele><time>2026-09-13T11:59:14.014Z</time></trkpt><trkpt lat="59.165518" lon="11.483751"><ele>0.000000</ele><time>2026-09-13T11:59:15.015Z</time></trkpt><trkpt lat="59.165502" lon="11.483761"><ele>0.000000</ele><time>2026-09-13T11:59:16.016Z</time></trkpt><trkpt lat="59.165484" lon="11.483771"><ele>0.000000</ele><time>2026-09-13T11:59:17.017Z</time></trkpt><trkpt lat="59.165467" lon="11.483778"><ele>0.000000</ele><time>2026-09-13T11:59:18.018Z</time></trkpt><trkpt lat="59.165450" lon="11.483787"><ele>0.000000</ele><time>2026-09-13T11:59:19.019Z</time></trkpt><trkpt lat="59.165418" lon="11.483806"><ele>0.000000</ele><time>2026-09-13T11:59:21.021Z</time></trkpt><trkpt lat="59.165401" lon="11.483815"><ele>0.000000</ele><time>2026-09-13T11:59:22.022Z</time></trkpt><trkpt lat="59.165383" lon="11.483826"><ele>0.000000</ele><time>2026-09-13T11:59:23.023Z</time></trkpt><trkpt lat="59.165367" lon="11.483835"><ele>0.000000</ele><time>2026-09-13T11:59:24.024Z</time></trkpt><trkpt lat="59.165350" lon="11.483844"><ele>0.000000</ele><time>2026-09-13T11:59:25.025Z</time></trkpt><trkpt lat="59.165332" lon="11.483854"><ele>0.000000</ele><time>2026-09-13T11:59:26.026Z</time></trkpt><trkpt lat="59.165317" lon="11.483864"><ele>0.000000</ele><time>2026-09-13T11:59:27.027Z</time></trkpt><trkpt lat="59.165301" lon="11.483872"><ele>0.000000</ele><time>2026-09-13T11:59:28.028Z</time></trkpt><trkpt lat="59.165284" lon="11.483880"><ele>0.000000</ele><time>2026-09-13T11:59:29.029Z</time></trkpt><trkpt lat="59.165268" lon="11.483888"><ele>0.000000</ele><time>2026-09-13T11:59:30.030Z</time></trkpt><trkpt lat="59.165250" lon="11.483896"><ele>0.000000</ele><time>2026-09-13T11:59:31.031Z</time></trkpt><trkpt lat="59.165232" lon="11.483904"><ele>0.000000</ele><time>2026-09-13T11:59:32.032Z</time></trkpt><trkpt lat="59.165210" lon="11.483910"><ele>0.000000</ele><time>2026-09-13T11:59:33.033Z</time></trkpt><trkpt lat="59.165193" lon="11.483920"><ele>0.000000</ele><time>2026-09-13T11:59:34.034Z</time></trkpt><trkpt lat="59.165176" lon="11.483929"><ele>0.000000</ele><time>2026-09-13T11:59:35.035Z</time></trkpt><trkpt lat="59.165159" lon="11.483939"><ele>0.000000</ele><time>2026-09-13T11:59:36.036Z</time></trkpt><trkpt lat="59.165142" lon="11.483949"><ele>0.000000</ele><time>2026-09-13T11:59:37.037Z</time></trkpt><trkpt lat="59.165124" lon="11.483959"><ele>0.000000</ele><time>2026-09-13T11:59:38.038Z</time></trkpt><trkpt lat="59.165108" lon="11.483970"><ele>0.000000</ele><time>2026-09-13T11:59:39.039Z</time></trkpt><trkpt lat="59.165090" lon="11.483981"><ele>0.000000</ele><time>2026-09-13T11:59:40.040Z</time></trkpt><trkpt lat="59.165057" lon="11.484000"><ele>0.000000</ele><time>2026-09-13T11:59:42.042Z</time></trkpt><trkpt lat="59.165041" lon="11.484009"><ele>0.000000</ele><time>2026-09-13T11:59:43.043Z</time></trkpt><trkpt lat="59.165022" lon="11.484022"><ele>0.000000</ele><time>2026-09-13T11:59:44.044Z</time></trkpt><trkpt lat="59.164990" lon="11.484047"><ele>0.000000</ele><time>2026-09-13T11:59:46.046Z</time></trkpt><trkpt lat="59.164976" lon="11.484063"><ele>0.000000</ele><time>2026-09-13T11:59:47.047Z</time></trkpt><trkpt lat="59.164959" lon="11.484077"><ele>0.000000</ele><time>2026-09-13T11:59:48.048Z</time></trkpt><trkpt lat="59.164946" lon="11.484093"><ele>0.000000</ele><time>2026-09-13T11:59:49.049Z</time></trkpt><trkpt lat="59.164929" lon="11.484108"><ele>0.000000</ele><time>2026-09-13T11:59:50.050Z</time></trkpt><trkpt lat="59.164895" lon="11.484133"><ele>0.000000</ele><time>2026-09-13T11:59:52.052Z</time></trkpt><trkpt lat="59.164861" lon="11.484157"><ele>0.000000</ele><time>2026-09-13T11:59:54.054Z</time></trkpt><trkpt lat="59.164845" lon="11.484167"><ele>0.000000</ele><time>2026-09-13T11:59:55.055Z</time></trkpt><trkpt lat="59.164826" lon="11.484178"><ele>0.000000</ele><time>2026-09-13T11:59:56.056Z</time></trkpt><trkpt lat="59.164790" lon="11.484200"><ele>0.000000</ele><time>2026-09-13T11:59:58.058Z</time></trkpt><trkpt lat="59.164773" lon="11.484211"><ele>0.000000</ele><time>2026-09-13T11:59:59.059Z</time></trkpt><trkpt lat="59.164755" lon="11.484223"><ele>0.000000</ele><time>2026-09-13T12:00:00.000Z</time></trkpt><trkpt lat="59.164739" lon="11.484233"><ele>0.000000</ele><time>2026-09-13T12:00:01.001Z</time></trkpt><trkpt lat="59.164723" lon="11.484243"><ele>0.000000</ele><time>2026-09-13T12:00:02.002Z</time></trkpt><trkpt lat="59.164706" lon="11.484252"><ele>0.000000</ele><time>2026-09-13T12:00:03.003Z</time></trkpt><trkpt lat="59.164689" lon="11.484261"><ele>0.000000</ele><time>2026-09-13T12:00:04.004Z</time></trkpt><trkpt lat="59.164673" lon="11.484271"><ele>0.000000</ele><time>2026-09-13T12:00:05.005Z</time></trkpt><trkpt lat="59.164656" lon="11.484281"><ele>0.000000</ele><time>2026-09-13T12:00:06.006Z</time></trkpt><trkpt lat="59.164639" lon="11.484293"><ele>0.000000</ele><time>2026-09-13T12:00:07.007Z</time></trkpt><trkpt lat="59.164623" lon="11.484304"><ele>0.000000</ele><time>2026-09-13T12:00:08.008Z</time></trkpt><trkpt lat="59.164605" lon="11.484315"><ele>0.000000</ele><time>2026-09-13T12:00:09.009Z</time></trkpt><trkpt lat="59.164590" lon="11.484328"><ele>0.000000</ele><time>2026-09-13T12:00:10.010Z</time></trkpt><trkpt lat="59.164572" lon="11.484340"><ele>0.000000</ele><time>2026-09-13T12:00:11.011Z</time></trkpt><trkpt lat="59.164556" lon="11.484352"><ele>0.000000</ele><time>2026-09-13T12:00:12.012Z</time></trkpt><trkpt lat="59.164539" lon="11.484365"><ele>0.000000</ele><time>2026-09-13T12:00:13.013Z</time></trkpt><trkpt lat="59.164505" lon="11.484389"><ele>0.000000</ele><time>2026-09-13T12:00:15.015Z</time></trkpt><trkpt lat="59.164489" lon="11.484404"><ele>0.000000</ele><time>2026-09-13T12:00:16.016Z</time></trkpt><trkpt lat="59.164470" lon="11.484418"><ele>0.000000</ele><time>2026-09-13T12:00:17.017Z</time></trkpt><trkpt lat="59.164437" lon="11.484442"><ele>0.000000</ele><time>2026-09-13T12:00:19.019Z</time></trkpt><trkpt lat="59.164423" lon="11.484455"><ele>0.000000</ele><time>2026-09-13T12:00:20.020Z</time></trkpt><trkpt lat="59.164404" lon="11.484464"><ele>0.000000</ele><time>2026-09-13T12:00:21.021Z</time></trkpt><trkpt lat="59.164381" lon="11.484473"><ele>0.000000</ele><time>2026-09-13T12:00:22.022Z</time></trkpt><trkpt lat="59.164365" lon="11.484484"><ele>0.000000</ele><time>2026-09-13T12:00:23.023Z</time></trkpt><trkpt lat="59.164349" lon="11.484495"><ele>0.000000</ele><time>2026-09-13T12:00:24.024Z</time></trkpt><trkpt lat="59.164332" lon="11.484503"><ele>0.000000</ele><time>2026-09-13T12:00:25.025Z</time></trkpt><trkpt lat="59.164317" lon="11.484511"><ele>0.000000</ele><time>2026-09-13T12:00:26.026Z</time></trkpt><trkpt lat="59.164301" lon="11.484519"><ele>0.000000</ele><time>2026-09-13T12:00:27.027Z</time></trkpt><trkpt lat="59.164286" lon="11.484529"><ele>0.000000</ele><time>2026-09-13T12:00:28.028Z</time></trkpt><trkpt lat="59.164269" lon="11.484537"><ele>0.000000</ele><time>2026-09-13T12:00:29.029Z</time></trkpt><trkpt lat="59.164253" lon="11.484546"><ele>0.000000</ele><time>2026-09-13T12:00:30.030Z</time></trkpt><trkpt lat="59.164236" lon="11.484555"><ele>0.000000</ele><time>2026-09-13T12:00:31.031Z</time></trkpt><trkpt lat="59.164220" lon="11.484565"><ele>0.000000</ele><time>2026-09-13T12:00:32.032Z</time></trkpt><trkpt lat="59.164203" lon="11.484574"><ele>0.000000</ele><time>2026-09-13T12:00:33.033Z</time></trkpt><trkpt lat="59.164186" lon="11.484586"><ele>0.000000</ele><time>2026-09-13T12:00:34.034Z</time></trkpt><trkpt lat="59.164169" lon="11.484597"><ele>0.000000</ele><time>2026-09-13T12:00:35.035Z</time></trkpt><trkpt lat="59.164153" lon="11.484606"><ele>0.000000</ele><time>2026-09-13T12:00:36.036Z</time></trkpt><trkpt lat="59.164137" lon="11.484616"><ele>0.000000</ele><time>2026-09-13T12:00:37.037Z</time></trkpt><trkpt lat="59.164121" lon="11.484625"><ele>0.000000</ele><time>2026-09-13T12:00:38.038Z</time></trkpt><trkpt lat="59.164105" lon="11.484635"><ele>0.000000</ele><time>2026-09-13T12:00:39.039Z</time></trkpt><trkpt lat="59.164089" lon="11.484647"><ele>0.000000</ele><time>2026-09-13T12:00:40.040Z</time></trkpt><trkpt lat="59.164073" lon="11.484659"><ele>0.000000</ele><time>2026-09-13T12:00:41.041Z</time></trkpt><trkpt lat="59.164058" lon="11.484671"><ele>0.000000</ele><time>2026-09-13T12:00:42.042Z</time></trkpt><trkpt lat="59.164043" lon="11.484682"><ele>0.000000</ele><time>2026-09-13T12:00:43.043Z</time></trkpt><trkpt lat="59.164027" lon="11.484692"><ele>0.000000</ele><time>2026-09-13T12:00:44.044Z</time></trkpt><trkpt lat="59.164012" lon="11.484702"><ele>0.000000</ele><time>2026-09-13T12:00:45.045Z</time></trkpt><trkpt lat="59.163996" lon="11.484712"><ele>0.000000</ele><time>2026-09-13T12:00:46.046Z</time></trkpt><trkpt lat="59.163982" lon="11.484722"><ele>0.000000</ele><time>2026-09-13T12:00:47.047Z</time></trkpt><trkpt lat="59.163964" lon="11.484731"><ele>0.000000</ele><time>2026-09-13T12:00:48.048Z</time></trkpt><trkpt lat="59.163931" lon="11.484748"><ele>0.000000</ele><time>2026-09-13T12:00:50.050Z</time></trkpt><trkpt lat="59.163896" lon="11.484763"><ele>0.000000</ele><time>2026-09-13T12:00:52.052Z</time></trkpt><trkpt lat="59.163881" lon="11.484771"><ele>0.000000</ele><time>2026-09-13T12:00:53.053Z</time></trkpt><trkpt lat="59.163863" lon="11.484779"><ele>0.000000</ele><time>2026-09-13T12:00:54.054Z</time></trkpt><trkpt lat="59.163830" lon="11.484794"><ele>0.000000</ele><time>2026-09-13T12:00:56.056Z</time></trkpt><trkpt lat="59.163815" lon="11.484802"><ele>0.000000</ele><time>2026-09-13T12:00:56.056Z</time></trkpt><trkpt lat="59.163799" lon="11.484807"><ele>0.000000</ele><time>2026-09-13T12:00:57.057Z</time></trkpt><trkpt lat="59.163766" lon="11.484822"><ele>0.000000</ele><time>2026-09-13T12:00:59.059Z</time></trkpt><trkpt lat="59.163751" lon="11.484831"><ele>0.000000</ele><time>2026-09-13T12:01:01.001Z</time></trkpt><trkpt lat="59.163734" lon="11.484840"><ele>0.000000</ele><time>2026-09-13T12:01:02.002Z</time></trkpt><trkpt lat="59.163719" lon="11.484850"><ele>0.000000</ele><time>2026-09-13T12:01:03.003Z</time></trkpt><trkpt lat="59.163703" lon="11.484859"><ele>0.000000</ele><time>2026-09-13T12:01:04.004Z</time></trkpt><trkpt lat="59.163687" lon="11.484867"><ele>0.000000</ele><time>2026-09-13T12:01:05.005Z</time></trkpt><trkpt lat="59.163671" lon="11.484871"><ele>0.000000</ele><time>2026-09-13T12:01:06.006Z</time></trkpt><trkpt lat="59.163654" lon="11.484878"><ele>0.000000</ele><time>2026-09-13T12:01:07.007Z</time></trkpt><trkpt lat="59.163639" lon="11.484885"><ele>0.000000</ele><time>2026-09-13T12:01:08.008Z</time></trkpt><trkpt lat="59.163623" lon="11.484892"><ele>0.000000</ele><time>2026-09-13T12:01:09.009Z</time></trkpt><trkpt lat="59.163607" lon="11.484900"><ele>0.000000</ele><time>2026-09-13T12:01:10.010Z</time></trkpt><trkpt lat="59.163589" lon="11.484907"><ele>0.000000</ele><time>2026-09-13T12:01:11.011Z</time></trkpt><trkpt lat="59.163557" lon="11.484918"><ele>0.000000</ele><time>2026-09-13T12:01:13.013Z</time></trkpt><trkpt lat="59.163542" lon="11.484923"><ele>0.000000</ele><time>2026-09-13T12:01:14.014Z</time></trkpt><trkpt lat="59.163527" lon="11.484929"><ele>0.000000</ele><time>2026-09-13T12:01:15.015Z</time></trkpt><trkpt lat="59.163513" lon="11.484936"><ele>0.000000</ele><time>2026-09-13T12:01:16.016Z</time></trkpt><trkpt lat="59.163497" lon="11.484942"><ele>0.000000</ele><time>2026-09-13T12:01:17.017Z</time></trkpt><trkpt lat="59.163483" lon="11.484949"><ele>0.000000</ele><time>2026-09-13T12:01:18.018Z</time></trkpt><trkpt lat="59.163466" lon="11.484958"><ele>0.000000</ele><time>2026-09-13T12:01:19.019Z</time></trkpt><trkpt lat="59.163451" lon="11.484965"><ele>0.000000</ele><time>2026-09-13T12:01:20.020Z</time></trkpt><trkpt lat="59.163434" lon="11.484974"><ele>0.000000</ele><time>2026-09-13T12:01:21.021Z</time></trkpt><trkpt lat="59.163400" lon="11.484990"><ele>0.000000</ele><time>2026-09-13T12:01:23.023Z</time></trkpt><trkpt lat="59.163365" lon="11.485009"><ele>0.000000</ele><time>2026-09-13T12:01:25.025Z</time></trkpt><trkpt lat="59.163331" lon="11.485025"><ele>0.000000</ele><time>2026-09-13T12:01:27.027Z</time></trkpt><trkpt lat="59.163297" lon="11.485037"><ele>0.000000</ele><time>2026-09-13T12:01:29.029Z</time></trkpt><trkpt lat="59.163280" lon="11.485041"><ele>0.000000</ele><time>2026-09-13T12:01:30.030Z</time></trkpt><trkpt lat="59.163263" lon="11.485047"><ele>0.000000</ele><time>2026-09-13T12:01:31.031Z</time></trkpt><trkpt lat="59.163248" lon="11.485054"><ele>0.000000</ele><time>2026-09-13T12:01:32.032Z</time></trkpt><trkpt lat="59.163231" lon="11.485060"><ele>0.000000</ele><time>2026-09-13T12:01:33.033Z</time></trkpt><trkpt lat="59.163215" lon="11.485067"><ele>0.000000</ele><time>2026-09-13T12:01:34.034Z</time></trkpt><trkpt lat="59.163198" lon="11.485072"><ele>0.000000</ele><time>2026-09-13T12:01:35.035Z</time></trkpt><trkpt lat="59.163181" lon="11.485079"><ele>0.000000</ele><time>2026-09-13T12:01:36.036Z</time></trkpt><trkpt lat="59.163162" lon="11.485085"><ele>0.000000</ele><time>2026-09-13T12:01:37.037Z</time></trkpt><trkpt lat="59.163127" lon="11.485096"><ele>0.000000</ele><time>2026-09-13T12:01:39.039Z</time></trkpt><trkpt lat="59.163111" lon="11.485101"><ele>0.000000</ele><time>2026-09-13T12:01:40.040Z</time></trkpt><trkpt lat="59.163093" lon="11.485107"><ele>0.000000</ele><time>2026-09-13T12:01:41.041Z</time></trkpt><trkpt lat="59.163077" lon="11.485114"><ele>0.000000</ele><time>2026-09-13T12:01:42.042Z</time></trkpt><trkpt lat="59.163058" lon="11.485122"><ele>0.000000</ele><time>2026-09-13T12:01:43.043Z</time></trkpt><trkpt lat="59.163024" lon="11.485138"><ele>0.000000</ele><time>2026-09-13T12:01:45.045Z</time></trkpt><trkpt lat="59.163008" lon="11.485147"><ele>0.000000</ele><time>2026-09-13T12:01:46.046Z</time></trkpt><trkpt lat="59.162989" lon="11.485154"><ele>0.000000</ele><time>2026-09-13T12:01:47.047Z</time></trkpt><trkpt lat="59.162971" lon="11.485162"><ele>0.000000</ele><time>2026-09-13T12:01:48.048Z</time></trkpt><trkpt lat="59.162952" lon="11.485170"><ele>0.000000</ele><time>2026-09-13T12:01:49.049Z</time></trkpt><trkpt lat="59.162917" lon="11.485186"><ele>0.000000</ele><time>2026-09-13T12:01:51.051Z</time></trkpt><trkpt lat="59.162887" lon="11.485201"><ele>0.000000</ele><time>2026-09-13T12:01:53.053Z</time></trkpt><trkpt lat="59.162871" lon="11.485208"><ele>0.000000</ele><time>2026-09-13T12:01:54.054Z</time></trkpt><trkpt lat="59.162852" lon="11.485217"><ele>0.000000</ele><time>2026-09-13T12:01:55.055Z</time></trkpt><trkpt lat="59.162833" lon="11.485226"><ele>0.000000</ele><time>2026-09-13T12:01:56.056Z</time></trkpt><trkpt lat="59.162815" lon="11.485235"><ele>0.000000</ele><time>2026-09-13T12:01:57.057Z</time></trkpt><trkpt lat="59.162797" lon="11.485243"><ele>0.000000</ele><time>2026-09-13T12:01:58.058Z</time></trkpt><trkpt lat="59.162779" lon="11.485253"><ele>0.000000</ele><time>2026-09-13T12:01:59.059Z</time></trkpt><trkpt lat="59.162761" lon="11.485262"><ele>0.000000</ele><time>2026-09-13T12:02:00.000Z</time></trkpt><trkpt lat="59.162742" lon="11.485271"><ele>0.000000</ele><time>2026-09-13T12:02:01.001Z</time></trkpt><trkpt lat="59.162724" lon="11.485278"><ele>0.000000</ele><time>2026-09-13T12:02:02.002Z</time></trkpt><trkpt lat="59.162706" lon="11.485287"><ele>0.000000</ele><time>2026-09-13T12:02:03.003Z</time></trkpt><trkpt lat="59.162689" lon="11.485293"><ele>0.000000</ele><time>2026-09-13T12:02:04.004Z</time></trkpt><trkpt lat="59.162671" lon="11.485299"><ele>0.000000</ele><time>2026-09-13T12:02:05.005Z</time></trkpt><trkpt lat="59.162656" lon="11.485307"><ele>0.000000</ele><time>2026-09-13T12:02:06.006Z</time></trkpt><trkpt lat="59.162638" lon="11.485316"><ele>0.000000</ele><time>2026-09-13T12:02:07.007Z</time></trkpt><trkpt lat="59.162622" lon="11.485325"><ele>0.000000</ele><time>2026-09-13T12:02:08.008Z</time></trkpt><trkpt lat="59.162604" lon="11.485335"><ele>0.000000</ele><time>2026-09-13T12:02:09.009Z</time></trkpt><trkpt lat="59.162589" lon="11.485345"><ele>0.000000</ele><time>2026-09-13T12:02:10.010Z</time></trkpt><trkpt lat="59.162571" lon="11.485356"><ele>0.000000</ele><time>2026-09-13T12:02:11.011Z</time></trkpt><trkpt lat="59.162537" lon="11.485373"><ele>0.000000</ele><time>2026-09-13T12:02:13.013Z</time></trkpt><trkpt lat="59.162521" lon="11.485382"><ele>0.000000</ele><time>2026-09-13T12:02:14.014Z</time></trkpt><trkpt lat="59.162504" lon="11.485394"><ele>0.000000</ele><time>2026-09-13T12:02:15.015Z</time></trkpt><trkpt lat="59.162489" lon="11.485404"><ele>0.000000</ele><time>2026-09-13T12:02:16.016Z</time></trkpt><trkpt lat="59.162471" lon="11.485415"><ele>0.000000</ele><time>2026-09-13T12:02:17.017Z</time></trkpt><trkpt lat="59.162455" lon="11.485424"><ele>0.000000</ele><time>2026-09-13T12:02:18.018Z</time></trkpt><trkpt lat="59.162437" lon="11.485434"><ele>0.000000</ele><time>2026-09-13T12:02:19.019Z</time></trkpt><trkpt lat="59.162421" lon="11.485445"><ele>0.000000</ele><time>2026-09-13T12:02:20.020Z</time></trkpt><trkpt lat="59.162404" lon="11.485457"><ele>0.000000</ele><time>2026-09-13T12:02:21.021Z</time></trkpt><trkpt lat="59.162387" lon="11.485470"><ele>0.000000</ele><time>2026-09-13T12:02:22.022Z</time></trkpt><trkpt lat="59.162371" lon="11.485481"><ele>0.000000</ele><time>2026-09-13T12:02:23.023Z</time></trkpt><trkpt lat="59.162355" lon="11.485491"><ele>0.000000</ele><time>2026-09-13T12:02:24.024Z</time></trkpt><trkpt lat="59.162337" lon="11.485500"><ele>0.000000</ele><time>2026-09-13T12:02:25.025Z</time></trkpt><trkpt lat="59.162321" lon="11.485508"><ele>0.000000</ele><time>2026-09-13T12:02:26.026Z</time></trkpt><trkpt lat="59.162303" lon="11.485516"><ele>0.000000</ele><time>2026-09-13T12:02:27.027Z</time></trkpt><trkpt lat="59.162288" lon="11.485526"><ele>0.000000</ele><time>2026-09-13T12:02:28.028Z</time></trkpt><trkpt lat="59.162271" lon="11.485536"><ele>0.000000</ele><time>2026-09-13T12:02:29.029Z</time></trkpt><trkpt lat="59.162255" lon="11.485543"><ele>0.000000</ele><time>2026-09-13T12:02:30.030Z</time></trkpt><trkpt lat="59.162238" lon="11.485551"><ele>0.000000</ele><time>2026-09-13T12:02:31.031Z</time></trkpt><trkpt lat="59.162223" lon="11.485559"><ele>0.000000</ele><time>2026-09-13T12:02:32.032Z</time></trkpt><trkpt lat="59.162207" lon="11.485570"><ele>0.000000</ele><time>2026-09-13T12:02:33.033Z</time></trkpt><trkpt lat="59.162191" lon="11.485580"><ele>0.000000</ele><time>2026-09-13T12:02:34.034Z</time></trkpt><trkpt lat="59.162174" lon="11.485591"><ele>0.000000</ele><time>2026-09-13T12:02:35.035Z</time></trkpt><trkpt lat="59.162159" lon="11.485602"><ele>0.000000</ele><time>2026-09-13T12:02:36.036Z</time></trkpt><trkpt lat="59.162144" lon="11.485613"><ele>0.000000</ele><time>2026-09-13T12:02:37.037Z</time></trkpt><trkpt lat="59.162128" lon="11.485622"><ele>0.000000</ele><time>2026-09-13T12:02:38.038Z</time></trkpt><trkpt lat="59.162112" lon="11.485634"><ele>0.000000</ele><time>2026-09-13T12:02:39.039Z</time></trkpt><trkpt lat="59.162096" lon="11.485644"><ele>0.000000</ele><time>2026-09-13T12:02:40.040Z</time></trkpt><trkpt lat="59.162082" lon="11.485656"><ele>0.000000</ele><time>2026-09-13T12:02:41.041Z</time></trkpt><trkpt lat="59.162067" lon="11.485665"><ele>0.000000</ele><time>2026-09-13T12:02:42.042Z</time></trkpt><trkpt lat="59.162052" lon="11.485676"><ele>0.000000</ele><time>2026-09-13T12:02:43.043Z</time></trkpt><trkpt lat="59.162036" lon="11.485686"><ele>0.000000</ele><time>2026-09-13T12:02:44.044Z</time></trkpt><trkpt lat="59.162020" lon="11.485696"><ele>0.000000</ele><time>2026-09-13T12:02:45.045Z</time></trkpt><trkpt lat="59.162002" lon="11.485704"><ele>0.000000</ele><time>2026-09-13T12:02:46.046Z</time></trkpt><trkpt lat="59.161986" lon="11.485715"><ele>0.000000</ele><time>2026-09-13T12:02:47.047Z</time></trkpt><trkpt lat="59.161969" lon="11.485724"><ele>0.000000</ele><time>2026-09-13T12:02:48.048Z</time></trkpt><trkpt lat="59.161954" lon="11.485734"><ele>0.000000</ele><time>2026-09-13T12:02:49.049Z</time></trkpt><trkpt lat="59.161938" lon="11.485744"><ele>0.000000</ele><time>2026-09-13T12:02:50.050Z</time></trkpt><trkpt lat="59.161924" lon="11.485756"><ele>0.000000</ele><time>2026-09-13T12:02:51.051Z</time></trkpt><trkpt lat="59.161907" lon="11.485768"><ele>0.000000</ele><time>2026-09-13T12:02:52.052Z</time></trkpt><trkpt lat="59.161891" lon="11.485779"><ele>0.000000</ele><time>2026-09-13T12:02:53.053Z</time></trkpt><trkpt lat="59.161874" lon="11.485791"><ele>0.000000</ele><time>2026-09-13T12:02:54.054Z</time></trkpt><trkpt lat="59.161860" lon="11.485803"><ele>0.000000</ele><time>2026-09-13T12:02:55.055Z</time></trkpt><trkpt lat="59.161844" lon="11.485816"><ele>0.000000</ele><time>2026-09-13T12:02:56.056Z</time></trkpt><trkpt lat="59.161829" lon="11.485829"><ele>0.000000</ele><time>2026-09-13T12:02:57.057Z</time></trkpt><trkpt lat="59.161814" lon="11.485841"><ele>0.000000</ele><time>2026-09-13T12:02:58.058Z</time></trkpt><trkpt lat="59.161799" lon="11.485856"><ele>0.000000</ele><time>2026-09-13T12:02:59.059Z</time></trkpt><trkpt lat="59.161784" lon="11.485869"><ele>0.000000</ele><time>2026-09-13T12:03:00.000Z</time></trkpt><trkpt lat="59.161769" lon="11.485881"><ele>0.000000</ele><time>2026-09-13T12:03:01.001Z</time></trkpt><trkpt lat="59.161752" lon="11.485892"><ele>0.000000</ele><time>2026-09-13T12:03:02.002Z</time></trkpt><trkpt lat="59.161736" lon="11.485903"><ele>0.000000</ele><time>2026-09-13T12:03:03.003Z</time></trkpt><trkpt lat="59.161719" lon="11.485915"><ele>0.000000</ele><time>2026-09-13T12:03:04.004Z</time></trkpt><trkpt lat="59.161703" lon="11.485926"><ele>0.000000</ele><time>2026-09-13T12:03:05.005Z</time></trkpt><trkpt lat="59.161687" lon="11.485935"><ele>0.000000</ele><time>2026-09-13T12:03:06.006Z</time></trkpt><trkpt lat="59.161671" lon="11.485943"><ele>0.000000</ele><time>2026-09-13T12:03:07.007Z</time></trkpt><trkpt lat="59.161656" lon="11.485950"><ele>0.000000</ele><time>2026-09-13T12:03:08.008Z</time></trkpt><trkpt lat="59.161641" lon="11.485957"><ele>0.000000</ele><time>2026-09-13T12:03:09.009Z</time></trkpt><trkpt lat="59.161625" lon="11.485965"><ele>0.000000</ele><time>2026-09-13T12:03:10.010Z</time></trkpt><trkpt lat="59.161610" lon="11.485974"><ele>0.000000</ele><time>2026-09-13T12:03:11.011Z</time></trkpt><trkpt lat="59.161594" lon="11.485980"><ele>0.000000</ele><time>2026-09-13T12:03:12.012Z</time></trkpt><trkpt lat="59.161578" lon="11.485988"><ele>0.000000</ele><time>2026-09-13T12:03:13.013Z</time></trkpt><trkpt lat="59.161564" lon="11.485994"><ele>0.000000</ele><time>2026-09-13T12:03:14.014Z</time></trkpt><trkpt lat="59.161549" lon="11.486001"><ele>0.000000</ele><time>2026-09-13T12:03:15.015Z</time></trkpt><trkpt lat="59.161534" lon="11.486009"><ele>0.000000</ele><time>2026-09-13T12:03:16.016Z</time></trkpt><trkpt lat="59.161518" lon="11.486017"><ele>0.000000</ele><time>2026-09-13T12:03:17.017Z</time></trkpt><trkpt lat="59.161502" lon="11.486025"><ele>0.000000</ele><time>2026-09-13T12:03:18.018Z</time></trkpt><trkpt lat="59.161486" lon="11.486032"><ele>0.000000</ele><time>2026-09-13T12:03:19.019Z</time></trkpt><trkpt lat="59.161472" lon="11.486037"><ele>0.000000</ele><time>2026-09-13T12:03:20.020Z</time></trkpt><trkpt lat="59.161457" lon="11.486040"><ele>0.000000</ele><time>2026-09-13T12:03:21.021Z</time></trkpt><trkpt lat="59.161443" lon="11.486046"><ele>0.000000</ele><time>2026-09-13T12:03:22.022Z</time></trkpt><trkpt lat="59.161427" lon="11.486052"><ele>0.000000</ele><time>2026-09-13T12:03:23.023Z</time></trkpt><trkpt lat="59.161413" lon="11.486057"><ele>0.000000</ele><time>2026-09-13T12:03:24.024Z</time></trkpt><trkpt lat="59.161396" lon="11.486065"><ele>0.000000</ele><time>2026-09-13T12:03:25.025Z</time></trkpt><trkpt lat="59.161363" lon="11.486079"><ele>0.000000</ele><time>2026-09-13T12:03:27.027Z</time></trkpt><trkpt lat="59.161329" lon="11.486094"><ele>0.000000</ele><time>2026-09-13T12:03:29.029Z</time></trkpt><trkpt lat="59.161296" lon="11.486109"><ele>0.000000</ele><time>2026-09-13T12:03:31.031Z</time></trkpt><trkpt lat="59.161265" lon="11.486124"><ele>0.000000</ele><time>2026-09-13T12:03:33.033Z</time></trkpt><trkpt lat="59.161251" lon="11.486131"><ele>0.000000</ele><time>2026-09-13T12:03:34.034Z</time></trkpt><trkpt lat="59.161237" lon="11.486141"><ele>0.000000</ele><time>2026-09-13T12:03:35.035Z</time></trkpt><trkpt lat="59.161223" lon="11.486148"><ele>0.000000</ele><time>2026-09-13T12:03:36.036Z</time></trkpt><trkpt lat="59.161208" lon="11.486156"><ele>0.000000</ele><time>2026-09-13T12:03:37.037Z</time></trkpt><trkpt lat="59.161194" lon="11.486163"><ele>0.000000</ele><time>2026-09-13T12:03:38.038Z</time></trkpt><trkpt lat="59.161180" lon="11.486171"><ele>0.000000</ele><time>2026-09-13T12:03:39.039Z</time></trkpt><trkpt lat="59.161164" lon="11.486179"><ele>0.000000</ele><time>2026-09-13T12:03:40.040Z</time></trkpt><trkpt lat="59.161151" lon="11.486189"><ele>0.000000</ele><time>2026-09-13T12:03:41.041Z</time></trkpt><trkpt lat="59.161136" lon="11.486198"><ele>0.000000</ele><time>2026-09-13T12:03:42.042Z</time></trkpt><trkpt lat="59.161122" lon="11.486206"><ele>0.000000</ele><time>2026-09-13T12:03:43.043Z</time></trkpt><trkpt lat="59.161107" lon="11.486214"><ele>0.000000</ele><time>2026-09-13T12:03:44.044Z</time></trkpt><trkpt lat="59.161093" lon="11.486223"><ele>0.000000</ele><time>2026-09-13T12:03:45.045Z</time></trkpt><trkpt lat="59.161078" lon="11.486234"><ele>0.000000</ele><time>2026-09-13T12:03:46.046Z</time></trkpt><trkpt lat="59.161063" lon="11.486245"><ele>0.000000</ele><time>2026-09-13T12:03:47.047Z</time></trkpt><trkpt lat="59.161048" lon="11.486257"><ele>0.000000</ele><time>2026-09-13T12:03:48.048Z</time></trkpt><trkpt lat="59.161034" lon="11.486267"><ele>0.000000</ele><time>2026-09-13T12:03:49.049Z</time></trkpt><trkpt lat="59.161020" lon="11.486278"><ele>0.000000</ele><time>2026-09-13T12:03:50.050Z</time></trkpt><trkpt lat="59.161007" lon="11.486289"><ele>0.000000</ele><time>2026-09-13T12:03:51.051Z</time></trkpt><trkpt lat="59.160991" lon="11.486300"><ele>0.000000</ele><time>2026-09-13T12:03:52.052Z</time></trkpt><trkpt lat="59.160975" lon="11.486310"><ele>0.000000</ele><time>2026-09-13T12:03:53.053Z</time></trkpt><trkpt lat="59.160958" lon="11.486322"><ele>0.000000</ele><time>2026-09-13T12:03:54.054Z</time></trkpt><trkpt lat="59.160928" lon="11.486343"><ele>0.000000</ele><time>2026-09-13T12:03:56.056Z</time></trkpt><trkpt lat="59.160895" lon="11.486365"><ele>0.000000</ele><time>2026-09-13T12:03:58.058Z</time></trkpt><trkpt lat="59.160862" lon="11.486387"><ele>0.000000</ele><time>2026-09-13T12:04:00.000Z</time></trkpt><trkpt lat="59.160829" lon="11.486407"><ele>0.000000</ele><time>2026-09-13T12:04:02.002Z</time></trkpt><trkpt lat="59.160797" lon="11.486427"><ele>0.000000</ele><time>2026-09-13T12:04:04.004Z</time></trkpt><trkpt lat="59.160765" lon="11.486444"><ele>0.000000</ele><time>2026-09-13T12:04:06.006Z</time></trkpt><trkpt lat="59.160735" lon="11.486461"><ele>0.000000</ele><time>2026-09-13T12:04:08.008Z</time></trkpt><trkpt lat="59.160721" lon="11.486467"><ele>0.000000</ele><time>2026-09-13T12:04:09.009Z</time></trkpt><trkpt lat="59.160706" lon="11.486475"><ele>0.000000</ele><time>2026-09-13T12:04:10.010Z</time></trkpt><trkpt lat="59.160691" lon="11.486481"><ele>0.000000</ele><time>2026-09-13T12:04:11.011Z</time></trkpt><trkpt lat="59.160674" lon="11.486487"><ele>0.000000</ele><time>2026-09-13T12:04:12.012Z</time></trkpt><trkpt lat="59.160659" lon="11.486493"><ele>0.000000</ele><time>2026-09-13T12:04:13.013Z</time></trkpt><trkpt lat="59.160642" lon="11.486499"><ele>0.000000</ele><time>2026-09-13T12:04:14.014Z</time></trkpt><trkpt lat="59.160627" lon="11.486506"><ele>0.000000</ele><time>2026-09-13T12:04:15.015Z</time></trkpt><trkpt lat="59.160611" lon="11.486512"><ele>0.000000</ele><time>2026-09-13T12:04:16.016Z</time></trkpt><trkpt lat="59.160593" lon="11.486519"><ele>0.000000</ele><time>2026-09-13T12:04:17.017Z</time></trkpt><trkpt lat="59.160576" lon="11.486525"><ele>0.000000</ele><time>2026-09-13T12:04:18.018Z</time></trkpt><trkpt lat="59.160560" lon="11.486531"><ele>0.000000</ele><time>2026-09-13T12:04:19.019Z</time></trkpt><trkpt lat="59.160544" lon="11.486537"><ele>0.000000</ele><time>2026-09-13T12:04:20.020Z</time></trkpt><trkpt lat="59.160527" lon="11.486542"><ele>0.000000</ele><time>2026-09-13T12:04:21.021Z</time></trkpt><trkpt lat="59.160510" lon="11.486547"><ele>0.000000</ele><time>2026-09-13T12:04:22.022Z</time></trkpt><trkpt lat="59.160494" lon="11.486551"><ele>0.000000</ele><time>2026-09-13T12:04:23.023Z</time></trkpt><trkpt lat="59.160478" lon="11.486555"><ele>0.000000</ele><time>2026-09-13T12:04:24.024Z</time></trkpt><trkpt lat="59.160463" lon="11.486559"><ele>0.000000</ele><time>2026-09-13T12:04:25.025Z</time></trkpt><trkpt lat="59.160447" lon="11.486566"><ele>0.000000</ele><time>2026-09-13T12:04:26.026Z</time></trkpt><trkpt lat="59.160431" lon="11.486572"><ele>0.000000</ele><time>2026-09-13T12:04:27.027Z</time></trkpt><trkpt lat="59.160400" lon="11.486582"><ele>0.000000</ele><time>2026-09-13T12:04:29.029Z</time></trkpt><trkpt lat="59.160385" lon="11.486590"><ele>0.000000</ele><time>2026-09-13T12:04:30.030Z</time></trkpt><trkpt lat="59.160368" lon="11.486596"><ele>0.000000</ele><time>2026-09-13T12:04:31.031Z</time></trkpt><trkpt lat="59.160353" lon="11.486604"><ele>0.000000</ele><time>2026-09-13T12:04:32.032Z</time></trkpt><trkpt lat="59.160337" lon="11.486612"><ele>0.000000</ele><time>2026-09-13T12:04:33.033Z</time></trkpt><trkpt lat="59.160322" lon="11.486619"><ele>0.000000</ele><time>2026-09-13T12:04:34.034Z</time></trkpt><trkpt lat="59.160306" lon="11.486626"><ele>0.000000</ele><time>2026-09-13T12:04:35.035Z</time></trkpt><trkpt lat="59.160276" lon="11.486640"><ele>0.000000</ele><time>2026-09-13T12:04:37.037Z</time></trkpt><trkpt lat="59.160261" lon="11.486647"><ele>0.000000</ele><time>2026-09-13T12:04:38.038Z</time></trkpt><trkpt lat="59.160247" lon="11.486655"><ele>0.000000</ele><time>2026-09-13T12:04:39.039Z</time></trkpt><trkpt lat="59.160232" lon="11.486663"><ele>0.000000</ele><time>2026-09-13T12:04:40.040Z</time></trkpt><trkpt lat="59.160219" lon="11.486671"><ele>0.000000</ele><time>2026-09-13T12:04:41.041Z</time></trkpt><trkpt lat="59.160205" lon="11.486678"><ele>0.000000</ele><time>2026-09-13T12:04:42.042Z</time></trkpt><trkpt lat="59.160192" lon="11.486685"><ele>0.000000</ele><time>2026-09-13T12:04:43.043Z</time></trkpt><trkpt lat="59.160179" lon="11.486693"><ele>0.000000</ele><time>2026-09-13T12:04:44.044Z</time></trkpt><trkpt lat="59.160167" lon="11.486700"><ele>0.000000</ele><time>2026-09-13T12:04:45.045Z</time></trkpt><trkpt lat="59.160154" lon="11.486706"><ele>0.000000</ele><time>2026-09-13T12:04:46.046Z</time></trkpt><trkpt lat="59.160142" lon="11.486712"><ele>0.000000</ele><time>2026-09-13T12:04:47.047Z</time></trkpt><trkpt lat="59.160131" lon="11.486716"><ele>0.000000</ele><time>2026-09-13T12:04:48.048Z</time></trkpt><trkpt lat="59.160118" lon="11.486721"><ele>0.000000</ele><time>2026-09-13T12:04:49.049Z</time></trkpt><trkpt lat="59.160095" lon="11.486730"><ele>0.000000</ele><time>2026-09-13T12:04:51.051Z</time></trkpt><trkpt lat="59.160083" lon="11.486732"><ele>0.000000</ele><time>2026-09-13T12:04:52.052Z</time></trkpt><trkpt lat="59.160070" lon="11.486734"><ele>0.000000</ele><time>2026-09-13T12:04:53.053Z</time></trkpt><trkpt lat="59.160057" lon="11.486734"><ele>0.000000</ele><time>2026-09-13T12:04:54.054Z</time></trkpt><trkpt lat="59.160043" lon="11.486734"><ele>0.000000</ele><time>2026-09-13T12:04:55.055Z</time></trkpt><trkpt lat="59.160030" lon="11.486734"><ele>0.000000</ele><time>2026-09-13T12:04:56.056Z</time></trkpt><trkpt lat="59.160017" lon="11.486735"><ele>0.000000</ele><time>2026-09-13T12:04:57.057Z</time></trkpt><trkpt lat="59.160004" lon="11.486737"><ele>0.000000</ele><time>2026-09-13T12:04:58.058Z</time></trkpt><trkpt lat="59.159991" lon="11.486738"><ele>0.000000</ele><time>2026-09-13T12:04:59.059Z</time></trkpt><trkpt lat="59.159978" lon="11.486739"><ele>0.000000</ele><time>2026-09-13T12:05:00.000Z</time></trkpt><trkpt lat="59.159964" lon="11.486739"><ele>0.000000</ele><time>2026-09-13T12:05:01.001Z</time></trkpt><trkpt lat="59.159951" lon="11.486738"><ele>0.000000</ele><time>2026-09-13T12:05:02.002Z</time></trkpt><trkpt lat="59.159938" lon="11.486738"><ele>0.000000</ele><time>2026-09-13T12:05:03.003Z</time></trkpt><trkpt lat="59.159924" lon="11.486739"><ele>0.000000</ele><time>2026-09-13T12:05:04.004Z</time></trkpt><trkpt lat="59.159909" lon="11.486740"><ele>0.000000</ele><time>2026-09-13T12:05:05.005Z</time></trkpt><trkpt lat="59.159894" lon="11.486740"><ele>0.000000</ele><time>2026-09-13T12:05:06.006Z</time></trkpt><trkpt lat="59.159880" lon="11.486742"><ele>0.000000</ele><time>2026-09-13T12:05:07.007Z</time></trkpt><trkpt lat="59.159865" lon="11.486742"><ele>0.000000</ele><time>2026-09-13T12:05:08.008Z</time></trkpt><trkpt lat="59.159850" lon="11.486744"><ele>0.000000</ele><time>2026-09-13T12:05:09.009Z</time></trkpt><trkpt lat="59.159834" lon="11.486747"><ele>0.000000</ele><time>2026-09-13T12:05:10.010Z</time></trkpt><trkpt lat="59.159805" lon="11.486748"><ele>0.000000</ele><time>2026-09-13T12:05:12.012Z</time></trkpt><trkpt lat="59.159790" lon="11.486748"><ele>0.000000</ele><time>2026-09-13T12:05:13.013Z</time></trkpt><trkpt lat="59.159775" lon="11.486750"><ele>0.000000</ele><time>2026-09-13T12:05:14.014Z</time></trkpt><trkpt lat="59.159761" lon="11.486751"><ele>0.000000</ele><time>2026-09-13T12:05:15.015Z</time></trkpt><trkpt lat="59.159745" lon="11.486752"><ele>0.000000</ele><time>2026-09-13T12:05:16.016Z</time></trkpt><trkpt lat="59.159728" lon="11.486755"><ele>0.000000</ele><time>2026-09-13T12:05:17.017Z</time></trkpt><trkpt lat="59.159712" lon="11.486758"><ele>0.000000</ele><time>2026-09-13T12:05:18.018Z</time></trkpt><trkpt lat="59.159695" lon="11.486760"><ele>0.000000</ele><time>2026-09-13T12:05:19.019Z</time></trkpt><trkpt lat="59.159678" lon="11.486763"><ele>0.000000</ele><time>2026-09-13T12:05:20.020Z</time></trkpt><trkpt lat="59.159662" lon="11.486767"><ele>0.000000</ele><time>2026-09-13T12:05:21.021Z</time></trkpt><trkpt lat="59.159645" lon="11.486772"><ele>0.000000</ele><time>2026-09-13T12:05:22.022Z</time></trkpt><trkpt lat="59.159629" lon="11.486777"><ele>0.000000</ele><time>2026-09-13T12:05:23.023Z</time></trkpt><trkpt lat="59.159611" lon="11.486782"><ele>0.000000</ele><time>2026-09-13T12:05:24.024Z</time></trkpt><trkpt lat="59.159594" lon="11.486786"><ele>0.000000</ele><time>2026-09-13T12:05:25.025Z</time></trkpt><trkpt lat="59.159577" lon="11.486792"><ele>0.000000</ele><time>2026-09-13T12:05:26.026Z</time></trkpt><trkpt lat="59.159560" lon="11.486797"><ele>0.000000</ele><time>2026-09-13T12:05:27.027Z</time></trkpt><trkpt lat="59.159544" lon="11.486802"><ele>0.000000</ele><time>2026-09-13T12:05:28.028Z</time></trkpt><trkpt lat="59.159528" lon="11.486806"><ele>0.000000</ele><time>2026-09-13T12:05:29.029Z</time></trkpt><trkpt lat="59.159512" lon="11.486810"><ele>0.000000</ele><time>2026-09-13T12:05:30.030Z</time></trkpt><trkpt lat="59.159495" lon="11.486816"><ele>0.000000</ele><time>2026-09-13T12:05:31.031Z</time></trkpt><trkpt lat="59.159478" lon="11.486820"><ele>0.000000</ele><time>2026-09-13T12:05:32.032Z</time></trkpt><trkpt lat="59.159463" lon="11.486823"><ele>0.000000</ele><time>2026-09-13T12:05:33.033Z</time></trkpt><trkpt lat="59.159446" lon="11.486826"><ele>0.000000</ele><time>2026-09-13T12:05:34.034Z</time></trkpt><trkpt lat="59.159430" lon="11.486830"><ele>0.000000</ele><time>2026-09-13T12:05:35.035Z</time></trkpt><trkpt lat="59.159412" lon="11.486833"><ele>0.000000</ele><time>2026-09-13T12:05:36.036Z</time></trkpt><trkpt lat="59.159395" lon="11.486836"><ele>0.000000</ele><time>2026-09-13T12:05:37.037Z</time></trkpt><trkpt lat="59.159379" lon="11.486840"><ele>0.000000</ele><time>2026-09-13T12:05:38.038Z</time></trkpt><trkpt lat="59.159365" lon="11.486845"><ele>0.000000</ele><time>2026-09-13T12:05:39.039Z</time></trkpt><trkpt lat="59.159349" lon="11.486849"><ele>0.000000</ele><time>2026-09-13T12:05:40.040Z</time></trkpt><trkpt lat="59.159317" lon="11.486857"><ele>0.000000</ele><time>2026-09-13T12:05:42.042Z</time></trkpt><trkpt lat="59.159301" lon="11.486861"><ele>0.000000</ele><time>2026-09-13T12:05:43.043Z</time></trkpt><trkpt lat="59.159285" lon="11.486865"><ele>0.000000</ele><time>2026-09-13T12:05:44.044Z</time></trkpt><trkpt lat="59.159269" lon="11.486869"><ele>0.000000</ele><time>2026-09-13T12:05:45.045Z</time></trkpt><trkpt lat="59.159253" lon="11.486873"><ele>0.000000</ele><time>2026-09-13T12:05:46.046Z</time></trkpt><trkpt lat="59.159235" lon="11.486876"><ele>0.000000</ele><time>2026-09-13T12:05:47.047Z</time></trkpt><trkpt lat="59.159203" lon="11.486882"><ele>0.000000</ele><time>2026-09-13T12:05:49.049Z</time></trkpt><trkpt lat="59.159187" lon="11.486885"><ele>0.000000</ele><time>2026-09-13T12:05:50.050Z</time></trkpt><trkpt lat="59.159170" lon="11.486889"><ele>0.000000</ele><time>2026-09-13T12:05:51.051Z</time></trkpt><trkpt lat="59.159155" lon="11.486893"><ele>0.000000</ele><time>2026-09-13T12:05:52.052Z</time></trkpt><trkpt lat="59.159137" lon="11.486895"><ele>0.000000</ele><time>2026-09-13T12:05:53.053Z</time></trkpt><trkpt lat="59.159122" lon="11.486898"><ele>0.000000</ele><time>2026-09-13T12:05:54.054Z</time></trkpt><trkpt lat="59.159105" lon="11.486901"><ele>0.000000</ele><time>2026-09-13T12:05:55.055Z</time></trkpt><trkpt lat="59.159089" lon="11.486903"><ele>0.000000</ele><time>2026-09-13T12:05:56.056Z</time></trkpt><trkpt lat="59.159072" lon="11.486906"><ele>0.000000</ele><time>2026-09-13T12:05:57.057Z</time></trkpt><trkpt lat="59.159040" lon="11.486912"><ele>0.000000</ele><time>2026-09-13T12:05:59.059Z</time></trkpt><trkpt lat="59.159023" lon="11.486915"><ele>0.000000</ele><time>2026-09-13T12:06:00.000Z</time></trkpt><trkpt lat="59.159005" lon="11.486917"><ele>0.000000</ele><time>2026-09-13T12:06:01.001Z</time></trkpt><trkpt lat="59.158989" lon="11.486918"><ele>0.000000</ele><time>2026-09-13T12:06:02.002Z</time></trkpt><trkpt lat="59.158973" lon="11.486919"><ele>0.000000</ele><time>2026-09-13T12:06:03.003Z</time></trkpt><trkpt lat="59.158956" lon="11.486923"><ele>0.000000</ele><time>2026-09-13T12:06:04.004Z</time></trkpt><trkpt lat="59.158940" lon="11.486925"><ele>0.000000</ele><time>2026-09-13T12:06:05.005Z</time></trkpt><trkpt lat="59.158924" lon="11.486927"><ele>0.000000</ele><time>2026-09-13T12:06:06.006Z</time></trkpt><trkpt lat="59.158909" lon="11.486930"><ele>0.000000</ele><time>2026-09-13T12:06:07.007Z</time></trkpt><trkpt lat="59.158893" lon="11.486932"><ele>0.000000</ele><time>2026-09-13T12:06:08.008Z</time></trkpt><trkpt lat="59.158878" lon="11.486936"><ele>0.000000</ele><time>2026-09-13T12:06:09.009Z</time></trkpt><trkpt lat="59.158864" lon="11.486942"><ele>0.000000</ele><time>2026-09-13T12:06:10.010Z</time></trkpt><trkpt lat="59.158850" lon="11.486947"><ele>0.000000</ele><time>2026-09-13T12:06:11.011Z</time></trkpt><trkpt lat="59.158835" lon="11.486953"><ele>0.000000</ele><time>2026-09-13T12:06:12.012Z</time></trkpt><trkpt lat="59.158820" lon="11.486958"><ele>0.000000</ele><time>2026-09-13T12:06:13.013Z</time></trkpt><trkpt lat="59.158805" lon="11.486964"><ele>0.000000</ele><time>2026-09-13T12:06:14.014Z</time></trkpt><trkpt lat="59.158789" lon="11.486970"><ele>0.000000</ele><time>2026-09-13T12:06:15.015Z</time></trkpt><trkpt lat="59.158775" lon="11.486977"><ele>0.000000</ele><time>2026-09-13T12:06:16.016Z</time></trkpt><trkpt lat="59.158760" lon="11.486985"><ele>0.000000</ele><time>2026-09-13T12:06:17.017Z</time></trkpt><trkpt lat="59.158745" lon="11.486993"><ele>0.000000</ele><time>2026-09-13T12:06:18.018Z</time></trkpt><trkpt lat="59.158730" lon="11.487000"><ele>0.000000</ele><time>2026-09-13T12:06:19.019Z</time></trkpt><trkpt lat="59.158715" lon="11.487005"><ele>0.000000</ele><time>2026-09-13T12:06:20.020Z</time></trkpt><trkpt lat="59.158699" lon="11.487009"><ele>0.000000</ele><time>2026-09-13T12:06:21.021Z</time></trkpt><trkpt lat="59.158684" lon="11.487014"><ele>0.000000</ele><time>2026-09-13T12:06:22.022Z</time></trkpt><trkpt lat="59.158669" lon="11.487018"><ele>0.000000</ele><time>2026-09-13T12:06:23.023Z</time></trkpt><trkpt lat="59.158639" lon="11.487028"><ele>0.000000</ele><time>2026-09-13T12:06:25.025Z</time></trkpt><trkpt lat="59.158624" lon="11.487030"><ele>0.000000</ele><time>2026-09-13T12:06:26.026Z</time></trkpt><trkpt lat="59.158608" lon="11.487033"><ele>0.000000</ele><time>2026-09-13T12:06:27.027Z</time></trkpt><trkpt lat="59.158591" lon="11.487035"><ele>0.000000</ele><time>2026-09-13T12:06:28.028Z</time></trkpt><trkpt lat="59.158575" lon="11.487039"><ele>0.000000</ele><time>2026-09-13T12:06:29.029Z</time></trkpt><trkpt lat="59.158559" lon="11.487042"><ele>0.000000</ele><time>2026-09-13T12:06:30.030Z</time></trkpt><trkpt lat="59.158542" lon="11.487045"><ele>0.000000</ele><time>2026-09-13T12:06:31.031Z</time></trkpt><trkpt lat="59.158526" lon="11.487048"><ele>0.000000</ele><time>2026-09-13T12:06:32.032Z</time></trkpt><trkpt lat="59.158510" lon="11.487053"><ele>0.000000</ele><time>2026-09-13T12:06:33.033Z</time></trkpt><trkpt lat="59.158494" lon="11.487057"><ele>0.000000</ele><time>2026-09-13T12:06:34.034Z</time></trkpt><trkpt lat="59.158480" lon="11.487062"><ele>0.000000</ele><time>2026-09-13T12:06:35.035Z</time></trkpt><trkpt lat="59.158464" lon="11.487067"><ele>0.000000</ele><time>2026-09-13T12:06:36.036Z</time></trkpt><trkpt lat="59.158449" lon="11.487072"><ele>0.000000</ele><time>2026-09-13T12:06:37.037Z</time></trkpt><trkpt lat="59.158434" lon="11.487076"><ele>0.000000</ele><time>2026-09-13T12:06:38.038Z</time></trkpt><trkpt lat="59.158420" lon="11.487082"><ele>0.000000</ele><time>2026-09-13T12:06:39.039Z</time></trkpt><trkpt lat="59.158404" lon="11.487086"><ele>0.000000</ele><time>2026-09-13T12:06:40.040Z</time></trkpt><trkpt lat="59.158389" lon="11.487091"><ele>0.000000</ele><time>2026-09-13T12:06:41.041Z</time></trkpt><trkpt lat="59.158374" lon="11.487096"><ele>0.000000</ele><time>2026-09-13T12:06:42.042Z</time></trkpt><trkpt lat="59.158359" lon="11.487102"><ele>0.000000</ele><time>2026-09-13T12:06:43.043Z</time></trkpt><trkpt lat="59.158343" lon="11.487108"><ele>0.000000</ele><time>2026-09-13T12:06:44.044Z</time></trkpt><trkpt lat="59.158327" lon="11.487113"><ele>0.000000</ele><time>2026-09-13T12:06:45.045Z</time></trkpt><trkpt lat="59.158311" lon="11.487118"><ele>0.000000</ele><time>2026-09-13T12:06:46.046Z</time></trkpt><trkpt lat="59.158295" lon="11.487122"><ele>0.000000</ele><time>2026-09-13T12:06:47.047Z</time></trkpt><trkpt lat="59.158279" lon="11.487127"><ele>0.000000</ele><time>2026-09-13T12:06:48.048Z</time></trkpt><trkpt lat="59.158264" lon="11.487132"><ele>0.000000</ele><time>2026-09-13T12:06:49.049Z</time></trkpt><trkpt lat="59.158249" lon="11.487137"><ele>0.000000</ele><time>2026-09-13T12:06:50.050Z</time></trkpt><trkpt lat="59.158233" lon="11.487144"><ele>0.000000</ele><time>2026-09-13T12:06:51.051Z</time></trkpt><trkpt lat="59.158217" lon="11.487151"><ele>0.000000</ele><time>2026-09-13T12:06:52.052Z</time></trkpt><trkpt lat="59.158202" lon="11.487158"><ele>0.000000</ele><time>2026-09-13T12:06:53.053Z</time></trkpt><trkpt lat="59.158187" lon="11.487165"><ele>0.000000</ele><time>2026-09-13T12:06:54.054Z</time></trkpt><trkpt lat="59.158171" lon="11.487171"><ele>0.000000</ele><time>2026-09-13T12:06:55.055Z</time></trkpt><trkpt lat="59.158157" lon="11.487177"><ele>0.000000</ele><time>2026-09-13T12:06:56.056Z</time></trkpt><trkpt lat="59.158142" lon="11.487182"><ele>0.000000</ele><time>2026-09-13T12:06:57.057Z</time></trkpt><trkpt lat="59.158127" lon="11.487188"><ele>0.000000</ele><time>2026-09-13T12:06:58.058Z</time></trkpt><trkpt lat="59.158112" lon="11.487192"><ele>0.000000</ele><time>2026-09-13T12:06:59.059Z</time></trkpt><trkpt lat="59.158097" lon="11.487197"><ele>0.000000</ele><time>2026-09-13T12:07:00.000Z</time></trkpt><trkpt lat="59.158081" lon="11.487202"><ele>0.000000</ele><time>2026-09-13T12:07:01.001Z</time></trkpt><trkpt lat="59.158050" lon="11.487212"><ele>0.000000</ele><time>2026-09-13T12:07:03.003Z</time></trkpt><trkpt lat="59.158034" lon="11.487217"><ele>0.000000</ele><time>2026-09-13T12:07:04.004Z</time></trkpt><trkpt lat="59.158018" lon="11.487220"><ele>0.000000</ele><time>2026-09-13T12:07:05.005Z</time></trkpt><trkpt lat="59.158002" lon="11.487224"><ele>0.000000</ele><time>2026-09-13T12:07:06.006Z</time></trkpt><trkpt lat="59.157986" lon="11.487229"><ele>0.000000</ele><time>2026-09-13T12:07:07.007Z</time></trkpt><trkpt lat="59.157971" lon="11.487233"><ele>0.000000</ele><time>2026-09-13T12:07:08.008Z</time></trkpt><trkpt lat="59.157955" lon="11.487237"><ele>0.000000</ele><time>2026-09-13T12:07:09.009Z</time></trkpt><trkpt lat="59.157939" lon="11.487241"><ele>0.000000</ele><time>2026-09-13T12:07:10.010Z</time></trkpt><trkpt lat="59.157923" lon="11.487246"><ele>0.000000</ele><time>2026-09-13T12:07:11.011Z</time></trkpt><trkpt lat="59.157907" lon="11.487252"><ele>0.000000</ele><time>2026-09-13T12:07:12.012Z</time></trkpt><trkpt lat="59.157891" lon="11.487257"><ele>0.000000</ele><time>2026-09-13T12:07:13.013Z</time></trkpt><trkpt lat="59.157875" lon="11.487262"><ele>0.000000</ele><time>2026-09-13T12:07:14.014Z</time></trkpt><trkpt lat="59.157859" lon="11.487268"><ele>0.000000</ele><time>2026-09-13T12:07:15.015Z</time></trkpt><trkpt lat="59.157829" lon="11.487279"><ele>0.000000</ele><time>2026-09-13T12:07:17.017Z</time></trkpt><trkpt lat="59.157813" lon="11.487285"><ele>0.000000</ele><time>2026-09-13T12:07:18.018Z</time></trkpt><trkpt lat="59.157797" lon="11.487290"><ele>0.000000</ele><time>2026-09-13T12:07:19.019Z</time></trkpt><trkpt lat="59.157781" lon="11.487297"><ele>0.000000</ele><time>2026-09-13T12:07:20.020Z</time></trkpt><trkpt lat="59.157766" lon="11.487302"><ele>0.000000</ele><time>2026-09-13T12:07:21.021Z</time></trkpt><trkpt lat="59.157751" lon="11.487308"><ele>0.000000</ele><time>2026-09-13T12:07:22.022Z</time></trkpt><trkpt lat="59.157736" lon="11.487313"><ele>0.000000</ele><time>2026-09-13T12:07:23.023Z</time></trkpt><trkpt lat="59.157720" lon="11.487318"><ele>0.000000</ele><time>2026-09-13T12:07:24.024Z</time></trkpt><trkpt lat="59.157705" lon="11.487322"><ele>0.000000</ele><time>2026-09-13T12:07:25.025Z</time></trkpt><trkpt lat="59.157688" lon="11.487325"><ele>0.000000</ele><time>2026-09-13T12:07:26.026Z</time></trkpt><trkpt lat="59.157672" lon="11.487332"><ele>0.000000</ele><time>2026-09-13T12:07:27.027Z</time></trkpt><trkpt lat="59.157656" lon="11.487339"><ele>0.000000</ele><time>2026-09-13T12:07:28.028Z</time></trkpt><trkpt lat="59.157639" lon="11.487346"><ele>0.000000</ele><time>2026-09-13T12:07:29.029Z</time></trkpt><trkpt lat="59.157624" lon="11.487351"><ele>0.000000</ele><time>2026-09-13T12:07:30.030Z</time></trkpt><trkpt lat="59.157609" lon="11.487357"><ele>0.000000</ele><time>2026-09-13T12:07:31.031Z</time></trkpt><trkpt lat="59.157592" lon="11.487363"><ele>0.000000</ele><time>2026-09-13T12:07:32.032Z</time></trkpt><trkpt lat="59.157576" lon="11.487370"><ele>0.000000</ele><time>2026-09-13T12:07:33.033Z</time></trkpt><trkpt lat="59.157559" lon="11.487376"><ele>0.000000</ele><time>2026-09-13T12:07:34.034Z</time></trkpt><trkpt lat="59.157543" lon="11.487381"><ele>0.000000</ele><time>2026-09-13T12:07:35.035Z</time></trkpt><trkpt lat="59.157527" lon="11.487385"><ele>0.000000</ele><time>2026-09-13T12:07:36.036Z</time></trkpt><trkpt lat="59.157511" lon="11.487389"><ele>0.000000</ele><time>2026-09-13T12:07:37.037Z</time></trkpt><trkpt lat="59.157494" lon="11.487393"><ele>0.000000</ele><time>2026-09-13T12:07:38.038Z</time></trkpt><trkpt lat="59.157478" lon="11.487398"><ele>0.000000</ele><time>2026-09-13T12:07:39.039Z</time></trkpt><trkpt lat="59.157461" lon="11.487401"><ele>0.000000</ele><time>2026-09-13T12:07:40.040Z</time></trkpt><trkpt lat="59.157444" lon="11.487403"><ele>0.000000</ele><time>2026-09-13T12:07:41.041Z</time></trkpt><trkpt lat="59.157427" lon="11.487404"><ele>0.000000</ele><time>2026-09-13T12:07:42.042Z</time></trkpt><trkpt lat="59.157410" lon="11.487408"><ele>0.000000</ele><time>2026-09-13T12:07:43.043Z</time></trkpt><trkpt lat="59.157394" lon="11.487409"><ele>0.000000</ele><time>2026-09-13T12:07:44.044Z</time></trkpt><trkpt lat="59.157377" lon="11.487411"><ele>0.000000</ele><time>2026-09-13T12:07:45.045Z</time></trkpt><trkpt lat="59.157361" lon="11.487412"><ele>0.000000</ele><time>2026-09-13T12:07:46.046Z</time></trkpt><trkpt lat="59.157344" lon="11.487413"><ele>0.000000</ele><time>2026-09-13T12:07:47.047Z</time></trkpt><trkpt lat="59.157315" lon="11.487417"><ele>0.000000</ele><time>2026-09-13T12:07:49.049Z</time></trkpt><trkpt lat="59.157300" lon="11.487417"><ele>0.000000</ele><time>2026-09-13T12:07:50.050Z</time></trkpt><trkpt lat="59.157285" lon="11.487418"><ele>0.000000</ele><time>2026-09-13T12:07:51.051Z</time></trkpt><trkpt lat="59.157270" lon="11.487420"><ele>0.000000</ele><time>2026-09-13T12:07:52.052Z</time></trkpt><trkpt lat="59.157256" lon="11.487420"><ele>0.000000</ele><time>2026-09-13T12:07:53.053Z</time></trkpt><trkpt lat="59.157241" lon="11.487421"><ele>0.000000</ele><time>2026-09-13T12:07:54.054Z</time></trkpt><trkpt lat="59.157212" lon="11.487426"><ele>0.000000</ele><time>2026-09-13T12:07:56.056Z</time></trkpt><trkpt lat="59.157196" lon="11.487430"><ele>0.000000</ele><time>2026-09-13T12:07:57.057Z</time></trkpt><trkpt lat="59.157168" lon="11.487433"><ele>0.000000</ele><time>2026-09-13T12:07:59.059Z</time></trkpt><trkpt lat="59.157155" lon="11.487435"><ele>0.000000</ele><time>2026-09-13T12:08:00.000Z</time></trkpt><trkpt lat="59.157141" lon="11.487434"><ele>0.000000</ele><time>2026-09-13T12:08:01.001Z</time></trkpt><trkpt lat="59.157128" lon="11.487434"><ele>0.000000</ele><time>2026-09-13T12:08:02.002Z</time></trkpt><trkpt lat="59.157113" lon="11.487430"><ele>0.000000</ele><time>2026-09-13T12:08:03.003Z</time></trkpt><trkpt lat="59.157085" lon="11.487425"><ele>0.000000</ele><time>2026-09-13T12:08:05.005Z</time></trkpt><trkpt lat="59.157071" lon="11.487418"><ele>0.000000</ele><time>2026-09-13T12:08:06.006Z</time></trkpt><trkpt lat="59.157056" lon="11.487409"><ele>0.000000</ele><time>2026-09-13T12:08:07.007Z</time></trkpt><trkpt lat="59.157042" lon="11.487400"><ele>0.000000</ele><time>2026-09-13T12:08:08.008Z</time></trkpt><trkpt lat="59.157028" lon="11.487389"><ele>0.000000</ele><time>2026-09-13T12:08:09.009Z</time></trkpt><trkpt lat="59.157014" lon="11.487377"><ele>0.000000</ele><time>2026-09-13T12:08:10.010Z</time></trkpt><trkpt lat="59.157000" lon="11.487365"><ele>0.000000</ele><time>2026-09-13T12:08:11.011Z</time></trkpt><trkpt lat="59.156986" lon="11.487352"><ele>0.000000</ele><time>2026-09-13T12:08:12.012Z</time></trkpt><trkpt lat="59.156971" lon="11.487338"><ele>0.000000</ele><time>2026-09-13T12:08:13.013Z</time></trkpt><trkpt lat="59.156957" lon="11.487324"><ele>0.000000</ele><time>2026-09-13T12:08:14.014Z</time></trkpt><trkpt lat="59.156943" lon="11.487309"><ele>0.000000</ele><time>2026-09-13T12:08:15.015Z</time></trkpt><trkpt lat="59.156929" lon="11.487294"><ele>0.000000</ele><time>2026-09-13T12:08:16.016Z</time></trkpt><trkpt lat="59.156915" lon="11.487278"><ele>0.000000</ele><time>2026-09-13T12:08:17.017Z</time></trkpt><trkpt lat="59.156901" lon="11.487263"><ele>0.000000</ele><time>2026-09-13T12:08:18.018Z</time></trkpt><trkpt lat="59.156887" lon="11.487250"><ele>0.000000</ele><time>2026-09-13T12:08:19.019Z</time></trkpt><trkpt lat="59.156873" lon="11.487235"><ele>0.000000</ele><time>2026-09-13T12:08:20.020Z</time></trkpt><trkpt lat="59.156860" lon="11.487219"><ele>0.000000</ele><time>2026-09-13T12:08:21.021Z</time></trkpt><trkpt lat="59.156847" lon="11.487204"><ele>0.000000</ele><time>2026-09-13T12:08:22.022Z</time></trkpt><trkpt lat="59.156834" lon="11.487190"><ele>0.000000</ele><time>2026-09-13T12:08:23.023Z</time></trkpt><trkpt lat="59.156821" lon="11.487173"><ele>0.000000</ele><time>2026-09-13T12:08:24.024Z</time></trkpt><trkpt lat="59.156809" lon="11.487155"><ele>0.000000</ele><time>2026-09-13T12:08:25.025Z</time></trkpt><trkpt lat="59.156797" lon="11.487137"><ele>0.000000</ele><time>2026-09-13T12:08:26.026Z</time></trkpt><trkpt lat="59.156786" lon="11.487119"><ele>0.000000</ele><time>2026-09-13T12:08:27.027Z</time></trkpt><trkpt lat="59.156776" lon="11.487100"><ele>0.000000</ele><time>2026-09-13T12:08:28.028Z</time></trkpt><trkpt lat="59.156766" lon="11.487083"><ele>0.000000</ele><time>2026-09-13T12:08:29.029Z</time></trkpt><trkpt lat="59.156757" lon="11.487065"><ele>0.000000</ele><time>2026-09-13T12:08:30.030Z</time></trkpt><trkpt lat="59.156748" lon="11.487048"><ele>0.000000</ele><time>2026-09-13T12:08:31.031Z</time></trkpt><trkpt lat="59.156740" lon="11.487031"><ele>0.000000</ele><time>2026-09-13T12:08:32.032Z</time></trkpt><trkpt lat="59.156732" lon="11.487015"><ele>0.000000</ele><time>2026-09-13T12:08:33.033Z</time></trkpt><trkpt lat="59.156725" lon="11.486999"><ele>0.000000</ele><time>2026-09-13T12:08:34.034Z</time></trkpt><trkpt lat="59.156718" lon="11.486983"><ele>0.000000</ele><time>2026-09-13T12:08:35.035Z</time></trkpt><trkpt lat="59.156711" lon="11.486968"><ele>0.000000</ele><time>2026-09-13T12:08:36.036Z</time></trkpt><trkpt lat="59.156705" lon="11.486953"><ele>0.000000</ele><time>2026-09-13T12:08:37.037Z</time></trkpt><trkpt lat="59.156699" lon="11.486938"><ele>0.000000</ele><time>2026-09-13T12:08:38.038Z</time></trkpt><trkpt lat="59.156687" lon="11.486910"><ele>0.000000</ele><time>2026-09-13T12:08:40.040Z</time></trkpt><trkpt lat="59.156682" lon="11.486896"><ele>0.000000</ele><time>2026-09-13T12:08:41.041Z</time></trkpt><trkpt lat="59.156672" lon="11.486870"><ele>0.000000</ele><time>2026-09-13T12:08:43.043Z</time></trkpt><trkpt lat="59.156663" lon="11.486845"><ele>0.000000</ele><time>2026-09-13T12:08:45.045Z</time></trkpt><trkpt lat="59.156654" lon="11.486822"><ele>0.000000</ele><time>2026-09-13T12:08:47.047Z</time></trkpt><trkpt lat="59.156650" lon="11.486808"><ele>0.000000</ele><time>2026-09-13T12:08:48.048Z</time></trkpt><trkpt lat="59.156641" lon="11.486785"><ele>0.000000</ele><time>2026-09-13T12:08:50.050Z</time></trkpt><trkpt lat="59.156635" lon="11.486770"><ele>0.000000</ele><time>2026-09-13T12:08:51.051Z</time></trkpt><trkpt lat="59.156623" lon="11.486740"><ele>0.000000</ele><time>2026-09-13T12:08:53.053Z</time></trkpt><trkpt lat="59.156617" lon="11.486722"><ele>0.000000</ele><time>2026-09-13T12:08:54.054Z</time></trkpt><trkpt lat="59.156603" lon="11.486687"><ele>0.000000</ele><time>2026-09-13T12:08:56.056Z</time></trkpt><trkpt lat="59.156589" lon="11.486652"><ele>0.000000</ele><time>2026-09-13T12:08:58.058Z</time></trkpt><trkpt lat="59.156581" lon="11.486630"><ele>0.000000</ele><time>2026-09-13T12:08:59.059Z</time></trkpt><trkpt lat="59.156564" lon="11.486591"><ele>0.000000</ele><time>2026-09-13T12:09:01.001Z</time></trkpt><trkpt lat="59.156555" lon="11.486570"><ele>0.000000</ele><time>2026-09-13T12:09:02.002Z</time></trkpt><trkpt lat="59.156545" lon="11.486549"><ele>0.000000</ele><time>2026-09-13T12:09:03.003Z</time></trkpt><trkpt lat="59.156536" lon="11.486528"><ele>0.000000</ele><time>2026-09-13T12:09:04.004Z</time></trkpt><trkpt lat="59.156528" lon="11.486509"><ele>0.000000</ele><time>2026-09-13T12:09:05.005Z</time></trkpt><trkpt lat="59.156518" lon="11.486487"><ele>0.000000</ele><time>2026-09-13T12:09:06.006Z</time></trkpt><trkpt lat="59.156509" lon="11.486465"><ele>0.000000</ele><time>2026-09-13T12:09:07.007Z</time></trkpt><trkpt lat="59.156500" lon="11.486444"><ele>0.000000</ele><time>2026-09-13T12:09:08.008Z</time></trkpt><trkpt lat="59.156491" lon="11.486423"><ele>0.000000</ele><time>2026-09-13T12:09:09.009Z</time></trkpt><trkpt lat="59.156483" lon="11.486403"><ele>0.000000</ele><time>2026-09-13T12:09:10.010Z</time></trkpt><trkpt lat="59.156474" lon="11.486380"><ele>0.000000</ele><time>2026-09-13T12:09:11.011Z</time></trkpt><trkpt lat="59.156466" lon="11.486356"><ele>0.000000</ele><time>2026-09-13T12:09:12.012Z</time></trkpt><trkpt lat="59.156456" lon="11.486331"><ele>0.000000</ele><time>2026-09-13T12:09:13.013Z</time></trkpt><trkpt lat="59.156448" lon="11.486307"><ele>0.000000</ele><time>2026-09-13T12:09:14.014Z</time></trkpt><trkpt lat="59.156439" lon="11.486282"><ele>0.000000</ele><time>2026-09-13T12:09:15.015Z</time></trkpt><trkpt lat="59.156430" lon="11.486259"><ele>0.000000</ele><time>2026-09-13T12:09:16.016Z</time></trkpt><trkpt lat="59.156420" lon="11.486236"><ele>0.000000</ele><time>2026-09-13T12:09:17.017Z</time></trkpt><trkpt lat="59.156411" lon="11.486212"><ele>0.000000</ele><time>2026-09-13T12:09:18.018Z</time></trkpt><trkpt lat="59.156402" lon="11.486188"><ele>0.000000</ele><time>2026-09-13T12:09:19.019Z</time></trkpt><trkpt lat="59.156394" lon="11.486162"><ele>0.000000</ele><time>2026-09-13T12:09:20.020Z</time></trkpt><trkpt lat="59.156385" lon="11.486139"><ele>0.000000</ele><time>2026-09-13T12:09:21.021Z</time></trkpt><trkpt lat="59.156376" lon="11.486112"><ele>0.000000</ele><time>2026-09-13T12:09:22.022Z</time></trkpt><trkpt lat="59.156357" lon="11.486064"><ele>0.000000</ele><time>2026-09-13T12:09:24.024Z</time></trkpt><trkpt lat="59.156338" lon="11.486016"><ele>0.000000</ele><time>2026-09-13T12:09:26.026Z</time></trkpt><trkpt lat="59.156328" lon="11.485992"><ele>0.000000</ele><time>2026-09-13T12:09:27.027Z</time></trkpt><trkpt lat="59.156318" lon="11.485967"><ele>0.000000</ele><time>2026-09-13T12:09:28.028Z</time></trkpt><trkpt lat="59.156310" lon="11.485944"><ele>0.000000</ele><time>2026-09-13T12:09:29.029Z</time></trkpt><trkpt lat="59.156300" lon="11.485918"><ele>0.000000</ele><time>2026-09-13T12:09:30.030Z</time></trkpt><trkpt lat="59.156290" lon="11.485893"><ele>0.000000</ele><time>2026-09-13T12:09:31.031Z</time></trkpt><trkpt lat="59.156280" lon="11.485868"><ele>0.000000</ele><time>2026-09-13T12:09:32.032Z</time></trkpt><trkpt lat="59.156270" lon="11.485841"><ele>0.000000</ele><time>2026-09-13T12:09:33.033Z</time></trkpt><trkpt lat="59.156251" lon="11.485792"><ele>0.000000</ele><time>2026-09-13T12:09:35.035Z</time></trkpt><trkpt lat="59.156242" lon="11.485767"><ele>0.000000</ele><time>2026-09-13T12:09:36.036Z</time></trkpt><trkpt lat="59.156233" lon="11.485739"><ele>0.000000</ele><time>2026-09-13T12:09:37.037Z</time></trkpt><trkpt lat="59.156222" lon="11.485714"><ele>0.000000</ele><time>2026-09-13T12:09:38.038Z</time></trkpt><trkpt lat="59.156213" lon="11.485689"><ele>0.000000</ele><time>2026-09-13T12:09:39.039Z</time></trkpt><trkpt lat="59.156205" lon="11.485665"><ele>0.000000</ele><time>2026-09-13T12:09:40.040Z</time></trkpt><trkpt lat="59.156196" lon="11.485636"><ele>0.000000</ele><time>2026-09-13T12:09:41.041Z</time></trkpt><trkpt lat="59.156178" lon="11.485584"><ele>0.000000</ele><time>2026-09-13T12:09:43.043Z</time></trkpt><trkpt lat="59.156170" lon="11.485556"><ele>0.000000</ele><time>2026-09-13T12:09:44.044Z</time></trkpt><trkpt lat="59.156162" lon="11.485528"><ele>0.000000</ele><time>2026-09-13T12:09:45.045Z</time></trkpt><trkpt lat="59.156156" lon="11.485499"><ele>0.000000</ele><time>2026-09-13T12:09:46.046Z</time></trkpt><trkpt lat="59.156148" lon="11.485472"><ele>0.000000</ele><time>2026-09-13T12:09:47.047Z</time></trkpt><trkpt lat="59.156141" lon="11.485446"><ele>0.000000</ele><time>2026-09-13T12:09:48.048Z</time></trkpt><trkpt lat="59.156134" lon="11.485418"><ele>0.000000</ele><time>2026-09-13T12:09:49.049Z</time></trkpt><trkpt lat="59.156126" lon="11.485391"><ele>0.000000</ele><time>2026-09-13T12:09:50.050Z</time></trkpt><trkpt lat="59.156118" lon="11.485366"><ele>0.000000</ele><time>2026-09-13T12:09:51.051Z</time></trkpt><trkpt lat="59.156111" lon="11.485338"><ele>0.000000</ele><time>2026-09-13T12:09:52.052Z</time></trkpt><trkpt lat="59.156103" lon="11.485313"><ele>0.000000</ele><time>2026-09-13T12:09:53.053Z</time></trkpt><trkpt lat="59.156095" lon="11.485285"><ele>0.000000</ele><time>2026-09-13T12:09:54.054Z</time></trkpt><trkpt lat="59.156080" lon="11.485231"><ele>0.000000</ele><time>2026-09-13T12:09:56.056Z</time></trkpt><trkpt lat="59.156072" lon="11.485206"><ele>0.000000</ele><time>2026-09-13T12:09:57.057Z</time></trkpt><trkpt lat="59.156063" lon="11.485178"><ele>0.000000</ele><time>2026-09-13T12:09:58.058Z</time></trkpt><trkpt lat="59.156048" lon="11.485124"><ele>0.000000</ele><time>2026-09-13T12:10:00.000Z</time></trkpt><trkpt lat="59.156034" lon="11.485071"><ele>0.000000</ele><time>2026-09-13T12:10:02.002Z</time></trkpt><trkpt lat="59.156027" lon="11.485044"><ele>0.000000</ele><time>2026-09-13T12:10:03.003Z</time></trkpt><trkpt lat="59.156021" lon="11.485018"><ele>0.000000</ele><time>2026-09-13T12:10:04.004Z</time></trkpt><trkpt lat="59.156014" lon="11.484991"><ele>0.000000</ele><time>2026-09-13T12:10:05.005Z</time></trkpt><trkpt lat="59.156006" lon="11.484965"><ele>0.000000</ele><time>2026-09-13T12:10:06.006Z</time></trkpt><trkpt lat="59.155998" lon="11.484938"><ele>0.000000</ele><time>2026-09-13T12:10:07.007Z</time></trkpt><trkpt lat="59.155991" lon="11.484913"><ele>0.000000</ele><time>2026-09-13T12:10:08.008Z</time></trkpt><trkpt lat="59.155983" lon="11.484885"><ele>0.000000</ele><time>2026-09-13T12:10:09.009Z</time></trkpt><trkpt lat="59.155966" lon="11.484832"><ele>0.000000</ele><time>2026-09-13T12:10:11.011Z</time></trkpt><trkpt lat="59.155958" lon="11.484805"><ele>0.000000</ele><time>2026-09-13T12:10:12.012Z</time></trkpt><trkpt lat="59.155950" lon="11.484777"><ele>0.000000</ele><time>2026-09-13T12:10:13.013Z</time></trkpt><trkpt lat="59.155942" lon="11.484750"><ele>0.000000</ele><time>2026-09-13T12:10:14.014Z</time></trkpt><trkpt lat="59.155933" lon="11.484727"><ele>0.000000</ele><time>2026-09-13T12:10:15.015Z</time></trkpt><trkpt lat="59.155925" lon="11.484703"><ele>0.000000</ele><time>2026-09-13T12:10:16.016Z</time></trkpt><trkpt lat="59.155917" lon="11.484680"><ele>0.000000</ele><time>2026-09-13T12:10:17.017Z</time></trkpt><trkpt lat="59.155908" lon="11.484657"><ele>0.000000</ele><time>2026-09-13T12:10:18.018Z</time></trkpt><trkpt lat="59.155901" lon="11.484635"><ele>0.000000</ele><time>2026-09-13T12:10:19.019Z</time></trkpt><trkpt lat="59.155894" lon="11.484615"><ele>0.000000</ele><time>2026-09-13T12:10:20.020Z</time></trkpt><trkpt lat="59.155888" lon="11.484595"><ele>0.000000</ele><time>2026-09-13T12:10:21.021Z</time></trkpt><trkpt lat="59.155881" lon="11.484576"><ele>0.000000</ele><time>2026-09-13T12:10:22.022Z</time></trkpt><trkpt lat="59.155875" lon="11.484557"><ele>0.000000</ele><time>2026-09-13T12:10:23.023Z</time></trkpt><trkpt lat="59.155869" lon="11.484540"><ele>0.000000</ele><time>2026-09-13T12:10:24.024Z</time></trkpt><trkpt lat="59.155863" lon="11.484523"><ele>0.000000</ele><time>2026-09-13T12:10:25.025Z</time></trkpt><trkpt lat="59.155857" lon="11.484507"><ele>0.000000</ele><time>2026-09-13T12:10:26.026Z</time></trkpt><trkpt lat="59.155846" lon="11.484476"><ele>0.000000</ele><time>2026-09-13T12:10:28.028Z</time></trkpt><trkpt lat="59.155840" lon="11.484460"><ele>0.000000</ele><time>2026-09-13T12:10:29.029Z</time></trkpt><trkpt lat="59.155827" lon="11.484435"><ele>0.000000</ele><time>2026-09-13T12:10:31.031Z</time></trkpt><trkpt lat="59.155818" lon="11.484422"><ele>0.000000</ele><time>2026-09-13T12:10:32.032Z</time></trkpt><trkpt lat="59.155804" lon="11.484402"><ele>0.000000</ele><time>2026-09-13T12:10:34.034Z</time></trkpt><trkpt lat="59.155794" lon="11.484392"><ele>0.000000</ele><time>2026-09-13T12:10:35.035Z</time></trkpt><trkpt lat="59.155783" lon="11.484382"><ele>0.000000</ele><time>2026-09-13T12:10:36.036Z</time></trkpt><trkpt lat="59.155772" lon="11.484372"><ele>0.000000</ele><time>2026-09-13T12:10:37.037Z</time></trkpt><trkpt lat="59.155760" lon="11.484362"><ele>0.000000</ele><time>2026-09-13T12:10:38.038Z</time></trkpt><trkpt lat="59.155749" lon="11.484353"><ele>0.000000</ele><time>2026-09-13T12:10:39.039Z</time></trkpt><trkpt lat="59.155736" lon="11.484342"><ele>0.000000</ele><time>2026-09-13T12:10:40.040Z</time></trkpt><trkpt lat="59.155715" lon="11.484320"><ele>0.000000</ele><time>2026-09-13T12:10:42.042Z</time></trkpt><trkpt lat="59.155703" lon="11.484307"><ele>0.000000</ele><time>2026-09-13T12:10:43.043Z</time></trkpt><trkpt lat="59.155682" lon="11.484282"><ele>0.000000</ele><time>2026-09-13T12:10:45.045Z</time></trkpt><trkpt lat="59.155672" lon="11.484268"><ele>0.000000</ele><time>2026-09-13T12:10:46.046Z</time></trkpt><trkpt lat="59.155653" lon="11.484238"><ele>0.000000</ele><time>2026-09-13T12:10:48.048Z</time></trkpt><trkpt lat="59.155637" lon="11.484204"><ele>0.000000</ele><time>2026-09-13T12:10:50.050Z</time></trkpt><trkpt lat="59.155630" lon="11.484183"><ele>0.000000</ele><time>2026-09-13T12:10:51.051Z</time></trkpt><trkpt lat="59.155617" lon="11.484143"><ele>0.000000</ele><time>2026-09-13T12:10:53.053Z</time></trkpt><trkpt lat="59.155609" lon="11.484103"><ele>0.000000</ele><time>2026-09-13T12:10:55.055Z</time></trkpt><trkpt lat="59.155607" lon="11.484079"><ele>0.000000</ele><time>2026-09-13T12:10:56.056Z</time></trkpt><trkpt lat="59.155604" lon="11.484057"><ele>0.000000</ele><time>2026-09-13T12:10:57.057Z</time></trkpt><trkpt lat="59.155603" lon="11.484036"><ele>0.000000</ele><time>2026-09-13T12:10:58.058Z</time></trkpt><trkpt lat="59.155601" lon="11.484015"><ele>0.000000</ele><time>2026-09-13T12:10:59.059Z</time></trkpt><trkpt lat="59.155600" lon="11.483993"><ele>0.000000</ele><time>2026-09-13T12:11:00.000Z</time></trkpt><trkpt lat="59.155599" lon="11.483973"><ele>0.000000</ele><time>2026-09-13T12:11:01.001Z</time></trkpt><trkpt lat="59.155597" lon="11.483932"><ele>0.000000</ele><time>2026-09-13T12:11:03.003Z</time></trkpt><trkpt lat="59.155597" lon="11.483894"><ele>0.000000</ele><time>2026-09-13T12:11:05.005Z</time></trkpt><trkpt lat="59.155598" lon="11.483872"><ele>0.000000</ele><time>2026-09-13T12:11:06.006Z</time></trkpt><trkpt lat="59.155599" lon="11.483831"><ele>0.000000</ele><time>2026-09-13T12:11:08.008Z</time></trkpt><trkpt lat="59.155600" lon="11.483808"><ele>0.000000</ele><time>2026-09-13T12:11:09.009Z</time></trkpt><trkpt lat="59.155601" lon="11.483768"><ele>0.000000</ele><time>2026-09-13T12:11:11.011Z</time></trkpt><trkpt lat="59.155602" lon="11.483746"><ele>0.000000</ele><time>2026-09-13T12:11:12.012Z</time></trkpt><trkpt lat="59.155603" lon="11.483724"><ele>0.000000</ele><time>2026-09-13T12:11:13.013Z</time></trkpt><trkpt lat="59.155604" lon="11.483703"><ele>0.000000</ele><time>2026-09-13T12:11:14.014Z</time></trkpt><trkpt lat="59.155605" lon="11.483682"><ele>0.000000</ele><time>2026-09-13T12:11:15.015Z</time></trkpt><trkpt lat="59.155607" lon="11.483644"><ele>0.000000</ele><time>2026-09-13T12:11:17.017Z</time></trkpt><trkpt lat="59.155610" lon="11.483604"><ele>0.000000</ele><time>2026-09-13T12:11:19.019Z</time></trkpt><trkpt lat="59.155612" lon="11.483584"><ele>0.000000</ele><time>2026-09-13T12:11:20.020Z</time></trkpt><trkpt lat="59.155614" lon="11.483564"><ele>0.000000</ele><time>2026-09-13T12:11:21.021Z</time></trkpt><trkpt lat="59.155617" lon="11.483544"><ele>0.000000</ele><time>2026-09-13T12:11:22.022Z</time></trkpt><trkpt lat="59.155619" lon="11.483524"><ele>0.000000</ele><time>2026-09-13T12:11:23.023Z</time></trkpt><trkpt lat="59.155621" lon="11.483505"><ele>0.000000</ele><time>2026-09-13T12:11:24.024Z</time></trkpt><trkpt lat="59.155623" lon="11.483483"><ele>0.000000</ele><time>2026-09-13T12:11:25.025Z</time></trkpt><trkpt lat="59.155624" lon="11.483461"><ele>0.000000</ele><time>2026-09-13T12:11:26.026Z</time></trkpt><trkpt lat="59.155626" lon="11.483439"><ele>0.000000</ele><time>2026-09-13T12:11:27.027Z</time></trkpt><trkpt lat="59.155629" lon="11.483417"><ele>0.000000</ele><time>2026-09-13T12:11:28.028Z</time></trkpt><trkpt lat="59.155635" lon="11.483374"><ele>0.000000</ele><time>2026-09-13T12:11:30.030Z</time></trkpt><trkpt lat="59.155639" lon="11.483351"><ele>0.000000</ele><time>2026-09-13T12:11:31.031Z</time></trkpt><trkpt lat="59.155643" lon="11.483329"><ele>0.000000</ele><time>2026-09-13T12:11:32.032Z</time></trkpt><trkpt lat="59.155647" lon="11.483306"><ele>0.000000</ele><time>2026-09-13T12:11:33.033Z</time></trkpt><trkpt lat="59.155652" lon="11.483286"><ele>0.000000</ele><time>2026-09-13T12:11:34.034Z</time></trkpt><trkpt lat="59.155657" lon="11.483265"><ele>0.000000</ele><time>2026-09-13T12:11:35.035Z</time></trkpt><trkpt lat="59.155668" lon="11.483223"><ele>0.000000</ele><time>2026-09-13T12:11:37.037Z</time></trkpt><trkpt lat="59.155681" lon="11.483186"><ele>0.000000</ele><time>2026-09-13T12:11:39.039Z</time></trkpt><trkpt lat="59.155692" lon="11.483170"><ele>0.000000</ele><time>2026-09-13T12:11:40.040Z</time></trkpt><trkpt lat="59.155713" lon="11.483141"><ele>0.000000</ele><time>2026-09-13T12:11:42.042Z</time></trkpt><trkpt lat="59.155735" lon="11.483121"><ele>0.000000</ele><time>2026-09-13T12:11:44.044Z</time></trkpt><trkpt lat="59.155749" lon="11.483119"><ele>0.000000</ele><time>2026-09-13T12:11:45.045Z</time></trkpt><trkpt lat="59.155763" lon="11.483117"><ele>0.000000</ele><time>2026-09-13T12:11:46.046Z</time></trkpt><trkpt lat="59.155776" lon="11.483117"><ele>0.000000</ele><time>2026-09-13T12:11:47.047Z</time></trkpt><trkpt lat="59.155800" lon="11.483117"><ele>0.000000</ele><time>2026-09-13T12:11:49.049Z</time></trkpt><trkpt lat="59.155821" lon="11.483127"><ele>0.000000</ele><time>2026-09-13T12:11:51.051Z</time></trkpt><trkpt lat="59.155832" lon="11.483143"><ele>0.000000</ele><time>2026-09-13T12:11:52.052Z</time></trkpt><trkpt lat="59.155842" lon="11.483160"><ele>0.000000</ele><time>2026-09-13T12:11:53.053Z</time></trkpt><trkpt lat="59.155851" lon="11.483177"><ele>0.000000</ele><time>2026-09-13T12:11:54.054Z</time></trkpt><trkpt lat="59.155860" lon="11.483194"><ele>0.000000</ele><time>2026-09-13T12:11:55.055Z</time></trkpt><trkpt lat="59.155867" lon="11.483214"><ele>0.000000</ele><time>2026-09-13T12:11:56.056Z</time></trkpt><trkpt lat="59.155875" lon="11.483236"><ele>0.000000</ele><time>2026-09-13T12:11:57.057Z</time></trkpt><trkpt lat="59.155881" lon="11.483258"><ele>0.000000</ele><time>2026-09-13T12:11:58.058Z</time></trkpt><trkpt lat="59.155894" lon="11.483297"><ele>0.000000</ele><time>2026-09-13T12:12:00.000Z</time></trkpt><trkpt lat="59.155899" lon="11.483323"><ele>0.000000</ele><time>2026-09-13T12:12:01.001Z</time></trkpt><trkpt lat="59.155904" lon="11.483347"><ele>0.000000</ele><time>2026-09-13T12:12:02.002Z</time></trkpt><trkpt lat="59.155909" lon="11.483373"><ele>0.000000</ele><time>2026-09-13T12:12:03.003Z</time></trkpt><trkpt lat="59.155914" lon="11.483398"><ele>0.000000</ele><time>2026-09-13T12:12:04.004Z</time></trkpt><trkpt lat="59.155919" lon="11.483425"><ele>0.000000</ele><time>2026-09-13T12:12:05.005Z</time></trkpt><trkpt lat="59.155923" lon="11.483451"><ele>0.000000</ele><time>2026-09-13T12:12:06.006Z</time></trkpt><trkpt lat="59.155927" lon="11.483477"><ele>0.000000</ele><time>2026-09-13T12:12:07.007Z</time></trkpt><trkpt lat="59.155931" lon="11.483502"><ele>0.000000</ele><time>2026-09-13T12:12:08.008Z</time></trkpt><trkpt lat="59.155934" lon="11.483526"><ele>0.000000</ele><time>2026-09-13T12:12:09.009Z</time></trkpt><trkpt lat="59.155937" lon="11.483552"><ele>0.000000</ele><time>2026-09-13T12:12:10.010Z</time></trkpt><trkpt lat="59.155941" lon="11.483576"><ele>0.000000</ele><time>2026-09-13T12:12:11.011Z</time></trkpt><trkpt lat="59.155944" lon="11.483600"><ele>0.000000</ele><time>2026-09-13T12:12:12.012Z</time></trkpt><trkpt lat="59.155946" lon="11.483623"><ele>0.000000</ele><time>2026-09-13T12:12:13.013Z</time></trkpt><trkpt lat="59.155948" lon="11.483645"><ele>0.000000</ele><time>2026-09-13T12:12:14.014Z</time></trkpt><trkpt lat="59.155950" lon="11.483666"><ele>0.000000</ele><time>2026-09-13T12:12:15.015Z</time></trkpt><trkpt lat="59.155951" lon="11.483687"><ele>0.000000</ele><time>2026-09-13T12:12:16.016Z</time></trkpt><trkpt lat="59.155952" lon="11.483708"><ele>0.000000</ele><time>2026-09-13T12:12:17.017Z</time></trkpt><trkpt lat="59.155952" lon="11.483748"><ele>0.000000</ele><time>2026-09-13T12:12:19.019Z</time></trkpt><trkpt lat="59.155948" lon="11.483784"><ele>0.000000</ele><time>2026-09-13T12:12:21.021Z</time></trkpt><trkpt lat="59.155942" lon="11.483804"><ele>0.000000</ele><time>2026-09-13T12:12:22.022Z</time></trkpt><trkpt lat="59.155931" lon="11.483838"><ele>0.000000</ele><time>2026-09-13T12:12:24.024Z</time></trkpt><trkpt lat="59.155922" lon="11.483853"><ele>0.000000</ele><time>2026-09-13T12:12:25.025Z</time></trkpt><trkpt lat="59.155912" lon="11.483869"><ele>0.000000</ele><time>2026-09-13T12:12:26.026Z</time></trkpt><trkpt lat="59.155902" lon="11.483883"><ele>0.000000</ele><time>2026-09-13T12:12:27.027Z</time></trkpt><trkpt lat="59.155882" lon="11.483912"><ele>0.000000</ele><time>2026-09-13T12:12:29.029Z</time></trkpt><trkpt lat="59.155869" lon="11.483923"><ele>0.000000</ele><time>2026-09-13T12:12:30.030Z</time></trkpt><trkpt lat="59.155857" lon="11.483933"><ele>0.000000</ele><time>2026-09-13T12:12:31.031Z</time></trkpt><trkpt lat="59.155844" lon="11.483941"><ele>0.000000</ele><time>2026-09-13T12:12:32.032Z</time></trkpt><trkpt lat="59.155831" lon="11.483949"><ele>0.000000</ele><time>2026-09-13T12:12:33.033Z</time></trkpt><trkpt lat="59.155817" lon="11.483957"><ele>0.000000</ele><time>2026-09-13T12:12:34.034Z</time></trkpt><trkpt lat="59.155804" lon="11.483964"><ele>0.000000</ele><time>2026-09-13T12:12:35.035Z</time></trkpt><trkpt lat="59.155789" lon="11.483970"><ele>0.000000</ele><time>2026-09-13T12:12:36.036Z</time></trkpt><trkpt lat="59.155775" lon="11.483974"><ele>0.000000</ele><time>2026-09-13T12:12:37.037Z</time></trkpt><trkpt lat="59.155761" lon="11.483978"><ele>0.000000</ele><time>2026-09-13T12:12:38.038Z</time></trkpt><trkpt lat="59.155746" lon="11.483981"><ele>0.000000</ele><time>2026-09-13T12:12:39.039Z</time></trkpt><trkpt lat="59.155732" lon="11.483984"><ele>0.000000</ele><time>2026-09-13T12:12:40.040Z</time></trkpt><trkpt lat="59.155716" lon="11.483984"><ele>0.000000</ele><time>2026-09-13T12:12:41.041Z</time></trkpt><trkpt lat="59.155700" lon="11.483983"><ele>0.000000</ele><time>2026-09-13T12:12:42.042Z</time></trkpt><trkpt lat="59.155684" lon="11.483983"><ele>0.000000</ele><time>2026-09-13T12:12:43.043Z</time></trkpt><trkpt lat="59.155669" lon="11.483981"><ele>0.000000</ele><time>2026-09-13T12:12:44.044Z</time></trkpt><trkpt lat="59.155653" lon="11.483979"><ele>0.000000</ele><time>2026-09-13T12:12:45.045Z</time></trkpt><trkpt lat="59.155638" lon="11.483975"><ele>0.000000</ele><time>2026-09-13T12:12:46.046Z</time></trkpt><trkpt lat="59.155623" lon="11.483973"><ele>0.000000</ele><time>2026-09-13T12:12:47.047Z</time></trkpt><trkpt lat="59.155607" lon="11.483969"><ele>0.000000</ele><time>2026-09-13T12:12:48.048Z</time></trkpt><trkpt lat="59.155590" lon="11.483965"><ele>0.000000</ele><time>2026-09-13T12:12:49.049Z</time></trkpt><trkpt lat="59.155573" lon="11.483959"><ele>0.000000</ele><time>2026-09-13T12:12:50.050Z</time></trkpt><trkpt lat="59.155557" lon="11.483956"><ele>0.000000</ele><time>2026-09-13T12:12:51.051Z</time></trkpt><trkpt lat="59.155540" lon="11.483949"><ele>0.000000</ele><time>2026-09-13T12:12:52.052Z</time></trkpt><trkpt lat="59.155525" lon="11.483944"><ele>0.000000</ele><time>2026-09-13T12:12:53.053Z</time></trkpt><trkpt lat="59.155509" lon="11.483936"><ele>0.000000</ele><time>2026-09-13T12:12:54.054Z</time></trkpt><trkpt lat="59.155494" lon="11.483928"><ele>0.000000</ele><time>2026-09-13T12:12:55.055Z</time></trkpt><trkpt lat="59.155479" lon="11.483918"><ele>0.000000</ele><time>2026-09-13T12:12:56.056Z</time></trkpt><trkpt lat="59.155465" lon="11.483907"><ele>0.000000</ele><time>2026-09-13T12:12:57.057Z</time></trkpt><trkpt lat="59.155450" lon="11.483894"><ele>0.000000</ele><time>2026-09-13T12:12:58.058Z</time></trkpt><trkpt lat="59.155436" lon="11.483880"><ele>0.000000</ele><time>2026-09-13T12:12:59.059Z</time></trkpt><trkpt lat="59.155423" lon="11.483863"><ele>0.000000</ele><time>2026-09-13T12:13:00.000Z</time></trkpt><trkpt lat="59.155411" lon="11.483847"><ele>0.000000</ele><time>2026-09-13T12:13:01.001Z</time></trkpt><trkpt lat="59.155400" lon="11.483830"><ele>0.000000</ele><time>2026-09-13T12:13:02.002Z</time></trkpt><trkpt lat="59.155388" lon="11.483811"><ele>0.000000</ele><time>2026-09-13T12:13:03.003Z</time></trkpt><trkpt lat="59.155375" lon="11.483792"><ele>0.000000</ele><time>2026-09-13T12:13:04.004Z</time></trkpt><trkpt lat="59.155364" lon="11.483772"><ele>0.000000</ele><time>2026-09-13T12:13:05.005Z</time></trkpt><trkpt lat="59.155353" lon="11.483752"><ele>0.000000</ele><time>2026-09-13T12:13:06.006Z</time></trkpt><trkpt lat="59.155341" lon="11.483729"><ele>0.000000</ele><time>2026-09-13T12:13:07.007Z</time></trkpt><trkpt lat="59.155331" lon="11.483707"><ele>0.000000</ele><time>2026-09-13T12:13:08.008Z</time></trkpt><trkpt lat="59.155320" lon="11.483682"><ele>0.000000</ele><time>2026-09-13T12:13:09.009Z</time></trkpt><trkpt lat="59.155311" lon="11.483658"><ele>0.000000</ele><time>2026-09-13T12:13:10.010Z</time></trkpt><trkpt lat="59.155300" lon="11.483633"><ele>0.000000</ele><time>2026-09-13T12:13:11.011Z</time></trkpt><trkpt lat="59.155290" lon="11.483606"><ele>0.000000</ele><time>2026-09-13T12:13:12.012Z</time></trkpt><trkpt lat="59.155280" lon="11.483578"><ele>0.000000</ele><time>2026-09-13T12:13:13.013Z</time></trkpt><trkpt lat="59.155270" lon="11.483551"><ele>0.000000</ele><time>2026-09-13T12:13:14.014Z</time></trkpt><trkpt lat="59.155260" lon="11.483523"><ele>0.000000</ele><time>2026-09-13T12:13:15.015Z</time></trkpt><trkpt lat="59.155251" lon="11.483495"><ele>0.000000</ele><time>2026-09-13T12:13:16.016Z</time></trkpt><trkpt lat="59.155242" lon="11.483468"><ele>0.000000</ele><time>2026-09-13T12:13:17.017Z</time></trkpt><trkpt lat="59.155233" lon="11.483439"><ele>0.000000</ele><time>2026-09-13T12:13:18.018Z</time></trkpt><trkpt lat="59.155223" lon="11.483413"><ele>0.000000</ele><time>2026-09-13T12:13:19.019Z</time></trkpt><trkpt lat="59.155215" lon="11.483383"><ele>0.000000</ele><time>2026-09-13T12:13:20.020Z</time></trkpt><trkpt lat="59.155206" lon="11.483356"><ele>0.000000</ele><time>2026-09-13T12:13:21.021Z</time></trkpt><trkpt lat="59.155198" lon="11.483327"><ele>0.000000</ele><time>2026-09-13T12:13:22.022Z</time></trkpt><trkpt lat="59.155189" lon="11.483301"><ele>0.000000</ele><time>2026-09-13T12:13:23.023Z</time></trkpt><trkpt lat="59.155179" lon="11.483273"><ele>0.000000</ele><time>2026-09-13T12:13:24.024Z</time></trkpt><trkpt lat="59.155170" lon="11.483245"><ele>0.000000</ele><time>2026-09-13T12:13:25.025Z</time></trkpt><trkpt lat="59.155161" lon="11.483216"><ele>0.000000</ele><time>2026-09-13T12:13:26.026Z</time></trkpt><trkpt lat="59.155153" lon="11.483188"><ele>0.000000</ele><time>2026-09-13T12:13:27.027Z</time></trkpt><trkpt lat="59.155144" lon="11.483160"><ele>0.000000</ele><time>2026-09-13T12:13:28.028Z</time></trkpt><trkpt lat="59.155135" lon="11.483132"><ele>0.000000</ele><time>2026-09-13T12:13:29.029Z</time></trkpt><trkpt lat="59.155125" lon="11.483104"><ele>0.000000</ele><time>2026-09-13T12:13:30.030Z</time></trkpt><trkpt lat="59.155116" lon="11.483075"><ele>0.000000</ele><time>2026-09-13T12:13:31.031Z</time></trkpt><trkpt lat="59.155108" lon="11.483047"><ele>0.000000</ele><time>2026-09-13T12:13:32.032Z</time></trkpt><trkpt lat="59.155098" lon="11.483016"><ele>0.000000</ele><time>2026-09-13T12:13:33.033Z</time></trkpt><trkpt lat="59.155080" lon="11.482958"><ele>0.000000</ele><time>2026-09-13T12:13:35.035Z</time></trkpt><trkpt lat="59.155069" lon="11.482930"><ele>0.000000</ele><time>2026-09-13T12:13:36.036Z</time></trkpt><trkpt lat="59.155060" lon="11.482899"><ele>0.000000</ele><time>2026-09-13T12:13:37.037Z</time></trkpt><trkpt lat="59.155051" lon="11.482873"><ele>0.000000</ele><time>2026-09-13T12:13:38.038Z</time></trkpt><trkpt lat="59.155041" lon="11.482843"><ele>0.000000</ele><time>2026-09-13T12:13:39.039Z</time></trkpt><trkpt lat="59.155031" lon="11.482817"><ele>0.000000</ele><time>2026-09-13T12:13:40.040Z</time></trkpt><trkpt lat="59.155020" lon="11.482787"><ele>0.000000</ele><time>2026-09-13T12:13:41.041Z</time></trkpt><trkpt lat="59.154999" lon="11.482730"><ele>0.000000</ele><time>2026-09-13T12:13:43.043Z</time></trkpt><trkpt lat="59.154978" lon="11.482672"><ele>0.000000</ele><time>2026-09-13T12:13:45.045Z</time></trkpt><trkpt lat="59.154968" lon="11.482644"><ele>0.000000</ele><time>2026-09-13T12:13:46.046Z</time></trkpt><trkpt lat="59.154956" lon="11.482614"><ele>0.000000</ele><time>2026-09-13T12:13:47.047Z</time></trkpt><trkpt lat="59.154947" lon="11.482586"><ele>0.000000</ele><time>2026-09-13T12:13:48.048Z</time></trkpt><trkpt lat="59.154937" lon="11.482557"><ele>0.000000</ele><time>2026-09-13T12:13:49.049Z</time></trkpt><trkpt lat="59.154928" lon="11.482529"><ele>0.000000</ele><time>2026-09-13T12:13:50.050Z</time></trkpt><trkpt lat="59.154919" lon="11.482501"><ele>0.000000</ele><time>2026-09-13T12:13:51.051Z</time></trkpt><trkpt lat="59.154910" lon="11.482470"><ele>0.000000</ele><time>2026-09-13T12:13:52.052Z</time></trkpt><trkpt lat="59.154901" lon="11.482441"><ele>0.000000</ele><time>2026-09-13T12:13:53.053Z</time></trkpt><trkpt lat="59.154894" lon="11.482412"><ele>0.000000</ele><time>2026-09-13T12:13:54.054Z</time></trkpt><trkpt lat="59.154886" lon="11.482385"><ele>0.000000</ele><time>2026-09-13T12:13:55.055Z</time></trkpt><trkpt lat="59.154877" lon="11.482356"><ele>0.000000</ele><time>2026-09-13T12:13:56.056Z</time></trkpt><trkpt lat="59.154869" lon="11.482329"><ele>0.000000</ele><time>2026-09-13T12:13:57.057Z</time></trkpt><trkpt lat="59.154860" lon="11.482299"><ele>0.000000</ele><time>2026-09-13T12:13:58.058Z</time></trkpt><trkpt lat="59.154852" lon="11.482271"><ele>0.000000</ele><time>2026-09-13T12:13:59.059Z</time></trkpt><trkpt lat="59.154843" lon="11.482241"><ele>0.000000</ele><time>2026-09-13T12:14:00.000Z</time></trkpt><trkpt lat="59.154835" lon="11.482210"><ele>0.000000</ele><time>2026-09-13T12:14:01.001Z</time></trkpt><trkpt lat="59.154825" lon="11.482179"><ele>0.000000</ele><time>2026-09-13T12:14:02.002Z</time></trkpt><trkpt lat="59.154817" lon="11.482150"><ele>0.000000</ele><time>2026-09-13T12:14:03.003Z</time></trkpt><trkpt lat="59.154808" lon="11.482120"><ele>0.000000</ele><time>2026-09-13T12:14:04.004Z</time></trkpt><trkpt lat="59.154799" lon="11.482093"><ele>0.000000</ele><time>2026-09-13T12:14:05.005Z</time></trkpt><trkpt lat="59.154790" lon="11.482063"><ele>0.000000</ele><time>2026-09-13T12:14:06.006Z</time></trkpt><trkpt lat="59.154772" lon="11.482006"><ele>0.000000</ele><time>2026-09-13T12:14:08.008Z</time></trkpt><trkpt lat="59.154753" lon="11.481944"><ele>0.000000</ele><time>2026-09-13T12:14:10.010Z</time></trkpt><trkpt lat="59.154735" lon="11.481883"><ele>0.000000</ele><time>2026-09-13T12:14:12.012Z</time></trkpt><trkpt lat="59.154718" lon="11.481823"><ele>0.000000</ele><time>2026-09-13T12:14:14.014Z</time></trkpt><trkpt lat="59.154697" lon="11.481767"><ele>0.000000</ele><time>2026-09-13T12:14:16.016Z</time></trkpt><trkpt lat="59.154688" lon="11.481744"><ele>0.000000</ele><time>2026-09-13T12:14:17.017Z</time></trkpt><trkpt lat="59.154679" lon="11.481717"><ele>0.000000</ele><time>2026-09-13T12:14:18.018Z</time></trkpt><trkpt lat="59.154670" lon="11.481691"><ele>0.000000</ele><time>2026-09-13T12:14:19.019Z</time></trkpt><trkpt lat="59.154660" lon="11.481666"><ele>0.000000</ele><time>2026-09-13T12:14:20.020Z</time></trkpt><trkpt lat="59.154649" lon="11.481640"><ele>0.000000</ele><time>2026-09-13T12:14:21.021Z</time></trkpt><trkpt lat="59.154638" lon="11.481612"><ele>0.000000</ele><time>2026-09-13T12:14:22.022Z</time></trkpt><trkpt lat="59.154628" lon="11.481586"><ele>0.000000</ele><time>2026-09-13T12:14:23.023Z</time></trkpt><trkpt lat="59.154619" lon="11.481560"><ele>0.000000</ele><time>2026-09-13T12:14:24.024Z</time></trkpt><trkpt lat="59.154607" lon="11.481533"><ele>0.000000</ele><time>2026-09-13T12:14:25.025Z</time></trkpt><trkpt lat="59.154587" lon="11.481480"><ele>0.000000</ele><time>2026-09-13T12:14:27.027Z</time></trkpt><trkpt lat="59.154576" lon="11.481455"><ele>0.000000</ele><time>2026-09-13T12:14:28.028Z</time></trkpt><trkpt lat="59.154564" lon="11.481427"><ele>0.000000</ele><time>2026-09-13T12:14:29.029Z</time></trkpt><trkpt lat="59.154542" lon="11.481371"><ele>0.000000</ele><time>2026-09-13T12:14:31.031Z</time></trkpt><trkpt lat="59.154531" lon="11.481343"><ele>0.000000</ele><time>2026-09-13T12:14:32.032Z</time></trkpt><trkpt lat="59.154519" lon="11.481313"><ele>0.000000</ele><time>2026-09-13T12:14:33.033Z</time></trkpt><trkpt lat="59.154500" lon="11.481254"><ele>0.000000</ele><time>2026-09-13T12:14:35.035Z</time></trkpt><trkpt lat="59.154492" lon="11.481225"><ele>0.000000</ele><time>2026-09-13T12:14:36.036Z</time></trkpt><trkpt lat="59.154483" lon="11.481191"><ele>0.000000</ele><time>2026-09-13T12:14:37.037Z</time></trkpt><trkpt lat="59.154465" lon="11.481127"><ele>0.000000</ele><time>2026-09-13T12:14:39.039Z</time></trkpt><trkpt lat="59.154446" lon="11.481059"><ele>0.000000</ele><time>2026-09-13T12:14:41.041Z</time></trkpt><trkpt lat="59.154431" lon="11.480990"><ele>0.000000</ele><time>2026-09-13T12:14:43.043Z</time></trkpt><trkpt lat="59.154417" lon="11.480924"><ele>0.000000</ele><time>2026-09-13T12:14:45.045Z</time></trkpt><trkpt lat="59.154403" lon="11.480860"><ele>0.000000</ele><time>2026-09-13T12:14:47.047Z</time></trkpt><trkpt lat="59.154399" lon="11.480827"><ele>0.000000</ele><time>2026-09-13T12:14:48.048Z</time></trkpt><trkpt lat="59.154393" lon="11.480794"><ele>0.000000</ele><time>2026-09-13T12:14:49.049Z</time></trkpt><trkpt lat="59.154387" lon="11.480762"><ele>0.000000</ele><time>2026-09-13T12:14:50.050Z</time></trkpt><trkpt lat="59.154380" lon="11.480730"><ele>0.000000</ele><time>2026-09-13T12:14:51.051Z</time></trkpt><trkpt lat="59.154374" lon="11.480698"><ele>0.000000</ele><time>2026-09-13T12:14:52.052Z</time></trkpt><trkpt lat="59.154368" lon="11.480667"><ele>0.000000</ele><time>2026-09-13T12:14:53.053Z</time></trkpt><trkpt lat="59.154363" lon="11.480635"><ele>0.000000</ele><time>2026-09-13T12:14:54.054Z</time></trkpt><trkpt lat="59.154356" lon="11.480602"><ele>0.000000</ele><time>2026-09-13T12:14:55.055Z</time></trkpt><trkpt lat="59.154349" lon="11.480569"><ele>0.000000</ele><time>2026-09-13T12:14:56.056Z</time></trkpt><trkpt lat="59.154341" lon="11.480536"><ele>0.000000</ele><time>2026-09-13T12:14:57.057Z</time></trkpt><trkpt lat="59.154334" lon="11.480504"><ele>0.000000</ele><time>2026-09-13T12:14:58.058Z</time></trkpt><trkpt lat="59.154327" lon="11.480473"><ele>0.000000</ele><time>2026-09-13T12:14:59.059Z</time></trkpt><trkpt lat="59.154322" lon="11.480441"><ele>0.000000</ele><time>2026-09-13T12:15:00.000Z</time></trkpt><trkpt lat="59.154315" lon="11.480409"><ele>0.000000</ele><time>2026-09-13T12:15:01.001Z</time></trkpt><trkpt lat="59.154308" lon="11.480374"><ele>0.000000</ele><time>2026-09-13T12:15:02.002Z</time></trkpt><trkpt lat="59.154301" lon="11.480341"><ele>0.000000</ele><time>2026-09-13T12:15:03.003Z</time></trkpt><trkpt lat="59.154294" lon="11.480305"><ele>0.000000</ele><time>2026-09-13T12:15:04.004Z</time></trkpt><trkpt lat="59.154283" lon="11.480238"><ele>0.000000</ele><time>2026-09-13T12:15:06.006Z</time></trkpt><trkpt lat="59.154278" lon="11.480205"><ele>0.000000</ele><time>2026-09-13T12:15:07.007Z</time></trkpt><trkpt lat="59.154273" lon="11.480169"><ele>0.000000</ele><time>2026-09-13T12:15:08.008Z</time></trkpt><trkpt lat="59.154266" lon="11.480139"><ele>0.000000</ele><time>2026-09-13T12:15:09.009Z</time></trkpt><trkpt lat="59.154260" lon="11.480108"><ele>0.000000</ele><time>2026-09-13T12:15:10.010Z</time></trkpt><trkpt lat="59.154254" lon="11.480081"><ele>0.000000</ele><time>2026-09-13T12:15:11.011Z</time></trkpt><trkpt lat="59.154248" lon="11.480051"><ele>0.000000</ele><time>2026-09-13T12:15:12.012Z</time></trkpt><trkpt lat="59.154242" lon="11.480024"><ele>0.000000</ele><time>2026-09-13T12:15:13.013Z</time></trkpt><trkpt lat="59.154236" lon="11.479994"><ele>0.000000</ele><time>2026-09-13T12:15:14.014Z</time></trkpt><trkpt lat="59.154222" lon="11.479936"><ele>0.000000</ele><time>2026-09-13T12:15:16.016Z</time></trkpt><trkpt lat="59.154214" lon="11.479911"><ele>0.000000</ele><time>2026-09-13T12:15:17.017Z</time></trkpt><trkpt lat="59.154206" lon="11.479882"><ele>0.000000</ele><time>2026-09-13T12:15:18.018Z</time></trkpt><trkpt lat="59.154197" lon="11.479857"><ele>0.000000</ele><time>2026-09-13T12:15:19.019Z</time></trkpt><trkpt lat="59.154188" lon="11.479828"><ele>0.000000</ele><time>2026-09-13T12:15:20.020Z</time></trkpt><trkpt lat="59.154170" lon="11.479771"><ele>0.000000</ele><time>2026-09-13T12:15:22.022Z</time></trkpt><trkpt lat="59.154152" lon="11.479715"><ele>0.000000</ele><time>2026-09-13T12:15:24.024Z</time></trkpt><trkpt lat="59.154142" lon="11.479690"><ele>0.000000</ele><time>2026-09-13T12:15:25.025Z</time></trkpt><trkpt lat="59.154132" lon="11.479659"><ele>0.000000</ele><time>2026-09-13T12:15:26.026Z</time></trkpt><trkpt lat="59.154113" lon="11.479605"><ele>0.000000</ele><time>2026-09-13T12:15:28.028Z</time></trkpt><trkpt lat="59.154103" lon="11.479583"><ele>0.000000</ele><time>2026-09-13T12:15:29.029Z</time></trkpt><trkpt lat="59.154093" lon="11.479554"><ele>0.000000</ele><time>2026-09-13T12:15:30.030Z</time></trkpt><trkpt lat="59.154075" lon="11.479500"><ele>0.000000</ele><time>2026-09-13T12:15:32.032Z</time></trkpt><trkpt lat="59.154059" lon="11.479444"><ele>0.000000</ele><time>2026-09-13T12:15:34.034Z</time></trkpt><trkpt lat="59.154044" lon="11.479389"><ele>0.000000</ele><time>2026-09-13T12:15:36.036Z</time></trkpt><trkpt lat="59.154029" lon="11.479340"><ele>0.000000</ele><time>2026-09-13T12:15:38.038Z</time></trkpt><trkpt lat="59.154021" lon="11.479312"><ele>0.000000</ele><time>2026-09-13T12:15:39.039Z</time></trkpt><trkpt lat="59.154015" lon="11.479285"><ele>0.000000</ele><time>2026-09-13T12:15:40.040Z</time></trkpt><trkpt lat="59.154008" lon="11.479257"><ele>0.000000</ele><time>2026-09-13T12:15:41.041Z</time></trkpt><trkpt lat="59.153994" lon="11.479204"><ele>0.000000</ele><time>2026-09-13T12:15:43.043Z</time></trkpt><trkpt lat="59.153988" lon="11.479178"><ele>0.000000</ele><time>2026-09-13T12:15:44.044Z</time></trkpt><trkpt lat="59.153981" lon="11.479148"><ele>0.000000</ele><time>2026-09-13T12:15:45.045Z</time></trkpt><trkpt lat="59.153971" lon="11.479088"><ele>0.000000</ele><time>2026-09-13T12:15:47.047Z</time></trkpt><trkpt lat="59.153964" lon="11.479027"><ele>0.000000</ele><time>2026-09-13T12:15:49.049Z</time></trkpt><trkpt lat="59.153964" lon="11.478967"><ele>0.000000</ele><time>2026-09-13T12:15:51.051Z</time></trkpt><trkpt lat="59.153967" lon="11.478915"><ele>0.000000</ele><time>2026-09-13T12:15:53.053Z</time></trkpt><trkpt lat="59.153970" lon="11.478890"><ele>0.000000</ele><time>2026-09-13T12:15:54.054Z</time></trkpt><trkpt lat="59.153972" lon="11.478863"><ele>0.000000</ele><time>2026-09-13T12:15:55.055Z</time></trkpt><trkpt lat="59.153975" lon="11.478834"><ele>0.000000</ele><time>2026-09-13T12:15:56.056Z</time></trkpt><trkpt lat="59.153977" lon="11.478808"><ele>0.000000</ele><time>2026-09-13T12:15:57.057Z</time></trkpt><trkpt lat="59.153982" lon="11.478779"><ele>0.000000</ele><time>2026-09-13T12:15:58.058Z</time></trkpt><trkpt lat="59.153986" lon="11.478751"><ele>0.000000</ele><time>2026-09-13T12:15:59.059Z</time></trkpt><trkpt lat="59.153989" lon="11.478721"><ele>0.000000</ele><time>2026-09-13T12:16:00.000Z</time></trkpt><trkpt lat="59.153993" lon="11.478693"><ele>0.000000</ele><time>2026-09-13T12:16:01.001Z</time></trkpt><trkpt lat="59.153998" lon="11.478663"><ele>0.000000</ele><time>2026-09-13T12:16:02.002Z</time></trkpt><trkpt lat="59.154005" lon="11.478611"><ele>0.000000</ele><time>2026-09-13T12:16:04.004Z</time></trkpt><trkpt lat="59.154009" lon="11.478584"><ele>0.000000</ele><time>2026-09-13T12:16:05.005Z</time></trkpt><trkpt lat="59.154014" lon="11.478560"><ele>0.000000</ele><time>2026-09-13T12:16:06.006Z</time></trkpt><trkpt lat="59.154021" lon="11.478518"><ele>0.000000</ele><time>2026-09-13T12:16:08.008Z</time></trkpt><trkpt lat="59.154025" lon="11.478502"><ele>0.000000</ele><time>2026-09-13T12:16:09.009Z</time></trkpt><trkpt lat="59.154029" lon="11.478486"><ele>0.000000</ele><time>2026-09-13T12:16:10.010Z</time></trkpt><trkpt lat="59.154036" lon="11.478452"><ele>0.000000</ele><time>2026-09-13T12:16:12.012Z</time></trkpt><trkpt lat="59.154043" lon="11.478423"><ele>0.000000</ele><time>2026-09-13T12:16:14.014Z</time></trkpt><trkpt lat="59.154047" lon="11.478400"><ele>0.000000</ele><time>2026-09-13T12:16:16.016Z</time></trkpt><trkpt lat="59.154053" lon="11.478382"><ele>0.000000</ele><time>2026-09-13T12:16:18.018Z</time></trkpt><trkpt lat="59.154058" lon="11.478367"><ele>0.000000</ele><time>2026-09-13T12:16:20.020Z</time></trkpt><trkpt lat="59.154063" lon="11.478353"><ele>0.000000</ele><time>2026-09-13T12:16:22.022Z</time></trkpt><trkpt lat="59.154069" lon="11.478334"><ele>0.000000</ele><time>2026-09-13T12:16:25.025Z</time></trkpt><trkpt lat="59.154073" lon="11.478317"><ele>0.000000</ele><time>2026-09-13T12:16:28.028Z</time></trkpt><trkpt lat="59.154078" lon="11.478306"><ele>0.000000</ele><time>2026-09-13T12:16:30.030Z</time></trkpt><trkpt lat="59.154083" lon="11.478288"><ele>0.000000</ele><time>2026-09-13T12:16:33.033Z</time></trkpt><trkpt lat="59.154087" lon="11.478270"><ele>0.000000</ele><time>2026-09-13T12:16:36.036Z</time></trkpt><trkpt lat="59.154091" lon="11.478256"><ele>0.000000</ele><time>2026-09-13T12:16:38.038Z</time></trkpt><trkpt lat="59.154099" lon="11.478224"><ele>0.000000</ele><time>2026-09-13T12:16:42.042Z</time></trkpt><trkpt lat="59.154107" lon="11.478193"><ele>0.000000</ele><time>2026-09-13T12:16:46.046Z</time></trkpt><trkpt lat="59.154113" lon="11.478171"><ele>0.000000</ele><time>2026-09-13T12:16:49.049Z</time></trkpt><trkpt lat="59.154119" lon="11.478145"><ele>0.000000</ele><time>2026-09-13T12:16:52.052Z</time></trkpt><trkpt lat="59.154124" lon="11.478128"><ele>0.000000</ele><time>2026-09-13T12:16:54.054Z</time></trkpt><trkpt lat="59.154133" lon="11.478106"><ele>0.000000</ele><time>2026-09-13T12:16:57.057Z</time></trkpt><trkpt lat="59.154140" lon="11.478091"><ele>0.000000</ele><time>2026-09-13T12:16:59.059Z</time></trkpt><trkpt lat="59.154147" lon="11.478077"><ele>0.000000</ele><time>2026-09-13T12:17:01.001Z</time></trkpt><trkpt lat="59.154155" lon="11.478064"><ele>0.000000</ele><time>2026-09-13T12:17:03.003Z</time></trkpt><trkpt lat="59.154162" lon="11.478052"><ele>0.000000</ele><time>2026-09-13T12:17:05.005Z</time></trkpt><trkpt lat="59.154173" lon="11.478037"><ele>0.000000</ele><time>2026-09-13T12:17:08.008Z</time></trkpt><trkpt lat="59.154181" lon="11.478028"><ele>0.000000</ele><time>2026-09-13T12:17:10.010Z</time></trkpt><trkpt lat="59.154193" lon="11.478015"><ele>0.000000</ele><time>2026-09-13T12:17:13.013Z</time></trkpt><trkpt lat="59.154202" lon="11.478007"><ele>0.000000</ele><time>2026-09-13T12:17:15.015Z</time></trkpt><trkpt lat="59.154213" lon="11.477995"><ele>0.000000</ele><time>2026-09-13T12:17:18.018Z</time></trkpt><trkpt lat="59.154219" lon="11.477991"><ele>0.000000</ele><time>2026-09-13T12:17:19.019Z</time></trkpt><trkpt lat="59.154236" lon="11.477976"><ele>0.000000</ele><time>2026-09-13T12:17:22.022Z</time></trkpt><trkpt lat="59.154247" lon="11.477965"><ele>0.000000</ele><time>2026-09-13T12:17:24.024Z</time></trkpt><trkpt lat="59.154256" lon="11.477958"><ele>0.000000</ele><time>2026-09-13T12:17:25.025Z</time></trkpt><trkpt lat="59.154271" lon="11.477944"><ele>0.000000</ele><time>2026-09-13T12:17:27.027Z</time></trkpt><trkpt lat="59.154282" lon="11.477935"><ele>0.000000</ele><time>2026-09-13T12:17:28.028Z</time></trkpt><trkpt lat="59.154292" lon="11.477927"><ele>0.000000</ele><time>2026-09-13T12:17:29.029Z</time></trkpt><trkpt lat="59.154303" lon="11.477918"><ele>0.000000</ele><time>2026-09-13T12:17:30.030Z</time></trkpt><trkpt lat="59.154313" lon="11.477908"><ele>0.000000</ele><time>2026-09-13T12:17:31.031Z</time></trkpt><trkpt lat="59.154334" lon="11.477888"><ele>0.000000</ele><time>2026-09-13T12:17:33.033Z</time></trkpt><trkpt lat="59.154354" lon="11.477866"><ele>0.000000</ele><time>2026-09-13T12:17:35.035Z</time></trkpt><trkpt lat="59.154365" lon="11.477854"><ele>0.000000</ele><time>2026-09-13T12:17:36.036Z</time></trkpt><trkpt lat="59.154375" lon="11.477843"><ele>0.000000</ele><time>2026-09-13T12:17:37.037Z</time></trkpt><trkpt lat="59.154385" lon="11.477831"><ele>0.000000</ele><time>2026-09-13T12:17:38.038Z</time></trkpt><trkpt lat="59.154395" lon="11.477821"><ele>0.000000</ele><time>2026-09-13T12:17:39.039Z</time></trkpt><trkpt lat="59.154405" lon="11.477811"><ele>0.000000</ele><time>2026-09-13T12:17:40.040Z</time></trkpt><trkpt lat="59.154422" lon="11.477792"><ele>0.000000</ele><time>2026-09-13T12:17:42.042Z</time></trkpt><trkpt lat="59.154433" lon="11.477784"><ele>0.000000</ele><time>2026-09-13T12:17:43.043Z</time></trkpt><trkpt lat="59.154454" lon="11.477767"><ele>0.000000</ele><time>2026-09-13T12:17:45.045Z</time></trkpt><trkpt lat="59.154465" lon="11.477759"><ele>0.000000</ele><time>2026-09-13T12:17:46.046Z</time></trkpt><trkpt lat="59.154475" lon="11.477752"><ele>0.000000</ele><time>2026-09-13T12:17:47.047Z</time></trkpt><trkpt lat="59.154486" lon="11.477743"><ele>0.000000</ele><time>2026-09-13T12:17:48.048Z</time></trkpt><trkpt lat="59.154496" lon="11.477734"><ele>0.000000</ele><time>2026-09-13T12:17:49.049Z</time></trkpt><trkpt lat="59.154507" lon="11.477725"><ele>0.000000</ele><time>2026-09-13T12:17:50.050Z</time></trkpt><trkpt lat="59.154519" lon="11.477716"><ele>0.000000</ele><time>2026-09-13T12:17:51.051Z</time></trkpt><trkpt lat="59.154530" lon="11.477709"><ele>0.000000</ele><time>2026-09-13T12:17:52.052Z</time></trkpt><trkpt lat="59.154542" lon="11.477701"><ele>0.000000</ele><time>2026-09-13T12:17:53.053Z</time></trkpt><trkpt lat="59.154553" lon="11.477692"><ele>0.000000</ele><time>2026-09-13T12:17:54.054Z</time></trkpt><trkpt lat="59.154566" lon="11.477684"><ele>0.000000</ele><time>2026-09-13T12:17:55.055Z</time></trkpt><trkpt lat="59.154578" lon="11.477677"><ele>0.000000</ele><time>2026-09-13T12:17:56.056Z</time></trkpt><trkpt lat="59.154590" lon="11.477670"><ele>0.000000</ele><time>2026-09-13T12:17:57.057Z</time></trkpt><trkpt lat="59.154603" lon="11.477662"><ele>0.000000</ele><time>2026-09-13T12:17:58.058Z</time></trkpt><trkpt lat="59.154629" lon="11.477649"><ele>0.000000</ele><time>2026-09-13T12:18:00.000Z</time></trkpt><trkpt lat="59.154655" lon="11.477640"><ele>0.000000</ele><time>2026-09-13T12:18:02.002Z</time></trkpt><trkpt lat="59.154669" lon="11.477641"><ele>0.000000</ele><time>2026-09-13T12:18:03.003Z</time></trkpt><trkpt lat="59.154696" lon="11.477642"><ele>0.000000</ele><time>2026-09-13T12:18:05.005Z</time></trkpt><trkpt lat="59.154723" lon="11.477651"><ele>0.000000</ele><time>2026-09-13T12:18:07.007Z</time></trkpt><trkpt lat="59.154735" lon="11.477662"><ele>0.000000</ele><time>2026-09-13T12:18:08.008Z</time></trkpt><trkpt lat="59.154747" lon="11.477669"><ele>0.000000</ele><time>2026-09-13T12:18:09.009Z</time></trkpt><trkpt lat="59.154760" lon="11.477679"><ele>0.000000</ele><time>2026-09-13T12:18:10.010Z</time></trkpt><trkpt lat="59.154771" lon="11.477690"><ele>0.000000</ele><time>2026-09-13T12:18:11.011Z</time></trkpt><trkpt lat="59.154784" lon="11.477703"><ele>0.000000</ele><time>2026-09-13T12:18:12.012Z</time></trkpt><trkpt lat="59.154807" lon="11.477725"><ele>0.000000</ele><time>2026-09-13T12:18:14.014Z</time></trkpt><trkpt lat="59.154819" lon="11.477744"><ele>0.000000</ele><time>2026-09-13T12:18:15.015Z</time></trkpt><trkpt lat="59.154839" lon="11.477775"><ele>0.000000</ele><time>2026-09-13T12:18:17.017Z</time></trkpt><trkpt lat="59.154850" lon="11.477794"><ele>0.000000</ele><time>2026-09-13T12:18:18.018Z</time></trkpt><trkpt lat="59.154861" lon="11.477815"><ele>0.000000</ele><time>2026-09-13T12:18:19.019Z</time></trkpt><trkpt lat="59.154872" lon="11.477835"><ele>0.000000</ele><time>2026-09-13T12:18:20.020Z</time></trkpt><trkpt lat="59.154882" lon="11.477853"><ele>0.000000</ele><time>2026-09-13T12:18:21.021Z</time></trkpt><trkpt lat="59.154892" lon="11.477874"><ele>0.000000</ele><time>2026-09-13T12:18:22.022Z</time></trkpt><trkpt lat="59.154914" lon="11.477912"><ele>0.000000</ele><time>2026-09-13T12:18:24.024Z</time></trkpt><trkpt lat="59.154925" lon="11.477933"><ele>0.000000</ele><time>2026-09-13T12:18:25.025Z</time></trkpt><trkpt lat="59.154938" lon="11.477954"><ele>0.000000</ele><time>2026-09-13T12:18:26.026Z</time></trkpt><trkpt lat="59.154948" lon="11.477975"><ele>0.000000</ele><time>2026-09-13T12:18:27.027Z</time></trkpt><trkpt lat="59.154960" lon="11.477995"><ele>0.000000</ele><time>2026-09-13T12:18:28.028Z</time></trkpt><trkpt lat="59.154970" lon="11.478017"><ele>0.000000</ele><time>2026-09-13T12:18:29.029Z</time></trkpt><trkpt lat="59.154979" lon="11.478036"><ele>0.000000</ele><time>2026-09-13T12:18:30.030Z</time></trkpt><trkpt lat="59.154988" lon="11.478056"><ele>0.000000</ele><time>2026-09-13T12:18:31.031Z</time></trkpt><trkpt lat="59.154996" lon="11.478076"><ele>0.000000</ele><time>2026-09-13T12:18:32.032Z</time></trkpt><trkpt lat="59.155004" lon="11.478095"><ele>0.000000</ele><time>2026-09-13T12:18:33.033Z</time></trkpt><trkpt lat="59.155011" lon="11.478114"><ele>0.000000</ele><time>2026-09-13T12:18:34.034Z</time></trkpt><trkpt lat="59.155025" lon="11.478149"><ele>0.000000</ele><time>2026-09-13T12:18:36.036Z</time></trkpt><trkpt lat="59.155037" lon="11.478181"><ele>0.000000</ele><time>2026-09-13T12:18:38.038Z</time></trkpt><trkpt lat="59.155042" lon="11.478196"><ele>0.000000</ele><time>2026-09-13T12:18:39.039Z</time></trkpt><trkpt lat="59.155054" lon="11.478224"><ele>0.000000</ele><time>2026-09-13T12:18:41.041Z</time></trkpt><trkpt lat="59.155060" lon="11.478239"><ele>0.000000</ele><time>2026-09-13T12:18:42.042Z</time></trkpt><trkpt lat="59.155065" lon="11.478254"><ele>0.000000</ele><time>2026-09-13T12:18:43.043Z</time></trkpt><trkpt lat="59.155072" lon="11.478269"><ele>0.000000</ele><time>2026-09-13T12:18:44.044Z</time></trkpt><trkpt lat="59.155088" lon="11.478298"><ele>0.000000</ele><time>2026-09-13T12:18:46.046Z</time></trkpt><trkpt lat="59.155097" lon="11.478312"><ele>0.000000</ele><time>2026-09-13T12:18:47.047Z</time></trkpt><trkpt lat="59.155114" lon="11.478337"><ele>0.000000</ele><time>2026-09-13T12:18:49.049Z</time></trkpt><trkpt lat="59.155126" lon="11.478349"><ele>0.000000</ele><time>2026-09-13T12:18:50.050Z</time></trkpt><trkpt lat="59.155138" lon="11.478361"><ele>0.000000</ele><time>2026-09-13T12:18:51.051Z</time></trkpt><trkpt lat="59.155160" lon="11.478384"><ele>0.000000</ele><time>2026-09-13T12:18:53.053Z</time></trkpt><trkpt lat="59.155173" lon="11.478393"><ele>0.000000</ele><time>2026-09-13T12:18:54.054Z</time></trkpt><trkpt lat="59.155185" lon="11.478400"><ele>0.000000</ele><time>2026-09-13T12:18:55.055Z</time></trkpt><trkpt lat="59.155199" lon="11.478410"><ele>0.000000</ele><time>2026-09-13T12:18:56.056Z</time></trkpt><trkpt lat="59.155225" lon="11.478428"><ele>0.000000</ele><time>2026-09-13T12:18:58.058Z</time></trkpt><trkpt lat="59.155239" lon="11.478436"><ele>0.000000</ele><time>2026-09-13T12:18:59.059Z</time></trkpt><trkpt lat="59.155254" lon="11.478444"><ele>0.000000</ele><time>2026-09-13T12:19:00.000Z</time></trkpt><trkpt lat="59.155268" lon="11.478452"><ele>0.000000</ele><time>2026-09-13T12:19:01.001Z</time></trkpt><trkpt lat="59.155282" lon="11.478459"><ele>0.000000</ele><time>2026-09-13T12:19:02.002Z</time></trkpt><trkpt lat="59.155297" lon="11.478465"><ele>0.000000</ele><time>2026-09-13T12:19:03.003Z</time></trkpt><trkpt lat="59.155312" lon="11.478472"><ele>0.000000</ele><time>2026-09-13T12:19:04.004Z</time></trkpt><trkpt lat="59.155329" lon="11.478479"><ele>0.000000</ele><time>2026-09-13T12:19:05.005Z</time></trkpt><trkpt lat="59.155357" lon="11.478495"><ele>0.000000</ele><time>2026-09-13T12:19:07.007Z</time></trkpt><trkpt lat="59.155374" lon="11.478502"><ele>0.000000</ele><time>2026-09-13T12:19:08.008Z</time></trkpt><trkpt lat="59.155390" lon="11.478509"><ele>0.000000</ele><time>2026-09-13T12:19:09.009Z</time></trkpt><trkpt lat="59.155405" lon="11.478514"><ele>0.000000</ele><time>2026-09-13T12:19:10.010Z</time></trkpt><trkpt lat="59.155420" lon="11.478520"><ele>0.000000</ele><time>2026-09-13T12:19:11.011Z</time></trkpt><trkpt lat="59.155433" lon="11.478526"><ele>0.000000</ele><time>2026-09-13T12:19:12.012Z</time></trkpt><trkpt lat="59.155448" lon="11.478531"><ele>0.000000</ele><time>2026-09-13T12:19:13.013Z</time></trkpt><trkpt lat="59.155462" lon="11.478534"><ele>0.000000</ele><time>2026-09-13T12:19:13.013Z</time></trkpt><trkpt lat="59.155478" lon="11.478538"><ele>0.000000</ele><time>2026-09-13T12:19:14.014Z</time></trkpt><trkpt lat="59.155507" lon="11.478544"><ele>0.000000</ele><time>2026-09-13T12:19:16.016Z</time></trkpt><trkpt lat="59.155521" lon="11.478547"><ele>0.000000</ele><time>2026-09-13T12:19:17.017Z</time></trkpt><trkpt lat="59.155537" lon="11.478552"><ele>0.000000</ele><time>2026-09-13T12:19:18.018Z</time></trkpt><trkpt lat="59.155553" lon="11.478558"><ele>0.000000</ele><time>2026-09-13T12:19:19.019Z</time></trkpt><trkpt lat="59.155568" lon="11.478563"><ele>0.000000</ele><time>2026-09-13T12:19:20.020Z</time></trkpt><trkpt lat="59.155583" lon="11.478570"><ele>0.000000</ele><time>2026-09-13T12:19:21.021Z</time></trkpt><trkpt lat="59.155598" lon="11.478574"><ele>0.000000</ele><time>2026-09-13T12:19:22.022Z</time></trkpt><trkpt lat="59.155613" lon="11.478581"><ele>0.000000</ele><time>2026-09-13T12:19:23.023Z</time></trkpt><trkpt lat="59.155629" lon="11.478588"><ele>0.000000</ele><time>2026-09-13T12:19:24.024Z</time></trkpt><trkpt lat="59.155644" lon="11.478595"><ele>0.000000</ele><time>2026-09-13T12:19:25.025Z</time></trkpt><trkpt lat="59.155659" lon="11.478602"><ele>0.000000</ele><time>2026-09-13T12:19:27.027Z</time></trkpt><trkpt lat="59.155675" lon="11.478610"><ele>0.000000</ele><time>2026-09-13T12:19:27.027Z</time></trkpt><trkpt lat="59.155689" lon="11.478616"><ele>0.000000</ele><time>2026-09-13T12:19:28.028Z</time></trkpt><trkpt lat="59.155704" lon="11.478625"><ele>0.000000</ele><time>2026-09-13T12:19:29.029Z</time></trkpt><trkpt lat="59.155719" lon="11.478633"><ele>0.000000</ele><time>2026-09-13T12:19:30.030Z</time></trkpt><trkpt lat="59.155734" lon="11.478642"><ele>0.000000</ele><time>2026-09-13T12:19:31.031Z</time></trkpt><trkpt lat="59.155748" lon="11.478650"><ele>0.000000</ele><time>2026-09-13T12:19:32.032Z</time></trkpt><trkpt lat="59.155762" lon="11.478660"><ele>0.000000</ele><time>2026-09-13T12:19:33.033Z</time></trkpt><trkpt lat="59.155777" lon="11.478669"><ele>0.000000</ele><time>2026-09-13T12:19:34.034Z</time></trkpt><trkpt lat="59.155792" lon="11.478678"><ele>0.000000</ele><time>2026-09-13T12:19:35.035Z</time></trkpt><trkpt lat="59.155805" lon="11.478688"><ele>0.000000</ele><time>2026-09-13T12:19:36.036Z</time></trkpt><trkpt lat="59.155820" lon="11.478700"><ele>0.000000</ele><time>2026-09-13T12:19:37.037Z</time></trkpt><trkpt lat="59.155836" lon="11.478710"><ele>0.000000</ele><time>2026-09-13T12:19:38.038Z</time></trkpt><trkpt lat="59.155852" lon="11.478719"><ele>0.000000</ele><time>2026-09-13T12:19:39.039Z</time></trkpt><trkpt lat="59.155869" lon="11.478727"><ele>0.000000</ele><time>2026-09-13T12:19:40.040Z</time></trkpt><trkpt lat="59.155885" lon="11.478735"><ele>0.000000</ele><time>2026-09-13T12:19:41.041Z</time></trkpt><trkpt lat="59.155900" lon="11.478745"><ele>0.000000</ele><time>2026-09-13T12:19:42.042Z</time></trkpt><trkpt lat="59.155931" lon="11.478761"><ele>0.000000</ele><time>2026-09-13T12:19:44.044Z</time></trkpt><trkpt lat="59.155946" lon="11.478768"><ele>0.000000</ele><time>2026-09-13T12:19:45.045Z</time></trkpt><trkpt lat="59.155961" lon="11.478775"><ele>0.000000</ele><time>2026-09-13T12:19:46.046Z</time></trkpt><trkpt lat="59.155976" lon="11.478782"><ele>0.000000</ele><time>2026-09-13T12:19:47.047Z</time></trkpt><trkpt lat="59.155991" lon="11.478789"><ele>0.000000</ele><time>2026-09-13T12:19:49.049Z</time></trkpt><trkpt lat="59.156006" lon="11.478797"><ele>0.000000</ele><time>2026-09-13T12:19:50.050Z</time></trkpt><trkpt lat="59.156022" lon="11.478806"><ele>0.000000</ele><time>2026-09-13T12:19:51.051Z</time></trkpt><trkpt lat="59.156037" lon="11.478813"><ele>0.000000</ele><time>2026-09-13T12:19:52.052Z</time></trkpt><trkpt lat="59.156053" lon="11.478821"><ele>0.000000</ele><time>2026-09-13T12:19:53.053Z</time></trkpt><trkpt lat="59.156068" lon="11.478826"><ele>0.000000</ele><time>2026-09-13T12:19:54.054Z</time></trkpt><trkpt lat="59.156083" lon="11.478832"><ele>0.000000</ele><time>2026-09-13T12:19:55.055Z</time></trkpt><trkpt lat="59.156099" lon="11.478838"><ele>0.000000</ele><time>2026-09-13T12:19:56.056Z</time></trkpt><trkpt lat="59.156115" lon="11.478844"><ele>0.000000</ele><time>2026-09-13T12:19:57.057Z</time></trkpt><trkpt lat="59.156131" lon="11.478849"><ele>0.000000</ele><time>2026-09-13T12:19:58.058Z</time></trkpt><trkpt lat="59.156148" lon="11.478851"><ele>0.000000</ele><time>2026-09-13T12:19:59.059Z</time></trkpt><trkpt lat="59.156162" lon="11.478852"><ele>0.000000</ele><time>2026-09-13T12:20:00.000Z</time></trkpt><trkpt lat="59.156179" lon="11.478854"><ele>0.000000</ele><time>2026-09-13T12:20:01.001Z</time></trkpt><trkpt lat="59.156210" lon="11.478859"><ele>0.000000</ele><time>2026-09-13T12:20:03.003Z</time></trkpt><trkpt lat="59.156224" lon="11.478858"><ele>0.000000</ele><time>2026-09-13T12:20:04.004Z</time></trkpt><trkpt lat="59.156237" lon="11.478858"><ele>0.000000</ele><time>2026-09-13T12:20:05.005Z</time></trkpt><trkpt lat="59.156252" lon="11.478856"><ele>0.000000</ele><time>2026-09-13T12:20:06.006Z</time></trkpt><trkpt lat="59.156279" lon="11.478853"><ele>0.000000</ele><time>2026-09-13T12:20:08.008Z</time></trkpt><trkpt lat="59.156307" lon="11.478843"><ele>0.000000</ele><time>2026-09-13T12:20:10.010Z</time></trkpt><trkpt lat="59.156320" lon="11.478839"><ele>0.000000</ele><time>2026-09-13T12:20:11.011Z</time></trkpt><trkpt lat="59.156335" lon="11.478834"><ele>0.000000</ele><time>2026-09-13T12:20:12.012Z</time></trkpt><trkpt lat="59.156348" lon="11.478827"><ele>0.000000</ele><time>2026-09-13T12:20:13.013Z</time></trkpt><trkpt lat="59.156361" lon="11.478819"><ele>0.000000</ele><time>2026-09-13T12:20:14.014Z</time></trkpt><trkpt lat="59.156374" lon="11.478811"><ele>0.000000</ele><time>2026-09-13T12:20:15.015Z</time></trkpt><trkpt lat="59.156386" lon="11.478802"><ele>0.000000</ele><time>2026-09-13T12:20:16.016Z</time></trkpt><trkpt lat="59.156398" lon="11.478793"><ele>0.000000</ele><time>2026-09-13T12:20:17.017Z</time></trkpt><trkpt lat="59.156410" lon="11.478784"><ele>0.000000</ele><time>2026-09-13T12:20:18.018Z</time></trkpt><trkpt lat="59.156421" lon="11.478777"><ele>0.000000</ele><time>2026-09-13T12:20:19.019Z</time></trkpt><trkpt lat="59.156432" lon="11.478770"><ele>0.000000</ele><time>2026-09-13T12:20:20.020Z</time></trkpt><trkpt lat="59.156442" lon="11.478763"><ele>0.000000</ele><time>2026-09-13T12:20:21.021Z</time></trkpt><trkpt lat="59.156452" lon="11.478757"><ele>0.000000</ele><time>2026-09-13T12:20:22.022Z</time></trkpt><trkpt lat="59.156461" lon="11.478752"><ele>0.000000</ele><time>2026-09-13T12:20:23.023Z</time></trkpt><trkpt lat="59.156471" lon="11.478747"><ele>0.000000</ele><time>2026-09-13T12:20:24.024Z</time></trkpt><trkpt lat="59.156491" lon="11.478736"><ele>0.000000</ele><time>2026-09-13T12:20:26.026Z</time></trkpt><trkpt lat="59.156500" lon="11.478730"><ele>0.000000</ele><time>2026-09-13T12:20:27.027Z</time></trkpt><trkpt lat="59.156510" lon="11.478724"><ele>0.000000</ele><time>2026-09-13T12:20:28.028Z</time></trkpt><trkpt lat="59.156520" lon="11.478718"><ele>0.000000</ele><time>2026-09-13T12:20:29.029Z</time></trkpt><trkpt lat="59.156539" lon="11.478705"><ele>0.000000</ele><time>2026-09-13T12:20:31.031Z</time></trkpt><trkpt lat="59.156549" lon="11.478697"><ele>0.000000</ele><time>2026-09-13T12:20:32.032Z</time></trkpt><trkpt lat="59.156571" lon="11.478681"><ele>0.000000</ele><time>2026-09-13T12:20:34.034Z</time></trkpt><trkpt lat="59.156593" lon="11.478668"><ele>0.000000</ele><time>2026-09-13T12:20:36.036Z</time></trkpt><trkpt lat="59.156605" lon="11.478661"><ele>0.000000</ele><time>2026-09-13T12:20:37.037Z</time></trkpt><trkpt lat="59.156616" lon="11.478653"><ele>0.000000</ele><time>2026-09-13T12:20:38.038Z</time></trkpt><trkpt lat="59.156628" lon="11.478644"><ele>0.000000</ele><time>2026-09-13T12:20:39.039Z</time></trkpt><trkpt lat="59.156648" lon="11.478628"><ele>0.000000</ele><time>2026-09-13T12:20:41.041Z</time></trkpt><trkpt lat="59.156659" lon="11.478618"><ele>0.000000</ele><time>2026-09-13T12:20:42.042Z</time></trkpt><trkpt lat="59.156670" lon="11.478608"><ele>0.000000</ele><time>2026-09-13T12:20:43.043Z</time></trkpt><trkpt lat="59.156680" lon="11.478599"><ele>0.000000</ele><time>2026-09-13T12:20:44.044Z</time></trkpt><trkpt lat="59.156691" lon="11.478588"><ele>0.000000</ele><time>2026-09-13T12:20:45.045Z</time></trkpt><trkpt lat="59.156702" lon="11.478579"><ele>0.000000</ele><time>2026-09-13T12:20:46.046Z</time></trkpt><trkpt lat="59.156712" lon="11.478569"><ele>0.000000</ele><time>2026-09-13T12:20:47.047Z</time></trkpt><trkpt lat="59.156723" lon="11.478559"><ele>0.000000</ele><time>2026-09-13T12:20:48.048Z</time></trkpt><trkpt lat="59.156732" lon="11.478550"><ele>0.000000</ele><time>2026-09-13T12:20:49.049Z</time></trkpt><trkpt lat="59.156742" lon="11.478540"><ele>0.000000</ele><time>2026-09-13T12:20:50.050Z</time></trkpt><trkpt lat="59.156750" lon="11.478531"><ele>0.000000</ele><time>2026-09-13T12:20:51.051Z</time></trkpt><trkpt lat="59.156767" lon="11.478513"><ele>0.000000</ele><time>2026-09-13T12:20:53.053Z</time></trkpt><trkpt lat="59.156783" lon="11.478496"><ele>0.000000</ele><time>2026-09-13T12:20:55.055Z</time></trkpt><trkpt lat="59.156797" lon="11.478479"><ele>0.000000</ele><time>2026-09-13T12:20:57.057Z</time></trkpt><trkpt lat="59.156810" lon="11.478464"><ele>0.000000</ele><time>2026-09-13T12:20:59.059Z</time></trkpt><trkpt lat="59.156822" lon="11.478449"><ele>0.000000</ele><time>2026-09-13T12:21:01.001Z</time></trkpt><trkpt lat="59.156833" lon="11.478433"><ele>0.000000</ele><time>2026-09-13T12:21:03.003Z</time></trkpt><trkpt lat="59.156843" lon="11.478418"><ele>0.000000</ele><time>2026-09-13T12:21:05.005Z</time></trkpt><trkpt lat="59.156855" lon="11.478402"><ele>0.000000</ele><time>2026-09-13T12:21:07.007Z</time></trkpt><trkpt lat="59.156865" lon="11.478388"><ele>0.000000</ele><time>2026-09-13T12:21:09.009Z</time></trkpt><trkpt lat="59.156870" lon="11.478380"><ele>0.000000</ele><time>2026-09-13T12:21:10.010Z</time></trkpt><trkpt lat="59.156877" lon="11.478367"><ele>0.000000</ele><time>2026-09-13T12:21:11.011Z</time></trkpt><trkpt lat="59.156894" lon="11.478333"><ele>0.000000</ele><time>2026-09-13T12:21:15.015Z</time></trkpt><trkpt lat="59.156900" lon="11.478316"><ele>0.000000</ele><time>2026-09-13T12:21:17.017Z</time></trkpt><trkpt lat="59.156907" lon="11.478300"><ele>0.000000</ele><time>2026-09-13T12:21:19.019Z</time></trkpt><trkpt lat="59.156913" lon="11.478284"><ele>0.000000</ele><time>2026-09-13T12:21:21.021Z</time></trkpt><trkpt lat="59.156920" lon="11.478268"><ele>0.000000</ele><time>2026-09-13T12:21:23.023Z</time></trkpt><trkpt lat="59.156927" lon="11.478252"><ele>0.000000</ele><time>2026-09-13T12:21:25.025Z</time></trkpt><trkpt lat="59.156933" lon="11.478238"><ele>0.000000</ele><time>2026-09-13T12:21:27.027Z</time></trkpt><trkpt lat="59.156939" lon="11.478224"><ele>0.000000</ele><time>2026-09-13T12:21:29.029Z</time></trkpt><trkpt lat="59.156949" lon="11.478205"><ele>0.000000</ele><time>2026-09-13T12:21:32.032Z</time></trkpt><trkpt lat="59.156959" lon="11.478184"><ele>0.000000</ele><time>2026-09-13T12:21:35.035Z</time></trkpt><trkpt lat="59.156966" lon="11.478170"><ele>0.000000</ele><time>2026-09-13T12:21:37.037Z</time></trkpt><trkpt lat="59.156973" lon="11.478155"><ele>0.000000</ele><time>2026-09-13T12:21:39.039Z</time></trkpt><trkpt lat="59.156986" lon="11.478136"><ele>0.000000</ele><time>2026-09-13T12:21:42.042Z</time></trkpt><trkpt lat="59.156997" lon="11.478119"><ele>0.000000</ele><time>2026-09-13T12:21:45.045Z</time></trkpt><trkpt lat="59.157003" lon="11.478112"><ele>0.000000</ele><time>2026-09-13T12:21:46.046Z</time></trkpt><trkpt lat="59.157013" lon="11.478099"><ele>0.000000</ele><time>2026-09-13T12:21:48.048Z</time></trkpt><trkpt lat="59.157020" lon="11.478093"><ele>0.000000</ele><time>2026-09-13T12:21:49.049Z</time></trkpt><trkpt lat="59.157038" lon="11.478081"><ele>0.000000</ele><time>2026-09-13T12:21:52.052Z</time></trkpt><trkpt lat="59.157051" lon="11.478080"><ele>0.000000</ele><time>2026-09-13T12:21:54.054Z</time></trkpt><trkpt lat="59.157059" lon="11.478086"><ele>0.000000</ele><time>2026-09-13T12:21:55.055Z</time></trkpt><trkpt lat="59.157073" lon="11.478092"><ele>0.000000</ele><time>2026-09-13T12:21:57.057Z</time></trkpt><trkpt lat="59.157081" lon="11.478101"><ele>0.000000</ele><time>2026-09-13T12:21:58.058Z</time></trkpt><trkpt lat="59.157090" lon="11.478112"><ele>0.000000</ele><time>2026-09-13T12:21:59.059Z</time></trkpt><trkpt lat="59.157106" lon="11.478130"><ele>0.000000</ele><time>2026-09-13T12:22:01.001Z</time></trkpt><trkpt lat="59.157113" lon="11.478146"><ele>0.000000</ele><time>2026-09-13T12:22:02.002Z</time></trkpt><trkpt lat="59.157125" lon="11.478171"><ele>0.000000</ele><time>2026-09-13T12:22:04.004Z</time></trkpt><trkpt lat="59.157134" lon="11.478197"><ele>0.000000</ele><time>2026-09-13T12:22:06.006Z</time></trkpt><trkpt lat="59.157138" lon="11.478216"><ele>0.000000</ele><time>2026-09-13T12:22:07.007Z</time></trkpt><trkpt lat="59.157143" lon="11.478246"><ele>0.000000</ele><time>2026-09-13T12:22:09.009Z</time></trkpt><trkpt lat="59.157144" lon="11.478276"><ele>0.000000</ele><time>2026-09-13T12:22:11.011Z</time></trkpt><trkpt lat="59.157141" lon="11.478296"><ele>0.000000</ele><time>2026-09-13T12:22:12.012Z</time></trkpt><trkpt lat="59.157136" lon="11.478326"><ele>0.000000</ele><time>2026-09-13T12:22:14.014Z</time></trkpt><trkpt lat="59.157131" lon="11.478355"><ele>0.000000</ele><time>2026-09-13T12:22:16.016Z</time></trkpt><trkpt lat="59.157125" lon="11.478371"><ele>0.000000</ele><time>2026-09-13T12:22:17.017Z</time></trkpt><trkpt lat="59.157115" lon="11.478401"><ele>0.000000</ele><time>2026-09-13T12:22:19.019Z</time></trkpt><trkpt lat="59.157106" lon="11.478418"><ele>0.000000</ele><time>2026-09-13T12:22:20.020Z</time></trkpt><trkpt lat="59.157093" lon="11.478446"><ele>0.000000</ele><time>2026-09-13T12:22:22.022Z</time></trkpt><trkpt lat="59.157078" lon="11.478473"><ele>0.000000</ele><time>2026-09-13T12:22:24.024Z</time></trkpt><trkpt lat="59.157068" lon="11.478489"><ele>0.000000</ele><time>2026-09-13T12:22:25.025Z</time></trkpt><trkpt lat="59.157051" lon="11.478518"><ele>0.000000</ele><time>2026-09-13T12:22:27.027Z</time></trkpt><trkpt lat="59.157034" lon="11.478544"><ele>0.000000</ele><time>2026-09-13T12:22:29.029Z</time></trkpt><trkpt lat="59.157024" lon="11.478557"><ele>0.000000</ele><time>2026-09-13T12:22:30.030Z</time></trkpt><trkpt lat="59.157011" lon="11.478585"><ele>0.000000</ele><time>2026-09-13T12:22:32.032Z</time></trkpt><trkpt lat="59.157002" lon="11.478617"><ele>0.000000</ele><time>2026-09-13T12:22:34.034Z</time></trkpt><trkpt lat="59.156999" lon="11.478650"><ele>0.000000</ele><time>2026-09-13T12:22:35.035Z</time></trkpt><trkpt lat="59.156999" lon="11.478682"><ele>0.000000</ele><time>2026-09-13T12:22:37.037Z</time></trkpt><trkpt lat="59.157003" lon="11.478701"><ele>0.000000</ele><time>2026-09-13T12:22:38.038Z</time></trkpt><trkpt lat="59.157008" lon="11.478735"><ele>0.000000</ele><time>2026-09-13T12:22:40.040Z</time></trkpt><trkpt lat="59.157016" lon="11.478766"><ele>0.000000</ele><time>2026-09-13T12:22:42.042Z</time></trkpt><trkpt lat="59.157025" lon="11.478784"><ele>0.000000</ele><time>2026-09-13T12:22:43.043Z</time></trkpt><trkpt lat="59.157037" lon="11.478814"><ele>0.000000</ele><time>2026-09-13T12:22:45.045Z</time></trkpt><trkpt lat="59.157046" lon="11.478829"><ele>0.000000</ele><time>2026-09-13T12:22:46.046Z</time></trkpt><trkpt lat="59.157055" lon="11.478844"><ele>0.000000</ele><time>2026-09-13T12:22:47.047Z</time></trkpt><trkpt lat="59.157063" lon="11.478860"><ele>0.000000</ele><time>2026-09-13T12:22:48.048Z</time></trkpt><trkpt lat="59.157078" lon="11.478891"><ele>0.000000</ele><time>2026-09-13T12:22:50.050Z</time></trkpt><trkpt lat="59.157087" lon="11.478908"><ele>0.000000</ele><time>2026-09-13T12:22:51.051Z</time></trkpt><trkpt lat="59.157095" lon="11.478925"><ele>0.000000</ele><time>2026-09-13T12:22:52.052Z</time></trkpt><trkpt lat="59.157104" lon="11.478944"><ele>0.000000</ele><time>2026-09-13T12:22:53.053Z</time></trkpt><trkpt lat="59.157113" lon="11.478964"><ele>0.000000</ele><time>2026-09-13T12:22:54.054Z</time></trkpt><trkpt lat="59.157122" lon="11.478985"><ele>0.000000</ele><time>2026-09-13T12:22:55.055Z</time></trkpt><trkpt lat="59.157130" lon="11.479007"><ele>0.000000</ele><time>2026-09-13T12:22:56.056Z</time></trkpt><trkpt lat="59.157138" lon="11.479029"><ele>0.000000</ele><time>2026-09-13T12:22:57.057Z</time></trkpt><trkpt lat="59.157147" lon="11.479052"><ele>0.000000</ele><time>2026-09-13T12:22:58.058Z</time></trkpt><trkpt lat="59.157155" lon="11.479075"><ele>0.000000</ele><time>2026-09-13T12:22:59.059Z</time></trkpt><trkpt lat="59.157162" lon="11.479099"><ele>0.000000</ele><time>2026-09-13T12:23:00.000Z</time></trkpt><trkpt lat="59.157169" lon="11.479122"><ele>0.000000</ele><time>2026-09-13T12:23:01.001Z</time></trkpt><trkpt lat="59.157177" lon="11.479147"><ele>0.000000</ele><time>2026-09-13T12:23:02.002Z</time></trkpt><trkpt lat="59.157184" lon="11.479171"><ele>0.000000</ele><time>2026-09-13T12:23:03.003Z</time></trkpt><trkpt lat="59.157192" lon="11.479197"><ele>0.000000</ele><time>2026-09-13T12:23:04.004Z</time></trkpt><trkpt lat="59.157198" lon="11.479222"><ele>0.000000</ele><time>2026-09-13T12:23:05.005Z</time></trkpt><trkpt lat="59.157204" lon="11.479249"><ele>0.000000</ele><time>2026-09-13T12:23:06.006Z</time></trkpt><trkpt lat="59.157211" lon="11.479275"><ele>0.000000</ele><time>2026-09-13T12:23:07.007Z</time></trkpt><trkpt lat="59.157217" lon="11.479303"><ele>0.000000</ele><time>2026-09-13T12:23:08.008Z</time></trkpt><trkpt lat="59.157222" lon="11.479331"><ele>0.000000</ele><time>2026-09-13T12:23:09.009Z</time></trkpt><trkpt lat="59.157228" lon="11.479363"><ele>0.000000</ele><time>2026-09-13T12:23:10.010Z</time></trkpt><trkpt lat="59.157232" lon="11.479392"><ele>0.000000</ele><time>2026-09-13T12:23:11.011Z</time></trkpt><trkpt lat="59.157237" lon="11.479423"><ele>0.000000</ele><time>2026-09-13T12:23:12.012Z</time></trkpt><trkpt lat="59.157242" lon="11.479452"><ele>0.000000</ele><time>2026-09-13T12:23:13.013Z</time></trkpt><trkpt lat="59.157247" lon="11.479484"><ele>0.000000</ele><time>2026-09-13T12:23:14.014Z</time></trkpt><trkpt lat="59.157250" lon="11.479514"><ele>0.000000</ele><time>2026-09-13T12:23:15.015Z</time></trkpt><trkpt lat="59.157254" lon="11.479545"><ele>0.000000</ele><time>2026-09-13T12:23:16.016Z</time></trkpt><trkpt lat="59.157256" lon="11.479574"><ele>0.000000</ele><time>2026-09-13T12:23:17.017Z</time></trkpt><trkpt lat="59.157259" lon="11.479606"><ele>0.000000</ele><time>2026-09-13T12:23:18.018Z</time></trkpt><trkpt lat="59.157260" lon="11.479636"><ele>0.000000</ele><time>2026-09-13T12:23:19.019Z</time></trkpt><trkpt lat="59.157263" lon="11.479666"><ele>0.000000</ele><time>2026-09-13T12:23:20.020Z</time></trkpt><trkpt lat="59.157265" lon="11.479696"><ele>0.000000</ele><time>2026-09-13T12:23:21.021Z</time></trkpt><trkpt lat="59.157267" lon="11.479727"><ele>0.000000</ele><time>2026-09-13T12:23:22.022Z</time></trkpt><trkpt lat="59.157268" lon="11.479760"><ele>0.000000</ele><time>2026-09-13T12:23:23.023Z</time></trkpt><trkpt lat="59.157270" lon="11.479791"><ele>0.000000</ele><time>2026-09-13T12:23:24.024Z</time></trkpt><trkpt lat="59.157270" lon="11.479822"><ele>0.000000</ele><time>2026-09-13T12:23:25.025Z</time></trkpt><trkpt lat="59.157271" lon="11.479851"><ele>0.000000</ele><time>2026-09-13T12:23:26.026Z</time></trkpt><trkpt lat="59.157271" lon="11.479881"><ele>0.000000</ele><time>2026-09-13T12:23:27.027Z</time></trkpt><trkpt lat="59.157271" lon="11.479912"><ele>0.000000</ele><time>2026-09-13T12:23:29.029Z</time></trkpt><trkpt lat="59.157271" lon="11.479944"><ele>0.000000</ele><time>2026-09-13T12:23:30.030Z</time></trkpt><trkpt lat="59.157272" lon="11.479974"><ele>0.000000</ele><time>2026-09-13T12:23:31.031Z</time></trkpt><trkpt lat="59.157272" lon="11.480007"><ele>0.000000</ele><time>2026-09-13T12:23:32.032Z</time></trkpt><trkpt lat="59.157272" lon="11.480037"><ele>0.000000</ele><time>2026-09-13T12:23:33.033Z</time></trkpt><trkpt lat="59.157272" lon="11.480069"><ele>0.000000</ele><time>2026-09-13T12:23:34.034Z</time></trkpt><trkpt lat="59.157272" lon="11.480099"><ele>0.000000</ele><time>2026-09-13T12:23:35.035Z</time></trkpt><trkpt lat="59.157272" lon="11.480131"><ele>0.000000</ele><time>2026-09-13T12:23:36.036Z</time></trkpt><trkpt lat="59.157273" lon="11.480161"><ele>0.000000</ele><time>2026-09-13T12:23:37.037Z</time></trkpt><trkpt lat="59.157273" lon="11.480192"><ele>0.000000</ele><time>2026-09-13T12:23:38.038Z</time></trkpt><trkpt lat="59.157273" lon="11.480223"><ele>0.000000</ele><time>2026-09-13T12:23:39.039Z</time></trkpt><trkpt lat="59.157274" lon="11.480254"><ele>0.000000</ele><time>2026-09-13T12:23:40.040Z</time></trkpt><trkpt lat="59.157275" lon="11.480282"><ele>0.000000</ele><time>2026-09-13T12:23:41.041Z</time></trkpt><trkpt lat="59.157276" lon="11.480314"><ele>0.000000</ele><time>2026-09-13T12:23:42.042Z</time></trkpt><trkpt lat="59.157278" lon="11.480344"><ele>0.000000</ele><time>2026-09-13T12:23:43.043Z</time></trkpt><trkpt lat="59.157280" lon="11.480377"><ele>0.000000</ele><time>2026-09-13T12:23:44.044Z</time></trkpt><trkpt lat="59.157281" lon="11.480410"><ele>0.000000</ele><time>2026-09-13T12:23:45.045Z</time></trkpt><trkpt lat="59.157286" lon="11.480472"><ele>0.000000</ele><time>2026-09-13T12:23:47.047Z</time></trkpt><trkpt lat="59.157291" lon="11.480537"><ele>0.000000</ele><time>2026-09-13T12:23:49.049Z</time></trkpt><trkpt lat="59.157293" lon="11.480567"><ele>0.000000</ele><time>2026-09-13T12:23:50.050Z</time></trkpt><trkpt lat="59.157295" lon="11.480601"><ele>0.000000</ele><time>2026-09-13T12:23:51.051Z</time></trkpt><trkpt lat="59.157302" lon="11.480667"><ele>0.000000</ele><time>2026-09-13T12:23:53.053Z</time></trkpt><trkpt lat="59.157309" lon="11.480733"><ele>0.000000</ele><time>2026-09-13T12:23:55.055Z</time></trkpt><trkpt lat="59.157313" lon="11.480763"><ele>0.000000</ele><time>2026-09-13T12:23:56.056Z</time></trkpt><trkpt lat="59.157318" lon="11.480793"><ele>0.000000</ele><time>2026-09-13T12:23:57.057Z</time></trkpt><trkpt lat="59.157321" lon="11.480822"><ele>0.000000</ele><time>2026-09-13T12:23:58.058Z</time></trkpt><trkpt lat="59.157324" lon="11.480852"><ele>0.000000</ele><time>2026-09-13T12:23:59.059Z</time></trkpt><trkpt lat="59.157331" lon="11.480907"><ele>0.000000</ele><time>2026-09-13T12:24:01.001Z</time></trkpt><trkpt lat="59.157334" lon="11.480934"><ele>0.000000</ele><time>2026-09-13T12:24:02.002Z</time></trkpt><trkpt lat="59.157338" lon="11.480964"><ele>0.000000</ele><time>2026-09-13T12:24:03.003Z</time></trkpt><trkpt lat="59.157345" lon="11.481020"><ele>0.000000</ele><time>2026-09-13T12:24:05.005Z</time></trkpt><trkpt lat="59.157348" lon="11.481048"><ele>0.000000</ele><time>2026-09-13T12:24:06.006Z</time></trkpt><trkpt lat="59.157350" lon="11.481078"><ele>0.000000</ele><time>2026-09-13T12:24:07.007Z</time></trkpt><trkpt lat="59.157352" lon="11.481107"><ele>0.000000</ele><time>2026-09-13T12:24:08.008Z</time></trkpt><trkpt lat="59.157354" lon="11.481137"><ele>0.000000</ele><time>2026-09-13T12:24:09.009Z</time></trkpt><trkpt lat="59.157358" lon="11.481166"><ele>0.000000</ele><time>2026-09-13T12:24:10.010Z</time></trkpt><trkpt lat="59.157362" lon="11.481197"><ele>0.000000</ele><time>2026-09-13T12:24:11.011Z</time></trkpt><trkpt lat="59.157367" lon="11.481231"><ele>0.000000</ele><time>2026-09-13T12:24:12.012Z</time></trkpt><trkpt lat="59.157377" lon="11.481293"><ele>0.000000</ele><time>2026-09-13T12:24:14.014Z</time></trkpt><trkpt lat="59.157381" lon="11.481324"><ele>0.000000</ele><time>2026-09-13T12:24:15.015Z</time></trkpt><trkpt lat="59.157386" lon="11.481357"><ele>0.000000</ele><time>2026-09-13T12:24:16.016Z</time></trkpt><trkpt lat="59.157392" lon="11.481385"><ele>0.000000</ele><time>2026-09-13T12:24:17.017Z</time></trkpt><trkpt lat="59.157396" lon="11.481416"><ele>0.000000</ele><time>2026-09-13T12:24:18.018Z</time></trkpt><trkpt lat="59.157402" lon="11.481448"><ele>0.000000</ele><time>2026-09-13T12:24:19.019Z</time></trkpt><trkpt lat="59.157413" lon="11.481514"><ele>0.000000</ele><time>2026-09-13T12:24:21.021Z</time></trkpt><trkpt lat="59.157417" lon="11.481548"><ele>0.000000</ele><time>2026-09-13T12:24:22.022Z</time></trkpt><trkpt lat="59.157423" lon="11.481581"><ele>0.000000</ele><time>2026-09-13T12:24:23.023Z</time></trkpt><trkpt lat="59.157433" lon="11.481636"><ele>0.000000</ele><time>2026-09-13T12:24:25.025Z</time></trkpt><trkpt lat="59.157438" lon="11.481660"><ele>0.000000</ele><time>2026-09-13T12:24:26.026Z</time></trkpt><trkpt lat="59.157444" lon="11.481684"><ele>0.000000</ele><time>2026-09-13T12:24:27.027Z</time></trkpt><trkpt lat="59.157449" lon="11.481706"><ele>0.000000</ele><time>2026-09-13T12:24:28.028Z</time></trkpt><trkpt lat="59.157454" lon="11.481727"><ele>0.000000</ele><time>2026-09-13T12:24:29.029Z</time></trkpt><trkpt lat="59.157459" lon="11.481747"><ele>0.000000</ele><time>2026-09-13T12:24:30.030Z</time></trkpt><trkpt lat="59.157464" lon="11.481766"><ele>0.000000</ele><time>2026-09-13T12:24:31.031Z</time></trkpt><trkpt lat="59.157469" lon="11.481784"><ele>0.000000</ele><time>2026-09-13T12:24:32.032Z</time></trkpt><trkpt lat="59.157474" lon="11.481800"><ele>0.000000</ele><time>2026-09-13T12:24:33.033Z</time></trkpt><trkpt lat="59.157479" lon="11.481817"><ele>0.000000</ele><time>2026-09-13T12:24:34.034Z</time></trkpt><trkpt lat="59.157484" lon="11.481832"><ele>0.000000</ele><time>2026-09-13T12:24:35.035Z</time></trkpt><trkpt lat="59.157488" lon="11.481847"><ele>0.000000</ele><time>2026-09-13T12:24:36.036Z</time></trkpt><trkpt lat="59.157497" lon="11.481876"><ele>0.000000</ele><time>2026-09-13T12:24:38.038Z</time></trkpt><trkpt lat="59.157505" lon="11.481901"><ele>0.000000</ele><time>2026-09-13T12:24:40.040Z</time></trkpt><trkpt lat="59.157513" lon="11.481923"><ele>0.000000</ele><time>2026-09-13T12:24:42.042Z</time></trkpt><trkpt lat="59.157522" lon="11.481948"><ele>0.000000</ele><time>2026-09-13T12:24:44.044Z</time></trkpt><trkpt lat="59.157529" lon="11.481970"><ele>0.000000</ele><time>2026-09-13T12:24:46.046Z</time></trkpt><trkpt lat="59.157533" lon="11.481982"><ele>0.000000</ele><time>2026-09-13T12:24:47.047Z</time></trkpt><trkpt lat="59.157543" lon="11.482013"><ele>0.000000</ele><time>2026-09-13T12:24:49.049Z</time></trkpt><trkpt lat="59.157554" lon="11.482047"><ele>0.000000</ele><time>2026-09-13T12:24:51.051Z</time></trkpt><trkpt lat="59.157561" lon="11.482067"><ele>0.000000</ele><time>2026-09-13T12:24:52.052Z</time></trkpt><trkpt lat="59.157567" lon="11.482085"><ele>0.000000</ele><time>2026-09-13T12:24:53.053Z</time></trkpt><trkpt lat="59.157574" lon="11.482105"><ele>0.000000</ele><time>2026-09-13T12:24:54.054Z</time></trkpt><trkpt lat="59.157581" lon="11.482124"><ele>0.000000</ele><time>2026-09-13T12:24:55.055Z</time></trkpt><trkpt lat="59.157589" lon="11.482146"><ele>0.000000</ele><time>2026-09-13T12:24:56.056Z</time></trkpt><trkpt lat="59.157605" lon="11.482186"><ele>0.000000</ele><time>2026-09-13T12:24:58.058Z</time></trkpt><trkpt lat="59.157615" lon="11.482207"><ele>0.000000</ele><time>2026-09-13T12:24:59.059Z</time></trkpt><trkpt lat="59.157624" lon="11.482229"><ele>0.000000</ele><time>2026-09-13T12:25:00.000Z</time></trkpt><trkpt lat="59.157633" lon="11.482253"><ele>0.000000</ele><time>2026-09-13T12:25:01.001Z</time></trkpt><trkpt lat="59.157643" lon="11.482277"><ele>0.000000</ele><time>2026-09-13T12:25:02.002Z</time></trkpt><trkpt lat="59.157653" lon="11.482301"><ele>0.000000</ele><time>2026-09-13T12:25:03.003Z</time></trkpt><trkpt lat="59.157663" lon="11.482323"><ele>0.000000</ele><time>2026-09-13T12:25:04.004Z</time></trkpt><trkpt lat="59.157673" lon="11.482346"><ele>0.000000</ele><time>2026-09-13T12:25:05.005Z</time></trkpt><trkpt lat="59.157682" lon="11.482366"><ele>0.000000</ele><time>2026-09-13T12:25:06.006Z</time></trkpt><trkpt lat="59.157691" lon="11.482389"><ele>0.000000</ele><time>2026-09-13T12:25:07.007Z</time></trkpt><trkpt lat="59.157701" lon="11.482412"><ele>0.000000</ele><time>2026-09-13T12:25:08.008Z</time></trkpt><trkpt lat="59.157711" lon="11.482436"><ele>0.000000</ele><time>2026-09-13T12:25:09.009Z</time></trkpt><trkpt lat="59.157722" lon="11.482460"><ele>0.000000</ele><time>2026-09-13T12:25:10.010Z</time></trkpt><trkpt lat="59.157732" lon="11.482486"><ele>0.000000</ele><time>2026-09-13T12:25:11.011Z</time></trkpt><trkpt lat="59.157743" lon="11.482509"><ele>0.000000</ele><time>2026-09-13T12:25:12.012Z</time></trkpt><trkpt lat="59.157753" lon="11.482534"><ele>0.000000</ele><time>2026-09-13T12:25:13.013Z</time></trkpt><trkpt lat="59.157765" lon="11.482556"><ele>0.000000</ele><time>2026-09-13T12:25:14.014Z</time></trkpt><trkpt lat="59.157776" lon="11.482581"><ele>0.000000</ele><time>2026-09-13T12:25:15.015Z</time></trkpt><trkpt lat="59.157786" lon="11.482604"><ele>0.000000</ele><time>2026-09-13T12:25:16.016Z</time></trkpt><trkpt lat="59.157796" lon="11.482627"><ele>0.000000</ele><time>2026-09-13T12:25:17.017Z</time></trkpt><trkpt lat="59.157807" lon="11.482649"><ele>0.000000</ele><time>2026-09-13T12:25:18.018Z</time></trkpt><trkpt lat="59.157817" lon="11.482675"><ele>0.000000</ele><time>2026-09-13T12:25:19.019Z</time></trkpt><trkpt lat="59.157828" lon="11.482699"><ele>0.000000</ele><time>2026-09-13T12:25:20.020Z</time></trkpt><trkpt lat="59.157838" lon="11.482723"><ele>0.000000</ele><time>2026-09-13T12:25:21.021Z</time></trkpt><trkpt lat="59.157849" lon="11.482747"><ele>0.000000</ele><time>2026-09-13T12:25:22.022Z</time></trkpt><trkpt lat="59.157858" lon="11.482771"><ele>0.000000</ele><time>2026-09-13T12:25:23.023Z</time></trkpt><trkpt lat="59.157867" lon="11.482797"><ele>0.000000</ele><time>2026-09-13T12:25:24.024Z</time></trkpt><trkpt lat="59.157877" lon="11.482824"><ele>0.000000</ele><time>2026-09-13T12:25:25.025Z</time></trkpt><trkpt lat="59.157887" lon="11.482853"><ele>0.000000</ele><time>2026-09-13T12:25:26.026Z</time></trkpt><trkpt lat="59.157896" lon="11.482879"><ele>0.000000</ele><time>2026-09-13T12:25:27.027Z</time></trkpt><trkpt lat="59.157907" lon="11.482909"><ele>0.000000</ele><time>2026-09-13T12:25:28.028Z</time></trkpt><trkpt lat="59.157925" lon="11.482963"><ele>0.000000</ele><time>2026-09-13T12:25:30.030Z</time></trkpt><trkpt lat="59.157933" lon="11.482992"><ele>0.000000</ele><time>2026-09-13T12:25:31.031Z</time></trkpt><trkpt lat="59.157942" lon="11.483020"><ele>0.000000</ele><time>2026-09-13T12:25:32.032Z</time></trkpt><trkpt lat="59.157954" lon="11.483045"><ele>0.000000</ele><time>2026-09-13T12:25:33.033Z</time></trkpt><trkpt lat="59.157964" lon="11.483068"><ele>0.000000</ele><time>2026-09-13T12:25:34.034Z</time></trkpt><trkpt lat="59.157975" lon="11.483092"><ele>0.000000</ele><time>2026-09-13T12:25:35.035Z</time></trkpt><trkpt lat="59.157997" lon="11.483141"><ele>0.000000</ele><time>2026-09-13T12:25:37.037Z</time></trkpt><trkpt lat="59.158021" lon="11.483188"><ele>0.000000</ele><time>2026-09-13T12:25:39.039Z</time></trkpt><trkpt lat="59.158045" lon="11.483233"><ele>0.000000</ele><time>2026-09-13T12:25:41.041Z</time></trkpt><trkpt lat="59.158072" lon="11.483277"><ele>0.000000</ele><time>2026-09-13T12:25:43.043Z</time></trkpt><trkpt lat="59.158097" lon="11.483324"><ele>0.000000</ele><time>2026-09-13T12:25:45.045Z</time></trkpt><trkpt lat="59.158118" lon="11.483367"><ele>0.000000</ele><time>2026-09-13T12:25:47.047Z</time></trkpt><trkpt lat="59.158124" lon="11.483389"><ele>0.000000</ele><time>2026-09-13T12:25:48.048Z</time></trkpt><trkpt lat="59.158135" lon="11.483411"><ele>0.000000</ele><time>2026-09-13T12:25:49.049Z</time></trkpt><trkpt lat="59.158146" lon="11.483429"><ele>0.000000</ele><time>2026-09-13T12:25:50.050Z</time></trkpt><trkpt lat="59.158159" lon="11.483447"><ele>0.000000</ele><time>2026-09-13T12:25:51.051Z</time></trkpt><trkpt lat="59.158171" lon="11.483465"><ele>0.000000</ele><time>2026-09-13T12:25:52.052Z</time></trkpt><trkpt lat="59.158184" lon="11.483482"><ele>0.000000</ele><time>2026-09-13T12:25:53.053Z</time></trkpt><trkpt lat="59.158196" lon="11.483500"><ele>0.000000</ele><time>2026-09-13T12:25:54.054Z</time></trkpt><trkpt lat="59.158209" lon="11.483516"><ele>0.000000</ele><time>2026-09-13T12:25:55.055Z</time></trkpt><trkpt lat="59.158223" lon="11.483535"><ele>0.000000</ele><time>2026-09-13T12:25:56.056Z</time></trkpt><trkpt lat="59.158237" lon="11.483552"><ele>0.000000</ele><time>2026-09-13T12:25:57.057Z</time></trkpt><trkpt lat="59.158250" lon="11.483568"><ele>0.000000</ele><time>2026-09-13T12:25:58.058Z</time></trkpt><trkpt lat="59.158263" lon="11.483585"><ele>0.000000</ele><time>2026-09-13T12:25:59.059Z</time></trkpt><trkpt lat="59.158277" lon="11.483602"><ele>0.000000</ele><time>2026-09-13T12:26:00.000Z</time></trkpt><trkpt lat="59.158291" lon="11.483618"><ele>0.000000</ele><time>2026-09-13T12:26:01.001Z</time></trkpt><trkpt lat="59.158304" lon="11.483634"><ele>0.000000</ele><time>2026-09-13T12:26:02.002Z</time></trkpt><trkpt lat="59.158317" lon="11.483650"><ele>0.000000</ele><time>2026-09-13T12:26:03.003Z</time></trkpt><trkpt lat="59.158331" lon="11.483667"><ele>0.000000</ele><time>2026-09-13T12:26:04.004Z</time></trkpt><trkpt lat="59.158344" lon="11.483683"><ele>0.000000</ele><time>2026-09-13T12:26:05.005Z</time></trkpt><trkpt lat="59.158358" lon="11.483698"><ele>0.000000</ele><time>2026-09-13T12:26:06.006Z</time></trkpt><trkpt lat="59.158371" lon="11.483714"><ele>0.000000</ele><time>2026-09-13T12:26:07.007Z</time></trkpt><trkpt lat="59.158385" lon="11.483730"><ele>0.000000</ele><time>2026-09-13T12:26:08.008Z</time></trkpt><trkpt lat="59.158399" lon="11.483746"><ele>0.000000</ele><time>2026-09-13T12:26:09.009Z</time></trkpt><trkpt lat="59.158412" lon="11.483761"><ele>0.000000</ele><time>2026-09-13T12:26:10.010Z</time></trkpt><trkpt lat="59.158425" lon="11.483776"><ele>0.000000</ele><time>2026-09-13T12:26:11.011Z</time></trkpt><trkpt lat="59.158439" lon="11.483793"><ele>0.000000</ele><time>2026-09-13T12:26:12.012Z</time></trkpt><trkpt lat="59.158451" lon="11.483808"><ele>0.000000</ele><time>2026-09-13T12:26:13.013Z</time></trkpt><trkpt lat="59.158465" lon="11.483825"><ele>0.000000</ele><time>2026-09-13T12:26:14.014Z</time></trkpt><trkpt lat="59.158479" lon="11.483843"><ele>0.000000</ele><time>2026-09-13T12:26:15.015Z</time></trkpt><trkpt lat="59.158493" lon="11.483861"><ele>0.000000</ele><time>2026-09-13T12:26:16.016Z</time></trkpt><trkpt lat="59.158518" lon="11.483897"><ele>0.000000</ele><time>2026-09-13T12:26:18.018Z</time></trkpt><trkpt lat="59.158530" lon="11.483914"><ele>0.000000</ele><time>2026-09-13T12:26:19.019Z</time></trkpt><trkpt lat="59.158543" lon="11.483932"><ele>0.000000</ele><time>2026-09-13T12:26:20.020Z</time></trkpt><trkpt lat="59.158556" lon="11.483953"><ele>0.000000</ele><time>2026-09-13T12:26:21.021Z</time></trkpt><trkpt lat="59.158570" lon="11.483973"><ele>0.000000</ele><time>2026-09-13T12:26:22.022Z</time></trkpt><trkpt lat="59.158582" lon="11.483992"><ele>0.000000</ele><time>2026-09-13T12:26:23.023Z</time></trkpt><trkpt lat="59.158595" lon="11.484012"><ele>0.000000</ele><time>2026-09-13T12:26:24.024Z</time></trkpt><trkpt lat="59.158607" lon="11.484033"><ele>0.000000</ele><time>2026-09-13T12:26:25.025Z</time></trkpt><trkpt lat="59.158620" lon="11.484054"><ele>0.000000</ele><time>2026-09-13T12:26:26.026Z</time></trkpt><trkpt lat="59.158645" lon="11.484092"><ele>0.000000</ele><time>2026-09-13T12:26:28.028Z</time></trkpt><trkpt lat="59.158668" lon="11.484128"><ele>0.000000</ele><time>2026-09-13T12:26:30.030Z</time></trkpt><trkpt lat="59.158680" lon="11.484143"><ele>0.000000</ele><time>2026-09-13T12:26:31.031Z</time></trkpt><trkpt lat="59.158693" lon="11.484160"><ele>0.000000</ele><time>2026-09-13T12:26:32.032Z</time></trkpt><trkpt lat="59.158706" lon="11.484175"><ele>0.000000</ele><time>2026-09-13T12:26:33.033Z</time></trkpt><trkpt lat="59.158729" lon="11.484206"><ele>0.000000</ele><time>2026-09-13T12:26:35.035Z</time></trkpt><trkpt lat="59.158750" lon="11.484234"><ele>0.000000</ele><time>2026-09-13T12:26:37.037Z</time></trkpt><trkpt lat="59.158761" lon="11.484245"><ele>0.000000</ele><time>2026-09-13T12:26:38.038Z</time></trkpt><trkpt lat="59.158771" lon="11.484259"><ele>0.000000</ele><time>2026-09-13T12:26:39.039Z</time></trkpt><trkpt lat="59.158781" lon="11.484274"><ele>0.000000</ele><time>2026-09-13T12:26:40.040Z</time></trkpt><trkpt lat="59.158791" lon="11.484290"><ele>0.000000</ele><time>2026-09-13T12:26:41.041Z</time></trkpt><trkpt lat="59.158801" lon="11.484308"><ele>0.000000</ele><time>2026-09-13T12:26:42.042Z</time></trkpt><trkpt lat="59.158821" lon="11.484345"><ele>0.000000</ele><time>2026-09-13T12:26:44.044Z</time></trkpt><trkpt lat="59.158840" lon="11.484383"><ele>0.000000</ele><time>2026-09-13T12:26:46.046Z</time></trkpt><trkpt lat="59.158850" lon="11.484401"><ele>0.000000</ele><time>2026-09-13T12:26:47.047Z</time></trkpt><trkpt lat="59.158858" lon="11.484418"><ele>0.000000</ele><time>2026-09-13T12:26:48.048Z</time></trkpt><trkpt lat="59.158866" lon="11.484436"><ele>0.000000</ele><time>2026-09-13T12:26:49.049Z</time></trkpt><trkpt lat="59.158875" lon="11.484453"><ele>0.000000</ele><time>2026-09-13T12:26:50.050Z</time></trkpt><trkpt lat="59.158884" lon="11.484473"><ele>0.000000</ele><time>2026-09-13T12:26:51.051Z</time></trkpt><trkpt lat="59.158894" lon="11.484492"><ele>0.000000</ele><time>2026-09-13T12:26:52.052Z</time></trkpt><trkpt lat="59.158904" lon="11.484513"><ele>0.000000</ele><time>2026-09-13T12:26:53.053Z</time></trkpt><trkpt lat="59.158914" lon="11.484532"><ele>0.000000</ele><time>2026-09-13T12:26:54.054Z</time></trkpt><trkpt lat="59.158933" lon="11.484565"><ele>0.000000</ele><time>2026-09-13T12:26:56.056Z</time></trkpt><trkpt lat="59.158942" lon="11.484581"><ele>0.000000</ele><time>2026-09-13T12:26:57.057Z</time></trkpt><trkpt lat="59.158953" lon="11.484595"><ele>0.000000</ele><time>2026-09-13T12:26:58.058Z</time></trkpt><trkpt lat="59.158972" lon="11.484621"><ele>0.000000</ele><time>2026-09-13T12:27:00.000Z</time></trkpt><trkpt lat="59.158983" lon="11.484632"><ele>0.000000</ele><time>2026-09-13T12:27:01.001Z</time></trkpt><trkpt lat="59.158994" lon="11.484641"><ele>0.000000</ele><time>2026-09-13T12:27:02.002Z</time></trkpt><trkpt lat="59.159005" lon="11.484650"><ele>0.000000</ele><time>2026-09-13T12:27:03.003Z</time></trkpt><trkpt lat="59.159029" lon="11.484666"><ele>0.000000</ele><time>2026-09-13T12:27:05.005Z</time></trkpt><trkpt lat="59.159051" lon="11.484677"><ele>0.000000</ele><time>2026-09-13T12:27:07.007Z</time></trkpt><trkpt lat="59.159064" lon="11.484679"><ele>0.000000</ele><time>2026-09-13T12:27:08.008Z</time></trkpt><trkpt lat="59.159088" lon="11.484689"><ele>0.000000</ele><time>2026-09-13T12:27:10.010Z</time></trkpt><trkpt lat="59.159111" lon="11.484701"><ele>0.000000</ele><time>2026-09-13T12:27:12.012Z</time></trkpt><trkpt lat="59.159124" lon="11.484707"><ele>0.000000</ele><time>2026-09-13T12:27:13.013Z</time></trkpt><trkpt lat="59.159146" lon="11.484718"><ele>0.000000</ele><time>2026-09-13T12:27:15.015Z</time></trkpt><trkpt lat="59.159157" lon="11.484724"><ele>0.000000</ele><time>2026-09-13T12:27:16.016Z</time></trkpt><trkpt lat="59.159168" lon="11.484731"><ele>0.000000</ele><time>2026-09-13T12:27:17.017Z</time></trkpt><trkpt lat="59.159178" lon="11.484738"><ele>0.000000</ele><time>2026-09-13T12:27:18.018Z</time></trkpt><trkpt lat="59.159188" lon="11.484744"><ele>0.000000</ele><time>2026-09-13T12:27:19.019Z</time></trkpt><trkpt lat="59.159198" lon="11.484750"><ele>0.000000</ele><time>2026-09-13T12:27:20.020Z</time></trkpt><trkpt lat="59.159207" lon="11.484757"><ele>0.000000</ele><time>2026-09-13T12:27:21.021Z</time></trkpt><trkpt lat="59.159225" lon="11.484769"><ele>0.000000</ele><time>2026-09-13T12:27:23.023Z</time></trkpt><trkpt lat="59.159242" lon="11.484780"><ele>0.000000</ele><time>2026-09-13T12:27:25.025Z</time></trkpt><trkpt lat="59.159257" lon="11.484790"><ele>0.000000</ele><time>2026-09-13T12:27:27.027Z</time></trkpt><trkpt lat="59.159271" lon="11.484800"><ele>0.000000</ele><time>2026-09-13T12:27:29.029Z</time></trkpt><trkpt lat="59.159285" lon="11.484808"><ele>0.000000</ele><time>2026-09-13T12:27:31.031Z</time></trkpt><trkpt lat="59.159297" lon="11.484816"><ele>0.000000</ele><time>2026-09-13T12:27:33.033Z</time></trkpt><trkpt lat="59.159309" lon="11.484822"><ele>0.000000</ele><time>2026-09-13T12:27:35.035Z</time></trkpt><trkpt lat="59.159320" lon="11.484827"><ele>0.000000</ele><time>2026-09-13T12:27:37.037Z</time></trkpt><trkpt lat="59.159331" lon="11.484832"><ele>0.000000</ele><time>2026-09-13T12:27:39.039Z</time></trkpt><trkpt lat="59.159342" lon="11.484836"><ele>0.000000</ele><time>2026-09-13T12:27:41.041Z</time></trkpt><trkpt lat="59.159351" lon="11.484839"><ele>0.000000</ele><time>2026-09-13T12:27:43.043Z</time></trkpt><trkpt lat="59.159361" lon="11.484842"><ele>0.000000</ele><time>2026-09-13T12:27:45.045Z</time></trkpt><trkpt lat="59.159370" lon="11.484845"><ele>0.000000</ele><time>2026-09-13T12:27:47.047Z</time></trkpt><trkpt lat="59.159383" lon="11.484849"><ele>0.000000</ele><time>2026-09-13T12:27:50.050Z</time></trkpt><trkpt lat="59.159393" lon="11.484853"><ele>0.000000</ele><time>2026-09-13T12:27:52.052Z</time></trkpt><trkpt lat="59.159410" lon="11.484855"><ele>0.000000</ele><time>2026-09-13T12:27:55.055Z</time></trkpt><trkpt lat="59.159420" lon="11.484860"><ele>0.000000</ele><time>2026-09-13T12:27:57.057Z</time></trkpt><trkpt lat="59.159428" lon="11.484864"><ele>0.000000</ele><time>2026-09-13T12:27:58.058Z</time></trkpt><trkpt lat="59.159441" lon="11.484867"><ele>0.000000</ele><time>2026-09-13T12:28:00.000Z</time></trkpt><trkpt lat="59.159451" lon="11.484869"><ele>0.000000</ele><time>2026-09-13T12:28:01.001Z</time></trkpt><trkpt lat="59.159466" lon="11.484872"><ele>0.000000</ele><time>2026-09-13T12:28:03.003Z</time></trkpt><trkpt lat="59.159475" lon="11.484876"><ele>0.000000</ele><time>2026-09-13T12:28:04.004Z</time></trkpt><trkpt lat="59.159485" lon="11.484878"><ele>0.000000</ele><time>2026-09-13T12:28:05.005Z</time></trkpt><trkpt lat="59.159495" lon="11.484880"><ele>0.000000</ele><time>2026-09-13T12:28:06.006Z</time></trkpt><trkpt lat="59.159504" lon="11.484881"><ele>0.000000</ele><time>2026-09-13T12:28:07.007Z</time></trkpt><trkpt lat="59.159524" lon="11.484881"><ele>0.000000</ele><time>2026-09-13T12:28:09.009Z</time></trkpt><trkpt lat="59.159542" lon="11.484877"><ele>0.000000</ele><time>2026-09-13T12:28:11.011Z</time></trkpt><trkpt lat="59.159553" lon="11.484869"><ele>0.000000</ele><time>2026-09-13T12:28:12.012Z</time></trkpt><trkpt lat="59.159572" lon="11.484855"><ele>0.000000</ele><time>2026-09-13T12:28:14.014Z</time></trkpt><trkpt lat="59.159589" lon="11.484838"><ele>0.000000</ele><time>2026-09-13T12:28:16.016Z</time></trkpt><trkpt lat="59.159598" lon="11.484823"><ele>0.000000</ele><time>2026-09-13T12:28:17.017Z</time></trkpt><trkpt lat="59.159612" lon="11.484800"><ele>0.000000</ele><time>2026-09-13T12:28:19.019Z</time></trkpt><trkpt lat="59.159619" lon="11.484782"><ele>0.000000</ele><time>2026-09-13T12:28:20.020Z</time></trkpt><trkpt lat="59.159631" lon="11.484752"><ele>0.000000</ele><time>2026-09-13T12:28:22.022Z</time></trkpt><trkpt lat="59.159637" lon="11.484731"><ele>0.000000</ele><time>2026-09-13T12:28:23.023Z</time></trkpt><trkpt lat="59.159648" lon="11.484696"><ele>0.000000</ele><time>2026-09-13T12:28:25.025Z</time></trkpt><trkpt lat="59.159653" lon="11.484676"><ele>0.000000</ele><time>2026-09-13T12:28:26.026Z</time></trkpt><trkpt lat="59.159658" lon="11.484656"><ele>0.000000</ele><time>2026-09-13T12:28:27.027Z</time></trkpt><trkpt lat="59.159664" lon="11.484638"><ele>0.000000</ele><time>2026-09-13T12:28:28.028Z</time></trkpt><trkpt lat="59.159669" lon="11.484619"><ele>0.000000</ele><time>2026-09-13T12:28:29.029Z</time></trkpt><trkpt lat="59.159678" lon="11.484587"><ele>0.000000</ele><time>2026-09-13T12:28:31.031Z</time></trkpt><trkpt lat="59.159687" lon="11.484556"><ele>0.000000</ele><time>2026-09-13T12:28:33.033Z</time></trkpt><trkpt lat="59.159693" lon="11.484527"><ele>0.000000</ele><time>2026-09-13T12:28:35.035Z</time></trkpt><trkpt lat="59.159697" lon="11.484500"><ele>0.000000</ele><time>2026-09-13T12:28:37.037Z</time></trkpt><trkpt lat="59.159700" lon="11.484475"><ele>0.000000</ele><time>2026-09-13T12:28:39.039Z</time></trkpt><trkpt lat="59.159701" lon="11.484451"><ele>0.000000</ele><time>2026-09-13T12:28:41.041Z</time></trkpt><trkpt lat="59.159701" lon="11.484429"><ele>0.000000</ele><time>2026-09-13T12:28:43.043Z</time></trkpt><trkpt lat="59.159700" lon="11.484409"><ele>0.000000</ele><time>2026-09-13T12:28:45.045Z</time></trkpt><trkpt lat="59.159698" lon="11.484391"><ele>0.000000</ele><time>2026-09-13T12:28:47.047Z</time></trkpt><trkpt lat="59.159695" lon="11.484367"><ele>0.000000</ele><time>2026-09-13T12:28:50.050Z</time></trkpt><trkpt lat="59.159690" lon="11.484346"><ele>0.000000</ele><time>2026-09-13T12:28:53.053Z</time></trkpt><trkpt lat="59.159684" lon="11.484328"><ele>0.000000</ele><time>2026-09-13T12:28:56.056Z</time></trkpt><trkpt lat="59.159676" lon="11.484314"><ele>0.000000</ele><time>2026-09-13T12:28:59.059Z</time></trkpt><trkpt lat="59.159667" lon="11.484304"><ele>0.000000</ele><time>2026-09-13T12:29:02.002Z</time></trkpt><trkpt lat="59.159660" lon="11.484299"><ele>0.000000</ele><time>2026-09-13T12:29:04.004Z</time></trkpt><trkpt lat="59.159646" lon="11.484291"><ele>0.000000</ele><time>2026-09-13T12:29:08.008Z</time></trkpt><trkpt lat="59.159636" lon="11.484289"><ele>0.000000</ele><time>2026-09-13T12:29:11.011Z</time></trkpt><trkpt lat="59.159622" lon="11.484284"><ele>0.000000</ele><time>2026-09-13T12:29:15.015Z</time></trkpt><trkpt lat="59.159612" lon="11.484286"><ele>0.000000</ele><time>2026-09-13T12:29:18.018Z</time></trkpt><trkpt lat="59.159602" lon="11.484294"><ele>0.000000</ele><time>2026-09-13T12:29:22.022Z</time></trkpt><trkpt lat="59.159592" lon="11.484308"><ele>0.000000</ele><time>2026-09-13T12:29:27.027Z</time></trkpt><trkpt lat="59.159592" lon="11.484331"><ele>0.000000</ele><time>2026-09-13T12:29:33.033Z</time></trkpt><trkpt lat="59.159589" lon="11.484342"><ele>0.000000</ele><time>2026-09-13T12:29:35.035Z</time></trkpt><trkpt lat="59.159580" lon="11.484348"><ele>0.000000</ele><time>2026-09-13T12:29:42.042Z</time></trkpt></trkseg></trk></gpx>