<?xml version="1.0" encoding="UTF-8"?><gpx creator="Paddle Logger https://paddlelogger.com" version="1.0" xmlns="http://www.topografix.com/GPX/1/0" xmlns:xsi="http://www.w3.org/2001/XMLSchema-instance" xsi:schemaLocation="http://www.topografix.com/GPX/1/0 http://www.topografix.com/GPX/1/0/gpx.xsd"><trk><name>Paddle</name><trkseg><trkpt lat="59.159591" lon="11.484323"><ele>0.000000</ele><time>2026-09-14T11:27:36.036Z</time></trkpt><trkpt lat="59.159591" lon="11.484321"><ele>0.000000</ele><time>2026-09-14T11:27:40.040Z</time></trkpt><trkpt lat="59.159597" lon="11.484315"><ele>0.000000</ele><time>2026-09-14T11:27:42.042Z</time></trkpt><trkpt lat="59.159611" lon="11.484296"><ele>0.000000</ele><time>2026-09-14T11:27:46.046Z</time></trkpt><trkpt lat="59.159614" lon="11.484306"><ele>0.000000</ele><time>2026-09-14T11:28:00.000Z</time></trkpt><trkpt lat="59.159618" lon="11.484313"><ele>0.000000</ele><time>2026-09-14T11:28:03.003Z</time></trkpt><trkpt lat="59.159626" lon="11.484315"><ele>0.000000</ele><time>2026-09-14T11:28:05.005Z</time></trkpt><trkpt lat="59.159631" lon="11.484331"><ele>0.000000</ele><time>2026-09-14T11:28:12.012Z</time></trkpt><trkpt lat="59.159631" lon="11.484348"><ele>0.000000</ele><time>2026-09-14T11:28:18.018Z</time></trkpt><trkpt lat="59.159637" lon="11.484361"><ele>0.000000</ele><time>2026-09-14T11:28:25.025Z</time></trkpt><trkpt lat="59.159649" lon="11.484387"><ele>0.000000</ele><time>2026-09-14T11:28:31.031Z</time></trkpt><trkpt lat="59.159660" lon="11.484408"><ele>0.000000</ele><time>2026-09-14T11:28:34.034Z</time></trkpt><trkpt lat="59.159670" lon="11.484434"><ele>0.000000</ele><time>2026-09-14T11:28:37.037Z</time></trkpt><trkpt lat="59.159677" lon="11.484457"><ele>0.000000</ele><time>2026-09-14T11:28:39.039Z</time></trkpt><trkpt lat="59.159682" lon="11.484491"><ele>0.000000</ele><time>2026-09-14T11:28:41.041Z</time></trkpt><trkpt lat="59.159687" lon="11.484524"><ele>0.000000</ele><time>2026-09-14T11:28:43.043Z</time></trkpt><trkpt lat="59.159693" lon="11.484552"><ele>0.000000</ele><time>2026-09-14T11:28:45.045Z</time></trkpt><trkpt lat="59.159696" lon="11.484568"><ele>0.000000</ele><time>2026-09-14T11:28:46.046Z</time></trkpt><trkpt lat="59.159702" lon="11.484599"><ele>0.000000</ele><time>2026-09-14T11:28:48.048Z</time></trkpt><trkpt lat="59.159708" lon="11.484634"><ele>0.000000</ele><time>2026-09-14T11:28:50.050Z</time></trkpt><trkpt lat="59.159715" lon="11.484669"><ele>0.000000</ele><time>2026-09-14T11:28:52.052Z</time></trkpt><trkpt lat="59.159722" lon="11.484703"><ele>0.000000</ele><time>2026-09-14T11:28:54.054Z</time></trkpt><trkpt lat="59.159726" lon="11.484722"><ele>0.000000</ele><time>2026-09-14T11:28:55.055Z</time></trkpt><trkpt lat="59.159731" lon="11.484742"><ele>0.000000</ele><time>2026-09-14T11:28:56.056Z</time></trkpt><trkpt lat="59.159736" lon="11.484764"><ele>0.000000</ele><time>2026-09-14T11:28:57.057Z</time></trkpt><trkpt lat="59.159744" lon="11.484806"><ele>0.000000</ele><time>2026-09-14T11:28:59.059Z</time></trkpt><trkpt lat="59.159749" lon="11.484829"><ele>0.000000</ele><time>2026-09-14T11:29:00.000Z</time></trkpt><trkpt lat="59.159755" lon="11.484853"><ele>0.000000</ele><time>2026-09-14T11:29:01.001Z</time></trkpt><trkpt lat="59.159759" lon="11.484877"><ele>0.000000</ele><time>2026-09-14T11:29:02.002Z</time></trkpt><trkpt lat="59.159764" lon="11.484902"><ele>0.000000</ele><time>2026-09-14T11:29:03.003Z</time></trkpt><trkpt lat="59.159770" lon="11.484927"><ele>0.000000</ele><time>2026-09-14T11:29:04.004Z</time></trkpt><trkpt lat="59.159776" lon="11.484952"><ele>0.000000</ele><time>2026-09-14T11:29:05.005Z</time></trkpt><trkpt lat="59.159781" lon="11.484978"><ele>0.000000</ele><time>2026-09-14T11:29:06.006Z</time></trkpt><trkpt lat="59.159787" lon="11.485003"><ele>0.000000</ele><time>2026-09-14T11:29:07.007Z</time></trkpt><trkpt lat="59.159792" lon="11.485029"><ele>0.000000</ele><time>2026-09-14T11:29:08.008Z</time></trkpt><trkpt lat="59.159798" lon="11.485055"><ele>0.000000</ele><time>2026-09-14T11:29:09.009Z</time></trkpt><trkpt lat="59.159804" lon="11.485083"><ele>0.000000</ele><time>2026-09-14T11:29:10.010Z</time></trkpt><trkpt lat="59.159809" lon="11.485110"><ele>0.000000</ele><time>2026-09-14T11:29:11.011Z</time></trkpt><trkpt lat="59.159815" lon="11.485139"><ele>0.000000</ele><time>2026-09-14T11:29:12.012Z</time></trkpt><trkpt lat="59.159821" lon="11.485166"><ele>0.000000</ele><time>2026-09-14T11:29:13.013Z</time></trkpt><trkpt lat="59.159827" lon="11.485195"><ele>0.000000</ele><time>2026-09-14T11:29:14.014Z</time></trkpt><trkpt lat="59.159832" lon="11.485223"><ele>0.000000</ele><time>2026-09-14T11:29:15.015Z</time></trkpt><trkpt lat="59.159839" lon="11.485252"><ele>0.000000</ele><time>2026-09-14T11:29:16.016Z</time></trkpt><trkpt lat="59.159846" lon="11.485280"><ele>0.000000</ele><time>2026-09-14T11:29:17.017Z</time></trkpt><trkpt lat="59.159853" lon="11.485309"><ele>0.000000</ele><time>2026-09-14T11:29:18.018Z</time></trkpt><trkpt lat="59.159859" lon="11.485337"><ele>0.000000</ele><time>2026-09-14T11:29:19.019Z</time></trkpt><trkpt lat="59.159867" lon="11.485365"><ele>0.000000</ele><time>2026-09-14T11:29:20.020Z</time></trkpt><trkpt lat="59.159874" lon="11.485394"><ele>0.000000</ele><time>2026-09-14T11:29:21.021Z</time></trkpt><trkpt lat="59.159881" lon="11.485422"><ele>0.000000</ele><time>2026-09-14T11:29:22.022Z</time></trkpt><trkpt lat="59.159889" lon="11.485450"><ele>0.000000</ele><time>2026-09-14T11:29:23.023Z</time></trkpt><trkpt lat="59.159897" lon="11.485478"><ele>0.000000</ele><time>2026-09-14T11:29:24.024Z</time></trkpt><trkpt lat="59.159905" lon="11.485507"><ele>0.000000</ele><time>2026-09-14T11:29:25.025Z</time></trkpt><trkpt lat="59.159913" lon="11.485536"><ele>0.000000</ele><time>2026-09-14T11:29:26.026Z</time></trkpt><trkpt lat="59.159921" lon="11.485564"><ele>0.000000</ele><time>2026-09-14T11:29:27.027Z</time></trkpt><trkpt lat="59.159929" lon="11.485592"><ele>0.000000</ele><time>2026-09-14T11:29:28.028Z</time></trkpt><trkpt lat="59.159936" lon="11.485620"><ele>0.000000</ele><time>2026-09-14T11:29:29.029Z</time></trkpt><trkpt lat="59.159943" lon="11.485650"><ele>0.000000</ele><time>2026-09-14T11:29:30.030Z</time></trkpt><trkpt lat="59.159950" lon="11.485680"><ele>0.000000</ele><time>2026-09-14T11:29:31.031Z</time></trkpt><trkpt lat="59.159958" lon="11.485709"><ele>0.000000</ele><time>2026-09-14T11:29:32.032Z</time></trkpt><trkpt lat="59.159965" lon="11.485738"><ele>0.000000</ele><time>2026-09-14T11:29:33.033Z</time></trkpt><trkpt lat="59.159972" lon="11.485767"><ele>0.000000</ele><time>2026-09-14T11:29:34.034Z</time></trkpt><trkpt lat="59.159978" lon="11.485797"><ele>0.000000</ele><time>2026-09-14T11:29:35.035Z</time></trkpt><trkpt lat="59.159985" lon="11.485826"><ele>0.000000</ele><time>2026-09-14T11:29:36.036Z</time></trkpt><trkpt lat="59.159992" lon="11.485856"><ele>0.000000</ele><time>2026-09-14T11:29:37.037Z</time></trkpt><trkpt lat="59.159999" lon="11.485884"><ele>0.000000</ele><time>2026-09-14T11:29:38.038Z</time></trkpt><trkpt lat="59.160006" lon="11.485914"><ele>0.000000</ele><time>2026-09-14T11:29:39.039Z</time></trkpt><trkpt lat="59.160013" lon="11.485943"><ele>0.000000</ele><time>2026-09-14T11:29:40.040Z</time></trkpt><trkpt lat="59.160020" lon="11.485973"><ele>0.000000</ele><time>2026-09-14T11:29:41.041Z</time></trkpt><trkpt lat="59.160027" lon="11.486001"><ele>0.000000</ele><time>2026-09-14T11:29:42.042Z</time></trkpt><trkpt lat="59.160035" lon="11.486031"><ele>0.000000</ele><time>2026-09-14T11:29:43.043Z</time></trkpt><trkpt lat="59.160043" lon="11.486057"><ele>0.000000</ele><time>2026-09-14T11:29:44.044Z</time></trkpt><trkpt lat="59.160051" lon="11.486086"><ele>0.000000</ele><time>2026-09-14T11:29:45.045Z</time></trkpt><trkpt lat="59.160060" lon="11.486114"><ele>0.000000</ele><time>2026-09-14T11:29:46.046Z</time></trkpt><trkpt lat="59.160068" lon="11.486143"><ele>0.000000</ele><time>2026-09-14T11:29:47.047Z</time></trkpt><trkpt lat="59.160076" lon="11.486170"><ele>0.000000</ele><time>2026-09-14T11:29:48.048Z</time></trkpt><trkpt lat="59.160084" lon="11.486198"><ele>0.000000</ele><time>2026-09-14T11:29:49.049Z</time></trkpt><trkpt lat="59.160092" lon="11.486226"><ele>0.000000</ele><time>2026-09-14T11:29:50.050Z</time></trkpt><trkpt lat="59.160100" lon="11.486256"><ele>0.000000</ele><time>2026-09-14T11:29:51.051Z</time></trkpt><trkpt lat="59.160107" lon="11.486284"><ele>0.000000</ele><time>2026-09-14T11:29:52.052Z</time></trkpt><trkpt lat="59.160115" lon="11.486314"><ele>0.000000</ele><time>2026-09-14T11:29:53.053Z</time></trkpt><trkpt lat="59.160122" lon="11.486343"><ele>0.000000</ele><time>2026-09-14T11:29:54.054Z</time></trkpt><trkpt lat="59.160130" lon="11.486373"><ele>0.000000</ele><time>2026-09-14T11:29:55.055Z</time></trkpt><trkpt lat="59.160137" lon="11.486403"><ele>0.000000</ele><time>2026-09-14T11:29:56.056Z</time></trkpt><trkpt lat="59.160144" lon="11.486434"><ele>0.000000</ele><time>2026-09-14T11:29:57.057Z</time></trkpt><trkpt lat="59.160150" lon="11.486464"><ele>0.000000</ele><time>2026-09-14T11:29:58.058Z</time></trkpt><trkpt lat="59.160157" lon="11.486496"><ele>0.000000</ele><time>2026-09-14T11:29:59.059Z</time></trkpt><trkpt lat="59.160163" lon="11.486526"><ele>0.000000</ele><time>2026-09-14T11:30:00.000Z</time></trkpt><trkpt lat="59.160170" lon="11.486559"><ele>0.000000</ele><time>2026-09-14T11:30:01.001Z</time></trkpt><trkpt lat="59.160176" lon="11.486589"><ele>0.000000</ele><time>2026-09-14T11:30:02.002Z</time></trkpt><trkpt lat="59.160182" lon="11.486622"><ele>0.000000</ele><time>2026-09-14T11:30:03.003Z</time></trkpt><trkpt lat="59.160188" lon="11.486652"><ele>0.000000</ele><time>2026-09-14T11:30:04.004Z</time></trkpt><trkpt lat="59.160193" lon="11.486685"><ele>0.000000</ele><time>2026-09-14T11:30:05.005Z</time></trkpt><trkpt lat="59.160199" lon="11.486714"><ele>0.000000</ele><time>2026-09-14T11:30:06.006Z</time></trkpt><trkpt lat="59.160205" lon="11.486745"><ele>0.000000</ele><time>2026-09-14T11:30:07.007Z</time></trkpt><trkpt lat="59.160211" lon="11.486774"><ele>0.000000</ele><time>2026-09-14T11:30:08.008Z</time></trkpt><trkpt lat="59.160217" lon="11.486805"><ele>0.000000</ele><time>2026-09-14T11:30:09.009Z</time></trkpt><trkpt lat="59.160224" lon="11.486835"><ele>0.000000</ele><time>2026-09-14T11:30:10.010Z</time></trkpt><trkpt lat="59.160230" lon="11.486867"><ele>0.000000</ele><time>2026-09-14T11:30:11.011Z</time></trkpt><trkpt lat="59.160237" lon="11.486897"><ele>0.000000</ele><time>2026-09-14T11:30:12.012Z</time></trkpt><trkpt lat="59.160244" lon="11.486928"><ele>0.000000</ele><time>2026-09-14T11:30:13.013Z</time></trkpt><trkpt lat="59.160251" lon="11.486958"><ele>0.000000</ele><time>2026-09-14T11:30:14.014Z</time></trkpt><trkpt lat="59.160257" lon="11.486988"><ele>0.000000</ele><time>2026-09-14T11:30:15.015Z</time></trkpt><trkpt lat="59.160271" lon="11.487048"><ele>0.000000</ele><time>2026-09-14T11:30:17.017Z</time></trkpt><trkpt lat="59.160277" lon="11.487078"><ele>0.000000</ele><time>2026-09-14T11:30:18.018Z</time></trkpt><trkpt lat="59.160285" lon="11.487109"><ele>0.000000</ele><time>2026-09-14T11:30:19.019Z</time></trkpt><trkpt lat="59.160292" lon="11.487138"><ele>0.000000</ele><time>2026-09-14T11:30:20.020Z</time></trkpt><trkpt lat="59.160299" lon="11.487169"><ele>0.000000</ele><time>2026-09-14T11:30:21.021Z</time></trkpt><trkpt lat="59.160306" lon="11.487199"><ele>0.000000</ele><time>2026-09-14T11:30:22.022Z</time></trkpt><trkpt lat="59.160313" lon="11.487231"><ele>0.000000</ele><time>2026-09-14T11:30:23.023Z</time></trkpt><trkpt lat="59.160319" lon="11.487260"><ele>0.000000</ele><time>2026-09-14T11:30:24.024Z</time></trkpt><trkpt lat="59.160326" lon="11.487292"><ele>0.000000</ele><time>2026-09-14T11:30:25.025Z</time></trkpt><trkpt lat="59.160333" lon="11.487320"><ele>0.000000</ele><time>2026-09-14T11:30:26.026Z</time></trkpt><trkpt lat="59.160339" lon="11.487351"><ele>0.000000</ele><time>2026-09-14T11:30:27.027Z</time></trkpt><trkpt lat="59.160346" lon="11.487380"><ele>0.000000</ele><time>2026-09-14T11:30:28.028Z</time></trkpt><trkpt lat="59.160352" lon="11.487411"><ele>0.000000</ele><time>2026-09-14T11:30:29.029Z</time></trkpt><trkpt lat="59.160358" lon="11.487440"><ele>0.000000</ele><time>2026-09-14T11:30:30.030Z</time></trkpt><trkpt lat="59.160364" lon="11.487471"><ele>0.000000</ele><time>2026-09-14T11:30:31.031Z</time></trkpt><trkpt lat="59.160371" lon="11.487500"><ele>0.000000</ele><time>2026-09-14T11:30:32.032Z</time></trkpt><trkpt lat="59.160377" lon="11.487529"><ele>0.000000</ele><time>2026-09-14T11:30:33.033Z</time></trkpt><trkpt lat="59.160384" lon="11.487556"><ele>0.000000</ele><time>2026-09-14T11:30:34.034Z</time></trkpt><trkpt lat="59.160391" lon="11.487587"><ele>0.000000</ele><time>2026-09-14T11:30:35.035Z</time></trkpt><trkpt lat="59.160397" lon="11.487616"><ele>0.000000</ele><time>2026-09-14T11:30:36.036Z</time></trkpt><trkpt lat="59.160403" lon="11.487647"><ele>0.000000</ele><time>2026-09-14T11:30:37.037Z</time></trkpt><trkpt lat="59.160410" lon="11.487678"><ele>0.000000</ele><time>2026-09-14T11:30:38.038Z</time></trkpt><trkpt lat="59.160416" lon="11.487710"><ele>0.000000</ele><time>2026-09-14T11:30:39.039Z</time></trkpt><trkpt lat="59.160422" lon="11.487740"><ele>0.000000</ele><time>2026-09-14T11:30:40.040Z</time></trkpt><trkpt lat="59.160429" lon="11.487772"><ele>0.000000</ele><time>2026-09-14T11:30:41.041Z</time></trkpt><trkpt lat="59.160435" lon="11.487802"><ele>0.000000</ele><time>2026-09-14T11:30:42.042Z</time></trkpt><trkpt lat="59.160442" lon="11.487834"><ele>0.000000</ele><time>2026-09-14T11:30:43.043Z</time></trkpt><trkpt lat="59.160448" lon="11.487865"><ele>0.000000</ele><time>2026-09-14T11:30:44.044Z</time></trkpt><trkpt lat="59.160455" lon="11.487897"><ele>0.000000</ele><time>2026-09-14T11:30:45.045Z</time></trkpt><trkpt lat="59.160461" lon="11.487929"><ele>0.000000</ele><time>2026-09-14T11:30:46.046Z</time></trkpt><trkpt lat="59.160467" lon="11.487962"><ele>0.000000</ele><time>2026-09-14T11:30:47.047Z</time></trkpt><trkpt lat="59.160473" lon="11.487992"><ele>0.000000</ele><time>2026-09-14T11:30:48.048Z</time></trkpt><trkpt lat="59.160479" lon="11.488024"><ele>0.000000</ele><time>2026-09-14T11:30:49.049Z</time></trkpt><trkpt lat="59.160485" lon="11.488054"><ele>0.000000</ele><time>2026-09-14T11:30:50.050Z</time></trkpt><trkpt lat="59.160491" lon="11.488085"><ele>0.000000</ele><time>2026-09-14T11:30:51.051Z</time></trkpt><trkpt lat="59.160498" lon="11.488116"><ele>0.000000</ele><time>2026-09-14T11:30:52.052Z</time></trkpt><trkpt lat="59.160504" lon="11.488147"><ele>0.000000</ele><time>2026-09-14T11:30:53.053Z</time></trkpt><trkpt lat="59.160510" lon="11.488177"><ele>0.000000</ele><time>2026-09-14T11:30:54.054Z</time></trkpt><trkpt lat="59.160516" lon="11.488208"><ele>0.000000</ele><time>2026-09-14T11:30:55.055Z</time></trkpt><trkpt lat="59.160522" lon="11.488236"><ele>0.000000</ele><time>2026-09-14T11:30:56.056Z</time></trkpt><trkpt lat="59.160527" lon="11.488267"><ele>0.000000</ele><time>2026-09-14T11:30:57.057Z</time></trkpt><trkpt lat="59.160532" lon="11.488299"><ele>0.000000</ele><time>2026-09-14T11:30:58.058Z</time></trkpt><trkpt lat="59.160538" lon="11.488331"><ele>0.000000</ele><time>2026-09-14T11:30:59.059Z</time></trkpt><trkpt lat="59.160544" lon="11.488361"><ele>0.000000</ele><time>2026-09-14T11:31:00.000Z</time></trkpt><trkpt lat="59.160550" lon="11.488392"><ele>0.000000</ele><time>2026-09-14T11:31:01.001Z</time></trkpt><trkpt lat="59.160556" lon="11.488423"><ele>0.000000</ele><time>2026-09-14T11:31:02.002Z</time></trkpt><trkpt lat="59.160562" lon="11.488454"><ele>0.000000</ele><time>2026-09-14T11:31:03.003Z</time></trkpt><trkpt lat="59.160568" lon="11.488485"><ele>0.000000</ele><time>2026-09-14T11:31:04.004Z</time></trkpt><trkpt lat="59.160575" lon="11.488516"><ele>0.000000</ele><time>2026-09-14T11:31:05.005Z</time></trkpt><trkpt lat="59.160582" lon="11.488547"><ele>0.000000</ele><time>2026-09-14T11:31:06.006Z</time></trkpt><trkpt lat="59.160589" lon="11.488578"><ele>0.000000</ele><time>2026-09-14T11:31:07.007Z</time></trkpt><trkpt lat="59.160596" lon="11.488609"><ele>0.000000</ele><time>2026-09-14T11:31:08.008Z</time></trkpt><trkpt lat="59.160602" lon="11.488639"><ele>0.000000</ele><time>2026-09-14T11:31:09.009Z</time></trkpt><trkpt lat="59.160610" lon="11.488670"><ele>0.000000</ele><time>2026-09-14T11:31:10.010Z</time></trkpt><trkpt lat="59.160617" lon="11.488701"><ele>0.000000</ele><time>2026-09-14T11:31:11.011Z</time></trkpt><trkpt lat="59.160625" lon="11.488732"><ele>0.000000</ele><time>2026-09-14T11:31:12.012Z</time></trkpt><trkpt lat="59.160632" lon="11.488762"><ele>0.000000</ele><time>2026-09-14T11:31:13.013Z</time></trkpt><trkpt lat="59.160640" lon="11.488794"><ele>0.000000</ele><time>2026-09-14T11:31:14.014Z</time></trkpt><trkpt lat="59.160648" lon="11.488824"><ele>0.000000</ele><time>2026-09-14T11:31:15.015Z</time></trkpt><trkpt lat="59.160655" lon="11.488856"><ele>0.000000</ele><time>2026-09-14T11:31:16.016Z</time></trkpt><trkpt lat="59.160663" lon="11.488887"><ele>0.000000</ele><time>2026-09-14T11:31:17.017Z</time></trkpt><trkpt lat="59.160671" lon="11.488919"><ele>0.000000</ele><time>2026-09-14T11:31:18.018Z</time></trkpt><trkpt lat="59.160679" lon="11.488950"><ele>0.000000</ele><time>2026-09-14T11:31:19.019Z</time></trkpt><trkpt lat="59.160686" lon="11.488981"><ele>0.000000</ele><time>2026-09-14T11:31:20.020Z</time></trkpt><trkpt lat="59.160693" lon="11.489012"><ele>0.000000</ele><time>2026-09-14T11:31:21.021Z</time></trkpt><trkpt lat="59.160700" lon="11.489044"><ele>0.000000</ele><time>2026-09-14T11:31:22.022Z</time></trkpt><trkpt lat="59.160706" lon="11.489074"><ele>0.000000</ele><time>2026-09-14T11:31:23.023Z</time></trkpt><trkpt lat="59.160713" lon="11.489106"><ele>0.000000</ele><time>2026-09-14T11:31:24.024Z</time></trkpt><trkpt lat="59.160720" lon="11.489136"><ele>0.000000</ele><time>2026-09-14T11:31:25.025Z</time></trkpt><trkpt lat="59.160726" lon="11.489167"><ele>0.000000</ele><time>2026-09-14T11:31:26.026Z</time></trkpt><trkpt lat="59.160732" lon="11.489197"><ele>0.000000</ele><time>2026-09-14T11:31:27.027Z</time></trkpt><trkpt lat="59.160738" lon="11.489228"><ele>0.000000</ele><time>2026-09-14T11:31:28.028Z</time></trkpt><trkpt lat="59.160744" lon="11.489258"><ele>0.000000</ele><time>2026-09-14T11:31:29.029Z</time></trkpt><trkpt lat="59.160750" lon="11.489290"><ele>0.000000</ele><time>2026-09-14T11:31:30.030Z</time></trkpt><trkpt lat="59.160756" lon="11.489321"><ele>0.000000</ele><time>2026-09-14T11:31:31.031Z</time></trkpt><trkpt lat="59.160762" lon="11.489351"><ele>0.000000</ele><time>2026-09-14T11:31:32.032Z</time></trkpt><trkpt lat="59.160768" lon="11.489382"><ele>0.000000</ele><time>2026-09-14T11:31:33.033Z</time></trkpt><trkpt lat="59.160773" lon="11.489413"><ele>0.000000</ele><time>2026-09-14T11:31:34.034Z</time></trkpt><trkpt lat="59.160780" lon="11.489444"><ele>0.000000</ele><time>2026-09-14T11:31:35.035Z</time></trkpt><trkpt lat="59.160786" lon="11.489476"><ele>0.000000</ele><time>2026-09-14T11:31:36.036Z</time></trkpt><trkpt lat="59.160792" lon="11.489509"><ele>0.000000</ele><time>2026-09-14T11:31:37.037Z</time></trkpt><trkpt lat="59.160799" lon="11.489542"><ele>0.000000</ele><time>2026-09-14T11:31:38.038Z</time></trkpt><trkpt lat="59.160806" lon="11.489573"><ele>0.000000</ele><time>2026-09-14T11:31:39.039Z</time></trkpt><trkpt lat="59.160812" lon="11.489604"><ele>0.000000</ele><time>2026-09-14T11:31:40.040Z</time></trkpt><trkpt lat="59.160819" lon="11.489636"><ele>0.000000</ele><time>2026-09-14T11:31:41.041Z</time></trkpt><trkpt lat="59.160825" lon="11.489668"><ele>0.000000</ele><time>2026-09-14T11:31:42.042Z</time></trkpt><trkpt lat="59.160832" lon="11.489699"><ele>0.000000</ele><time>2026-09-14T11:31:43.043Z</time></trkpt><trkpt lat="59.160838" lon="11.489731"><ele>0.000000</ele><time>2026-09-14T11:31:44.044Z</time></trkpt><trkpt lat="59.160844" lon="11.489764"><ele>0.000000</ele><time>2026-09-14T11:31:45.045Z</time></trkpt><trkpt lat="59.160851" lon="11.489796"><ele>0.000000</ele><time>2026-09-14T11:31:46.046Z</time></trkpt><trkpt lat="59.160857" lon="11.489829"><ele>0.000000</ele><time>2026-09-14T11:31:47.047Z</time></trkpt><trkpt lat="59.160864" lon="11.489861"><ele>0.000000</ele><time>2026-09-14T11:31:48.048Z</time></trkpt><trkpt lat="59.160871" lon="11.489892"><ele>0.000000</ele><time>2026-09-14T11:31:49.049Z</time></trkpt><trkpt lat="59.160878" lon="11.489924"><ele>0.000000</ele><time>2026-09-14T11:31:50.050Z</time></trkpt><trkpt lat="59.160884" lon="11.489956"><ele>0.000000</ele><time>2026-09-14T11:31:51.051Z</time></trkpt><trkpt lat="59.160891" lon="11.489988"><ele>0.000000</ele><time>2026-09-14T11:31:52.052Z</time></trkpt><trkpt lat="59.160897" lon="11.490019"><ele>0.000000</ele><time>2026-09-14T11:31:53.053Z</time></trkpt><trkpt lat="59.160903" lon="11.490048"><ele>0.000000</ele><time>2026-09-14T11:31:54.054Z</time></trkpt><trkpt lat="59.160909" lon="11.490079"><ele>0.000000</ele><time>2026-09-14T11:31:55.055Z</time></trkpt><trkpt lat="59.160916" lon="11.490110"><ele>0.000000</ele><time>2026-09-14T11:31:56.056Z</time></trkpt><trkpt lat="59.160922" lon="11.490143"><ele>0.000000</ele><time>2026-09-14T11:31:57.057Z</time></trkpt><trkpt lat="59.160929" lon="11.490175"><ele>0.000000</ele><time>2026-09-14T11:31:58.058Z</time></trkpt><trkpt lat="59.160935" lon="11.490206"><ele>0.000000</ele><time>2026-09-14T11:31:59.059Z</time></trkpt><trkpt lat="59.160942" lon="11.490236"><ele>0.000000</ele><time>2026-09-14T11:32:00.000Z</time></trkpt><trkpt lat="59.160949" lon="11.490267"><ele>0.000000</ele><time>2026-09-14T11:32:01.001Z</time></trkpt><trkpt lat="59.160955" lon="11.490298"><ele>0.000000</ele><time>2026-09-14T11:32:02.002Z</time></trkpt><trkpt lat="59.160962" lon="11.490328"><ele>0.000000</ele><time>2026-09-14T11:32:03.003Z</time></trkpt><trkpt lat="59.160968" lon="11.490360"><ele>0.000000</ele><time>2026-09-14T11:32:04.004Z</time></trkpt><trkpt lat="59.160974" lon="11.490391"><ele>0.000000</ele><time>2026-09-14T11:32:05.005Z</time></trkpt><trkpt lat="59.160981" lon="11.490420"><ele>0.000000</ele><time>2026-09-14T11:32:06.006Z</time></trkpt><trkpt lat="59.160988" lon="11.490453"><ele>0.000000</ele><time>2026-09-14T11:32:07.007Z</time></trkpt><trkpt lat="59.160993" lon="11.490484"><ele>0.000000</ele><time>2026-09-14T11:32:08.008Z</time></trkpt><trkpt lat="59.160999" lon="11.490516"><ele>0.000000</ele><time>2026-09-14T11:32:09.009Z</time></trkpt><trkpt lat="59.161005" lon="11.490548"><ele>0.000000</ele><time>2026-09-14T11:32:10.010Z</time></trkpt><trkpt lat="59.161012" lon="11.490581"><ele>0.000000</ele><time>2026-09-14T11:32:11.011Z</time></trkpt><trkpt lat="59.161018" lon="11.490613"><ele>0.000000</ele><time>2026-09-14T11:32:12.012Z</time></trkpt><trkpt lat="59.161024" lon="11.490645"><ele>0.000000</ele><time>2026-09-14T11:32:13.013Z</time></trkpt><trkpt lat="59.161030" lon="11.490675"><ele>0.000000</ele><time>2026-09-14T11:32:14.014Z</time></trkpt><trkpt lat="59.161036" lon="11.490707"><ele>0.000000</ele><time>2026-09-14T11:32:15.015Z</time></trkpt><trkpt lat="59.161043" lon="11.490738"><ele>0.000000</ele><time>2026-09-14T11:32:16.016Z</time></trkpt><trkpt lat="59.161049" lon="11.490770"><ele>0.000000</ele><time>2026-09-14T11:32:17.017Z</time></trkpt><trkpt lat="59.161055" lon="11.490800"><ele>0.000000</ele><time>2026-09-14T11:32:18.018Z</time></trkpt><trkpt lat="59.161061" lon="11.490833"><ele>0.000000</ele><time>2026-09-14T11:32:19.019Z</time></trkpt><trkpt lat="59.161067" lon="11.490863"><ele>0.000000</ele><time>2026-09-14T11:32:20.020Z</time></trkpt><trkpt lat="59.161073" lon="11.490896"><ele>0.000000</ele><time>2026-09-14T11:32:21.021Z</time></trkpt><trkpt lat="59.161079" lon="11.490926"><ele>0.000000</ele><time>2026-09-14T11:32:22.022Z</time></trkpt><trkpt lat="59.161085" lon="11.490958"><ele>0.000000</ele><time>2026-09-14T11:32:23.023Z</time></trkpt><trkpt lat="59.161091" lon="11.490988"><ele>0.000000</ele><time>2026-09-14T11:32:24.024Z</time></trkpt><trkpt lat="59.161097" lon="11.491022"><ele>0.000000</ele><time>2026-09-14T11:32:25.025Z</time></trkpt><trkpt lat="59.161103" lon="11.491055"><ele>0.000000</ele><time>2026-09-14T11:32:26.026Z</time></trkpt><trkpt lat="59.161110" lon="11.491088"><ele>0.000000</ele><time>2026-09-14T11:32:27.027Z</time></trkpt><trkpt lat="59.161117" lon="11.491120"><ele>0.000000</ele><time>2026-09-14T11:32:28.028Z</time></trkpt><trkpt lat="59.161124" lon="11.491151"><ele>0.000000</ele><time>2026-09-14T11:32:29.029Z</time></trkpt><trkpt lat="59.161131" lon="11.491181"><ele>0.000000</ele><time>2026-09-14T11:32:30.030Z</time></trkpt><trkpt lat="59.161138" lon="11.491213"><ele>0.000000</ele><time>2026-09-14T11:32:31.031Z</time></trkpt><trkpt lat="59.161144" lon="11.491243"><ele>0.000000</ele><time>2026-09-14T11:32:32.032Z</time></trkpt><trkpt lat="59.161152" lon="11.491274"><ele>0.000000</ele><time>2026-09-14T11:32:33.033Z</time></trkpt><trkpt lat="59.161159" lon="11.491303"><ele>0.000000</ele><time>2026-09-14T11:32:34.034Z</time></trkpt><trkpt lat="59.161166" lon="11.491333"><ele>0.000000</ele><time>2026-09-14T11:32:35.035Z</time></trkpt><trkpt lat="59.161173" lon="11.491362"><ele>0.000000</ele><time>2026-09-14T11:32:36.036Z</time></trkpt><trkpt lat="59.161181" lon="11.491394"><ele>0.000000</ele><time>2026-09-14T11:32:37.037Z</time></trkpt><trkpt lat="59.161188" lon="11.491424"><ele>0.000000</ele><time>2026-09-14T11:32:38.038Z</time></trkpt><trkpt lat="59.161195" lon="11.491455"><ele>0.000000</ele><time>2026-09-14T11:32:39.039Z</time></trkpt><trkpt lat="59.161201" lon="11.491485"><ele>0.000000</ele><time>2026-09-14T11:32:40.040Z</time></trkpt><trkpt lat="59.161208" lon="11.491516"><ele>0.000000</ele><time>2026-09-14T11:32:41.041Z</time></trkpt><trkpt lat="59.161214" lon="11.491547"><ele>0.000000</ele><time>2026-09-14T11:32:42.042Z</time></trkpt><trkpt lat="59.161219" lon="11.491579"><ele>0.000000</ele><time>2026-09-14T11:32:43.043Z</time></trkpt><trkpt lat="59.161225" lon="11.491611"><ele>0.000000</ele><time>2026-09-14T11:32:44.044Z</time></trkpt><trkpt lat="59.161230" lon="11.491643"><ele>0.000000</ele><time>2026-09-14T11:32:45.045Z</time></trkpt><trkpt lat="59.161235" lon="11.491674"><ele>0.000000</ele><time>2026-09-14T11:32:46.046Z</time></trkpt><trkpt lat="59.161240" lon="11.491707"><ele>0.000000</ele><time>2026-09-14T11:32:47.047Z</time></trkpt><trkpt lat="59.161246" lon="11.491739"><ele>0.000000</ele><time>2026-09-14T11:32:48.048Z</time></trkpt><trkpt lat="59.161251" lon="11.491772"><ele>0.000000</ele><time>2026-09-14T11:32:49.049Z</time></trkpt><trkpt lat="59.161256" lon="11.491803"><ele>0.000000</ele><time>2026-09-14T11:32:50.050Z</time></trkpt><trkpt lat="59.161262" lon="11.491834"><ele>0.000000</ele><time>2026-09-14T11:32:51.051Z</time></trkpt><trkpt lat="59.161268" lon="11.491866"><ele>0.000000</ele><time>2026-09-14T11:32:52.052Z</time></trkpt><trkpt lat="59.161274" lon="11.491897"><ele>0.000000</ele><time>2026-09-14T11:32:53.053Z</time></trkpt><trkpt lat="59.161280" lon="11.491929"><ele>0.000000</ele><time>2026-09-14T11:32:54.054Z</time></trkpt><trkpt lat="59.161286" lon="11.491960"><ele>0.000000</ele><time>2026-09-14T11:32:55.055Z</time></trkpt><trkpt lat="59.161293" lon="11.491992"><ele>0.000000</ele><time>2026-09-14T11:32:56.056Z</time></trkpt><trkpt lat="59.161299" lon="11.492023"><ele>0.000000</ele><time>2026-09-14T11:32:57.057Z</time></trkpt><trkpt lat="59.161306" lon="11.492057"><ele>0.000000</ele><time>2026-09-14T11:32:58.058Z</time></trkpt><trkpt lat="59.161313" lon="11.492089"><ele>0.000000</ele><time>2026-09-14T11:32:59.059Z</time></trkpt><trkpt lat="59.161319" lon="11.492122"><ele>0.000000</ele><time>2026-09-14T11:33:00.000Z</time></trkpt><trkpt lat="59.161325" lon="11.492154"><ele>0.000000</ele><time>2026-09-14T11:33:01.001Z</time></trkpt><trkpt lat="59.161331" lon="11.492188"><ele>0.000000</ele><time>2026-09-14T11:33:02.002Z</time></trkpt><trkpt lat="59.161337" lon="11.492219"><ele>0.000000</ele><time>2026-09-14T11:33:03.003Z</time></trkpt><trkpt lat="59.161344" lon="11.492253"><ele>0.000000</ele><time>2026-09-14T11:33:04.004Z</time></trkpt><trkpt lat="59.161350" lon="11.492285"><ele>0.000000</ele><time>2026-09-14T11:33:05.005Z</time></trkpt><trkpt lat="59.161357" lon="11.492319"><ele>0.000000</ele><time>2026-09-14T11:33:06.006Z</time></trkpt><trkpt lat="59.161363" lon="11.492352"><ele>0.000000</ele><time>2026-09-14T11:33:07.007Z</time></trkpt><trkpt lat="59.161369" lon="11.492385"><ele>0.000000</ele><time>2026-09-14T11:33:08.008Z</time></trkpt><trkpt lat="59.161375" lon="11.492416"><ele>0.000000</ele><time>2026-09-14T11:33:09.009Z</time></trkpt><trkpt lat="59.161382" lon="11.492448"><ele>0.000000</ele><time>2026-09-14T11:33:10.010Z</time></trkpt><trkpt lat="59.161388" lon="11.492480"><ele>0.000000</ele><time>2026-09-14T11:33:11.011Z</time></trkpt><trkpt lat="59.161393" lon="11.492514"><ele>0.000000</ele><time>2026-09-14T11:33:12.012Z</time></trkpt><trkpt lat="59.161399" lon="11.492546"><ele>0.000000</ele><time>2026-09-14T11:33:13.013Z</time></trkpt><trkpt lat="59.161405" lon="11.492579"><ele>0.000000</ele><time>2026-09-14T11:33:14.014Z</time></trkpt><trkpt lat="59.161411" lon="11.492610"><ele>0.000000</ele><time>2026-09-14T11:33:15.015Z</time></trkpt><trkpt lat="59.161416" lon="11.492643"><ele>0.000000</ele><time>2026-09-14T11:33:16.016Z</time></trkpt><trkpt lat="59.161422" lon="11.492676"><ele>0.000000</ele><time>2026-09-14T11:33:17.017Z</time></trkpt><trkpt lat="59.161429" lon="11.492709"><ele>0.000000</ele><time>2026-09-14T11:33:18.018Z</time></trkpt><trkpt lat="59.161435" lon="11.492742"><ele>0.000000</ele><time>2026-09-14T11:33:19.019Z</time></trkpt><trkpt lat="59.161441" lon="11.492774"><ele>0.000000</ele><time>2026-09-14T11:33:20.020Z</time></trkpt><trkpt lat="59.161447" lon="11.492808"><ele>0.000000</ele><time>2026-09-14T11:33:21.021Z</time></trkpt><trkpt lat="59.161453" lon="11.492841"><ele>0.000000</ele><time>2026-09-14T11:33:22.022Z</time></trkpt><trkpt lat="59.161459" lon="11.492873"><ele>0.000000</ele><time>2026-09-14T11:33:23.023Z</time></trkpt><trkpt lat="59.161466" lon="11.492906"><ele>0.000000</ele><time>2026-09-14T11:33:24.024Z</time></trkpt><trkpt lat="59.161473" lon="11.492938"><ele>0.000000</ele><time>2026-09-14T11:33:25.025Z</time></trkpt><trkpt lat="59.161479" lon="11.492969"><ele>0.000000</ele><time>2026-09-14T11:33:26.026Z</time></trkpt><trkpt lat="59.161486" lon="11.493003"><ele>0.000000</ele><time>2026-09-14T11:33:27.027Z</time></trkpt><trkpt lat="59.161492" lon="11.493035"><ele>0.000000</ele><time>2026-09-14T11:33:28.028Z</time></trkpt><trkpt lat="59.161499" lon="11.493067"><ele>0.000000</ele><time>2026-09-14T11:33:29.029Z</time></trkpt><trkpt lat="59.161505" lon="11.493101"><ele>0.000000</ele><time>2026-09-14T11:33:30.030Z</time></trkpt><trkpt lat="59.161510" lon="11.493135"><ele>0.000000</ele><time>2026-09-14T11:33:31.031Z</time></trkpt><trkpt lat="59.161516" lon="11.493168"><ele>0.000000</ele><time>2026-09-14T11:33:32.032Z</time></trkpt><trkpt lat="59.161522" lon="11.493202"><ele>0.000000</ele><time>2026-09-14T11:33:33.033Z</time></trkpt><trkpt lat="59.161529" lon="11.493234"><ele>0.000000</ele><time>2026-09-14T11:33:34.034Z</time></trkpt><trkpt lat="59.161537" lon="11.493268"><ele>0.000000</ele><time>2026-09-14T11:33:35.035Z</time></trkpt><trkpt lat="59.161543" lon="11.493300"><ele>0.000000</ele><time>2026-09-14T11:33:36.036Z</time></trkpt><trkpt lat="59.161549" lon="11.493333"><ele>0.000000</ele><time>2026-09-14T11:33:37.037Z</time></trkpt><trkpt lat="59.161556" lon="11.493364"><ele>0.000000</ele><time>2026-09-14T11:33:38.038Z</time></trkpt><trkpt lat="59.161563" lon="11.493398"><ele>0.000000</ele><time>2026-09-14T11:33:39.039Z</time></trkpt><trkpt lat="59.161569" lon="11.493430"><ele>0.000000</ele><time>2026-09-14T11:33:40.040Z</time></trkpt><trkpt lat="59.161576" lon="11.493463"><ele>0.000000</ele><time>2026-09-14T11:33:41.041Z</time></trkpt><trkpt lat="59.161582" lon="11.493494"><ele>0.000000</ele><time>2026-09-14T11:33:42.042Z</time></trkpt><trkpt lat="59.161588" lon="11.493527"><ele>0.000000</ele><time>2026-09-14T11:33:43.043Z</time></trkpt><trkpt lat="59.161594" lon="11.493558"><ele>0.000000</ele><time>2026-09-14T11:33:44.044Z</time></trkpt><trkpt lat="59.161601" lon="11.493590"><ele>0.000000</ele><time>2026-09-14T11:33:45.045Z</time></trkpt><trkpt lat="59.161608" lon="11.493621"><ele>0.000000</ele><time>2026-09-14T11:33:46.046Z</time></trkpt><trkpt lat="59.161614" lon="11.493652"><ele>0.000000</ele><time>2026-09-14T11:33:47.047Z</time></trkpt><trkpt lat="59.161621" lon="11.493682"><ele>0.000000</ele><time>2026-09-14T11:33:48.048Z</time></trkpt><trkpt lat="59.161627" lon="11.493712"><ele>0.000000</ele><time>2026-09-14T11:33:49.049Z</time></trkpt><trkpt lat="59.161634" lon="11.493742"><ele>0.000000</ele><time>2026-09-14T11:33:50.050Z</time></trkpt><trkpt lat="59.161640" lon="11.493772"><ele>0.000000</ele><time>2026-09-14T11:33:51.051Z</time></trkpt><trkpt lat="59.161647" lon="11.493801"><ele>0.000000</ele><time>2026-09-14T11:33:52.052Z</time></trkpt><trkpt lat="59.161653" lon="11.493831"><ele>0.000000</ele><time>2026-09-14T11:33:53.053Z</time></trkpt><trkpt lat="59.161660" lon="11.493860"><ele>0.000000</ele><time>2026-09-14T11:33:54.054Z</time></trkpt><trkpt lat="59.161667" lon="11.493890"><ele>0.000000</ele><time>2026-09-14T11:33:55.055Z</time></trkpt><trkpt lat="59.161674" lon="11.493920"><ele>0.000000</ele><time>2026-09-14T11:33:56.056Z</time></trkpt><trkpt lat="59.161681" lon="11.493951"><ele>0.000000</ele><time>2026-09-14T11:33:57.057Z</time></trkpt><trkpt lat="59.161688" lon="11.493981"><ele>0.000000</ele><time>2026-09-14T11:33:58.058Z</time></trkpt><trkpt lat="59.161694" lon="11.494012"><ele>0.000000</ele><time>2026-09-14T11:33:59.059Z</time></trkpt><trkpt lat="59.161701" lon="11.494041"><ele>0.000000</ele><time>2026-09-14T11:34:00.000Z</time></trkpt><trkpt lat="59.161708" lon="11.494071"><ele>0.000000</ele><time>2026-09-14T11:34:01.001Z</time></trkpt><trkpt lat="59.161715" lon="11.494102"><ele>0.000000</ele><time>2026-09-14T11:34:02.002Z</time></trkpt><trkpt lat="59.161722" lon="11.494134"><ele>0.000000</ele><time>2026-09-14T11:34:03.003Z</time></trkpt><trkpt lat="59.161728" lon="11.494164"><ele>0.000000</ele><time>2026-09-14T11:34:04.004Z</time></trkpt><trkpt lat="59.161735" lon="11.494197"><ele>0.000000</ele><time>2026-09-14T11:34:05.005Z</time></trkpt><trkpt lat="59.161741" lon="11.494229"><ele>0.000000</ele><time>2026-09-14T11:34:06.006Z</time></trkpt><trkpt lat="59.161748" lon="11.494261"><ele>0.000000</ele><time>2026-09-14T11:34:07.007Z</time></trkpt><trkpt lat="59.161754" lon="11.494293"><ele>0.000000</ele><time>2026-09-14T11:34:08.008Z</time></trkpt><trkpt lat="59.161760" lon="11.494326"><ele>0.000000</ele><time>2026-09-14T11:34:09.009Z</time></trkpt><trkpt lat="59.161767" lon="11.494358"><ele>0.000000</ele><time>2026-09-14T11:34:10.010Z</time></trkpt><trkpt lat="59.161773" lon="11.494392"><ele>0.000000</ele><time>2026-09-14T11:34:11.011Z</time></trkpt><trkpt lat="59.161780" lon="11.494424"><ele>0.000000</ele><time>2026-09-14T11:34:12.012Z</time></trkpt><trkpt lat="59.161786" lon="11.494455"><ele>0.000000</ele><time>2026-09-14T11:34:13.013Z</time></trkpt><trkpt lat="59.161793" lon="11.494486"><ele>0.000000</ele><time>2026-09-14T11:34:14.014Z</time></trkpt><trkpt lat="59.161799" lon="11.494516"><ele>0.000000</ele><time>2026-09-14T11:34:15.015Z</time></trkpt><trkpt lat="59.161805" lon="11.494544"><ele>0.000000</ele><time>2026-09-14T11:34:16.016Z</time></trkpt><trkpt lat="59.161810" lon="11.494571"><ele>0.000000</ele><time>2026-09-14T11:34:17.017Z</time></trkpt><trkpt lat="59.161816" lon="11.494597"><ele>0.000000</ele><time>2026-09-14T11:34:18.018Z</time></trkpt><trkpt lat="59.161822" lon="11.494624"><ele>0.000000</ele><time>2026-09-14T11:34:19.019Z</time></trkpt><trkpt lat="59.161828" lon="11.494649"><ele>0.000000</ele><time>2026-09-14T11:34:20.020Z</time></trkpt><trkpt lat="59.161835" lon="11.494676"><ele>0.000000</ele><time>2026-09-14T11:34:21.021Z</time></trkpt><trkpt lat="59.161842" lon="11.494701"><ele>0.000000</ele><time>2026-09-14T11:34:22.022Z</time></trkpt><trkpt lat="59.161849" lon="11.494728"><ele>0.000000</ele><time>2026-09-14T11:34:23.023Z</time></trkpt><trkpt lat="59.161857" lon="11.494755"><ele>0.000000</ele><time>2026-09-14T11:34:24.024Z</time></trkpt><trkpt lat="59.161865" lon="11.494783"><ele>0.000000</ele><time>2026-09-14T11:34:25.025Z</time></trkpt><trkpt lat="59.161873" lon="11.494812"><ele>0.000000</ele><time>2026-09-14T11:34:26.026Z</time></trkpt><trkpt lat="59.161880" lon="11.494841"><ele>0.000000</ele><time>2026-09-14T11:34:27.027Z</time></trkpt><trkpt lat="59.161886" lon="11.494871"><ele>0.000000</ele><time>2026-09-14T11:34:28.028Z</time></trkpt><trkpt lat="59.161893" lon="11.494901"><ele>0.000000</ele><time>2026-09-14T11:34:29.029Z</time></trkpt><trkpt lat="59.161899" lon="11.494931"><ele>0.000000</ele><time>2026-09-14T11:34:30.030Z</time></trkpt><trkpt lat="59.161906" lon="11.494962"><ele>0.000000</ele><time>2026-09-14T11:34:31.031Z</time></trkpt><trkpt lat="59.161912" lon="11.494992"><ele>0.000000</ele><time>2026-09-14T11:34:32.032Z</time></trkpt><trkpt lat="59.161918" lon="11.495024"><ele>0.000000</ele><time>2026-09-14T11:34:33.033Z</time></trkpt><trkpt lat="59.161929" lon="11.495085"><ele>0.000000</ele><time>2026-09-14T11:34:35.035Z</time></trkpt><trkpt lat="59.161934" lon="11.495115"><ele>0.000000</ele><time>2026-09-14T11:34:36.036Z</time></trkpt><trkpt lat="59.161939" lon="11.495147"><ele>0.000000</ele><time>2026-09-14T11:34:37.037Z</time></trkpt><trkpt lat="59.161944" lon="11.495178"><ele>0.000000</ele><time>2026-09-14T11:34:38.038Z</time></trkpt><trkpt lat="59.161948" lon="11.495211"><ele>0.000000</ele><time>2026-09-14T11:34:39.039Z</time></trkpt><trkpt lat="59.161952" lon="11.495242"><ele>0.000000</ele><time>2026-09-14T11:34:40.040Z</time></trkpt><trkpt lat="59.161955" lon="11.495274"><ele>0.000000</ele><time>2026-09-14T11:34:41.041Z</time></trkpt><trkpt lat="59.161960" lon="11.495306"><ele>0.000000</ele><time>2026-09-14T11:34:42.042Z</time></trkpt><trkpt lat="59.161964" lon="11.495338"><ele>0.000000</ele><time>2026-09-14T11:34:43.043Z</time></trkpt><trkpt lat="59.161969" lon="11.495370"><ele>0.000000</ele><time>2026-09-14T11:34:44.044Z</time></trkpt><trkpt lat="59.161975" lon="11.495403"><ele>0.000000</ele><time>2026-09-14T11:34:45.045Z</time></trkpt><trkpt lat="59.161981" lon="11.495434"><ele>0.000000</ele><time>2026-09-14T11:34:46.046Z</time></trkpt><trkpt lat="59.161987" lon="11.495465"><ele>0.000000</ele><time>2026-09-14T11:34:47.047Z</time></trkpt><trkpt lat="59.161994" lon="11.495496"><ele>0.000000</ele><time>2026-09-14T11:34:48.048Z</time></trkpt><trkpt lat="59.162001" lon="11.495526"><ele>0.000000</ele><time>2026-09-14T11:34:49.049Z</time></trkpt><trkpt lat="59.162008" lon="11.495556"><ele>0.000000</ele><time>2026-09-14T11:34:50.050Z</time></trkpt><trkpt lat="59.162016" lon="11.495585"><ele>0.000000</ele><time>2026-09-14T11:34:51.051Z</time></trkpt><trkpt lat="59.162023" lon="11.495616"><ele>0.000000</ele><time>2026-09-14T11:34:52.052Z</time></trkpt><trkpt lat="59.162031" lon="11.495645"><ele>0.000000</ele><time>2026-09-14T11:34:53.053Z</time></trkpt><trkpt lat="59.162039" lon="11.495676"><ele>0.000000</ele><time>2026-09-14T11:34:54.054Z</time></trkpt><trkpt lat="59.162046" lon="11.495706"><ele>0.000000</ele><time>2026-09-14T11:34:55.055Z</time></trkpt><trkpt lat="59.162053" lon="11.495737"><ele>0.000000</ele><time>2026-09-14T11:34:56.056Z</time></trkpt><trkpt lat="59.162060" lon="11.495767"><ele>0.000000</ele><time>2026-09-14T11:34:57.057Z</time></trkpt><trkpt lat="59.162067" lon="11.495799"><ele>0.000000</ele><time>2026-09-14T11:34:58.058Z</time></trkpt><trkpt lat="59.162074" lon="11.495830"><ele>0.000000</ele><time>2026-09-14T11:34:59.059Z</time></trkpt><trkpt lat="59.162080" lon="11.495863"><ele>0.000000</ele><time>2026-09-14T11:35:00.000Z</time></trkpt><trkpt lat="59.162087" lon="11.495894"><ele>0.000000</ele><time>2026-09-14T11:35:01.001Z</time></trkpt><trkpt lat="59.162094" lon="11.495924"><ele>0.000000</ele><time>2026-09-14T11:35:02.002Z</time></trkpt><trkpt lat="59.162101" lon="11.495954"><ele>0.000000</ele><time>2026-09-14T11:35:03.003Z</time></trkpt><trkpt lat="59.162108" lon="11.495984"><ele>0.000000</ele><time>2026-09-14T11:35:04.004Z</time></trkpt><trkpt lat="59.162114" lon="11.496014"><ele>0.000000</ele><time>2026-09-14T11:35:05.005Z</time></trkpt><trkpt lat="59.162121" lon="11.496046"><ele>0.000000</ele><time>2026-09-14T11:35:06.006Z</time></trkpt><trkpt lat="59.162129" lon="11.496074"><ele>0.000000</ele><time>2026-09-14T11:35:07.007Z</time></trkpt><trkpt lat="59.162138" lon="11.496101"><ele>0.000000</ele><time>2026-09-14T11:35:08.008Z</time></trkpt><trkpt lat="59.162145" lon="11.496127"><ele>0.000000</ele><time>2026-09-14T11:35:09.009Z</time></trkpt><trkpt lat="59.162152" lon="11.496155"><ele>0.000000</ele><time>2026-09-14T11:35:10.010Z</time></trkpt><trkpt lat="59.162158" lon="11.496181"><ele>0.000000</ele><time>2026-09-14T11:35:11.011Z</time></trkpt><trkpt lat="59.162164" lon="11.496207"><ele>0.000000</ele><time>2026-09-14T11:35:12.012Z</time></trkpt><trkpt lat="59.162168" lon="11.496234"><ele>0.000000</ele><time>2026-09-14T11:35:13.013Z</time></trkpt><trkpt lat="59.162173" lon="11.496263"><ele>0.000000</ele><time>2026-09-14T11:35:14.014Z</time></trkpt><trkpt lat="59.162178" lon="11.496291"><ele>0.000000</ele><time>2026-09-14T11:35:15.015Z</time></trkpt><trkpt lat="59.162182" lon="11.496322"><ele>0.000000</ele><time>2026-09-14T11:35:16.016Z</time></trkpt><trkpt lat="59.162187" lon="11.496351"><ele>0.000000</ele><time>2026-09-14T11:35:17.017Z</time></trkpt><trkpt lat="59.162193" lon="11.496382"><ele>0.000000</ele><time>2026-09-14T11:35:18.018Z</time></trkpt><trkpt lat="59.162199" lon="11.496411"><ele>0.000000</ele><time>2026-09-14T11:35:19.019Z</time></trkpt><trkpt lat="59.162204" lon="11.496442"><ele>0.000000</ele><time>2026-09-14T11:35:20.020Z</time></trkpt><trkpt lat="59.162209" lon="11.496470"><ele>0.000000</ele><time>2026-09-14T11:35:21.021Z</time></trkpt><trkpt lat="59.162215" lon="11.496501"><ele>0.000000</ele><time>2026-09-14T11:35:22.022Z</time></trkpt><trkpt lat="59.162220" lon="11.496531"><ele>0.000000</ele><time>2026-09-14T11:35:23.023Z</time></trkpt><trkpt lat="59.162226" lon="11.496562"><ele>0.000000</ele><time>2026-09-14T11:35:24.024Z</time></trkpt><trkpt lat="59.162232" lon="11.496594"><ele>0.000000</ele><time>2026-09-14T11:35:25.025Z</time></trkpt><trkpt lat="59.162238" lon="11.496625"><ele>0.000000</ele><time>2026-09-14T11:35:26.026Z</time></trkpt><trkpt lat="59.162244" lon="11.496656"><ele>0.000000</ele><time>2026-09-14T11:35:27.027Z</time></trkpt><trkpt lat="59.162250" lon="11.496688"><ele>0.000000</ele><time>2026-09-14T11:35:28.028Z</time></trkpt><trkpt lat="59.162257" lon="11.496721"><ele>0.000000</ele><time>2026-09-14T11:35:29.029Z</time></trkpt><trkpt lat="59.162263" lon="11.496753"><ele>0.000000</ele><time>2026-09-14T11:35:30.030Z</time></trkpt><trkpt lat="59.162269" lon="11.496785"><ele>0.000000</ele><time>2026-09-14T11:35:31.031Z</time></trkpt><trkpt lat="59.162275" lon="11.496817"><ele>0.000000</ele><time>2026-09-14T11:35:32.032Z</time></trkpt><trkpt lat="59.162282" lon="11.496849"><ele>0.000000</ele><time>2026-09-14T11:35:33.033Z</time></trkpt><trkpt lat="59.162289" lon="11.496881"><ele>0.000000</ele><time>2026-09-14T11:35:34.034Z</time></trkpt><trkpt lat="59.162296" lon="11.496914"><ele>0.000000</ele><time>2026-09-14T11:35:35.035Z</time></trkpt><trkpt lat="59.162303" lon="11.496947"><ele>0.000000</ele><time>2026-09-14T11:35:36.036Z</time></trkpt><trkpt lat="59.162309" lon="11.496979"><ele>0.000000</ele><time>2026-09-14T11:35:37.037Z</time></trkpt><trkpt lat="59.162315" lon="11.497010"><ele>0.000000</ele><time>2026-09-14T11:35:38.038Z</time></trkpt><trkpt lat="59.162321" lon="11.497043"><ele>0.000000</ele><time>2026-09-14T11:35:39.039Z</time></trkpt><trkpt lat="59.162327" lon="11.497075"><ele>0.000000</ele><time>2026-09-14T11:35:40.040Z</time></trkpt><trkpt lat="59.162334" lon="11.497108"><ele>0.000000</ele><time>2026-09-14T11:35:41.041Z</time></trkpt><trkpt lat="59.162340" lon="11.497138"><ele>0.000000</ele><time>2026-09-14T11:35:42.042Z</time></trkpt><trkpt lat="59.162348" lon="11.497169"><ele>0.000000</ele><time>2026-09-14T11:35:43.043Z</time></trkpt><trkpt lat="59.162355" lon="11.497200"><ele>0.000000</ele><time>2026-09-14T11:35:44.044Z</time></trkpt><trkpt lat="59.162362" lon="11.497231"><ele>0.000000</ele><time>2026-09-14T11:35:45.045Z</time></trkpt><trkpt lat="59.162368" lon="11.497262"><ele>0.000000</ele><time>2026-09-14T11:35:46.046Z</time></trkpt><trkpt lat="59.162374" lon="11.497294"><ele>0.000000</ele><time>2026-09-14T11:35:47.047Z</time></trkpt><trkpt lat="59.162381" lon="11.497326"><ele>0.000000</ele><time>2026-09-14T11:35:48.048Z</time></trkpt><trkpt lat="59.162387" lon="11.497358"><ele>0.000000</ele><time>2026-09-14T11:35:49.049Z</time></trkpt><trkpt lat="59.162394" lon="11.497390"><ele>0.000000</ele><time>2026-09-14T11:35:50.050Z</time></trkpt><trkpt lat="59.162399" lon="11.497420"><ele>0.000000</ele><time>2026-09-14T11:35:51.051Z</time></trkpt><trkpt lat="59.162405" lon="11.497450"><ele>0.000000</ele><time>2026-09-14T11:35:52.052Z</time></trkpt><trkpt lat="59.162411" lon="11.497480"><ele>0.000000</ele><time>2026-09-14T11:35:53.053Z</time></trkpt><trkpt lat="59.162417" lon="11.497513"><ele>0.000000</ele><time>2026-09-14T11:35:54.054Z</time></trkpt><trkpt lat="59.162423" lon="11.497544"><ele>0.000000</ele><time>2026-09-14T11:35:55.055Z</time></trkpt><trkpt lat="59.162429" lon="11.497577"><ele>0.000000</ele><time>2026-09-14T11:35:56.056Z</time></trkpt><trkpt lat="59.162435" lon="11.497608"><ele>0.000000</ele><time>2026-09-14T11:35:57.057Z</time></trkpt><trkpt lat="59.162440" lon="11.497641"><ele>0.000000</ele><time>2026-09-14T11:35:58.058Z</time></trkpt><trkpt lat="59.162446" lon="11.497671"><ele>0.000000</ele><time>2026-09-14T11:35:59.059Z</time></trkpt><trkpt lat="59.162453" lon="11.497701"><ele>0.000000</ele><time>2026-09-14T11:36:00.000Z</time></trkpt><trkpt lat="59.162460" lon="11.497731"><ele>0.000000</ele><time>2026-09-14T11:36:01.001Z</time></trkpt><trkpt lat="59.162467" lon="11.497760"><ele>0.000000</ele><time>2026-09-14T11:36:02.002Z</time></trkpt><trkpt lat="59.162475" lon="11.497788"><ele>0.000000</ele><time>2026-09-14T11:36:03.003Z</time></trkpt><trkpt lat="59.162482" lon="11.497819"><ele>0.000000</ele><time>2026-09-14T11:36:04.004Z</time></trkpt><trkpt lat="59.162489" lon="11.497850"><ele>0.000000</ele><time>2026-09-14T11:36:05.005Z</time></trkpt><trkpt lat="59.162496" lon="11.497881"><ele>0.000000</ele><time>2026-09-14T11:36:06.006Z</time></trkpt><trkpt lat="59.162503" lon="11.497914"><ele>0.000000</ele><time>2026-09-14T11:36:07.007Z</time></trkpt><trkpt lat="59.162510" lon="11.497946"><ele>0.000000</ele><time>2026-09-14T11:36:08.008Z</time></trkpt><trkpt lat="59.162517" lon="11.497978"><ele>0.000000</ele><time>2026-09-14T11:36:09.009Z</time></trkpt><trkpt lat="59.162523" lon="11.498008"><ele>0.000000</ele><time>2026-09-14T11:36:10.010Z</time></trkpt><trkpt lat="59.162530" lon="11.498040"><ele>0.000000</ele><time>2026-09-14T11:36:11.011Z</time></trkpt><trkpt lat="59.162536" lon="11.498071"><ele>0.000000</ele><time>2026-09-14T11:36:12.012Z</time></trkpt><trkpt lat="59.162542" lon="11.498102"><ele>0.000000</ele><time>2026-09-14T11:36:13.013Z</time></trkpt><trkpt lat="59.162548" lon="11.498131"><ele>0.000000</ele><time>2026-09-14T11:36:14.014Z</time></trkpt><trkpt lat="59.162555" lon="11.498163"><ele>0.000000</ele><time>2026-09-14T11:36:15.015Z</time></trkpt><trkpt lat="59.162560" lon="11.498195"><ele>0.000000</ele><time>2026-09-14T11:36:16.016Z</time></trkpt><trkpt lat="59.162566" lon="11.498228"><ele>0.000000</ele><time>2026-09-14T11:36:17.017Z</time></trkpt><trkpt lat="59.162571" lon="11.498259"><ele>0.000000</ele><time>2026-09-14T11:36:18.018Z</time></trkpt><trkpt lat="59.162577" lon="11.498291"><ele>0.000000</ele><time>2026-09-14T11:36:19.019Z</time></trkpt><trkpt lat="59.162583" lon="11.498323"><ele>0.000000</ele><time>2026-09-14T11:36:20.020Z</time></trkpt><trkpt lat="59.162589" lon="11.498354"><ele>0.000000</ele><time>2026-09-14T11:36:21.021Z</time></trkpt><trkpt lat="59.162596" lon="11.498386"><ele>0.000000</ele><time>2026-09-14T11:36:22.022Z</time></trkpt><trkpt lat="59.162602" lon="11.498418"><ele>0.000000</ele><time>2026-09-14T11:36:23.023Z</time></trkpt><trkpt lat="59.162609" lon="11.498450"><ele>0.000000</ele><time>2026-09-14T11:36:24.024Z</time></trkpt><trkpt lat="59.162615" lon="11.498481"><ele>0.000000</ele><time>2026-09-14T11:36:25.025Z</time></trkpt><trkpt lat="59.162622" lon="11.498514"><ele>0.000000</ele><time>2026-09-14T11:36:26.026Z</time></trkpt><trkpt lat="59.162628" lon="11.498545"><ele>0.000000</ele><time>2026-09-14T11:36:27.027Z</time></trkpt><trkpt lat="59.162635" lon="11.498577"><ele>0.000000</ele><time>2026-09-14T11:36:28.028Z</time></trkpt><trkpt lat="59.162641" lon="11.498609"><ele>0.000000</ele><time>2026-09-14T11:36:29.029Z</time></trkpt><trkpt lat="59.162648" lon="11.498643"><ele>0.000000</ele><time>2026-09-14T11:36:30.030Z</time></trkpt><trkpt lat="59.162654" lon="11.498676"><ele>0.000000</ele><time>2026-09-14T11:36:31.031Z</time></trkpt><trkpt lat="59.162660" lon="11.498710"><ele>0.000000</ele><time>2026-09-14T11:36:32.032Z</time></trkpt><trkpt lat="59.162666" lon="11.498742"><ele>0.000000</ele><time>2026-09-14T11:36:33.033Z</time></trkpt><trkpt lat="59.162672" lon="11.498775"><ele>0.000000</ele><time>2026-09-14T11:36:34.034Z</time></trkpt><trkpt lat="59.162678" lon="11.498807"><ele>0.000000</ele><time>2026-09-14T11:36:35.035Z</time></trkpt><trkpt lat="59.162683" lon="11.498839"><ele>0.000000</ele><time>2026-09-14T11:36:36.036Z</time></trkpt><trkpt lat="59.162689" lon="11.498871"><ele>0.000000</ele><time>2026-09-14T11:36:37.037Z</time></trkpt><trkpt lat="59.162695" lon="11.498902"><ele>0.000000</ele><time>2026-09-14T11:36:38.038Z</time></trkpt><trkpt lat="59.162701" lon="11.498933"><ele>0.000000</ele><time>2026-09-14T11:36:39.039Z</time></trkpt><trkpt lat="59.162707" lon="11.498965"><ele>0.000000</ele><time>2026-09-14T11:36:40.040Z</time></trkpt><trkpt lat="59.162712" lon="11.498995"><ele>0.000000</ele><time>2026-09-14T11:36:41.041Z</time></trkpt><trkpt lat="59.162719" lon="11.499025"><ele>0.000000</ele><time>2026-09-14T11:36:42.042Z</time></trkpt><trkpt lat="59.162725" lon="11.499056"><ele>0.000000</ele><time>2026-09-14T11:36:43.043Z</time></trkpt><trkpt lat="59.162731" lon="11.499086"><ele>0.000000</ele><time>2026-09-14T11:36:44.044Z</time></trkpt><trkpt lat="59.162738" lon="11.499118"><ele>0.000000</ele><time>2026-09-14T11:36:45.045Z</time></trkpt><trkpt lat="59.162744" lon="11.499148"><ele>0.000000</ele><time>2026-09-14T11:36:46.046Z</time></trkpt><trkpt lat="59.162751" lon="11.499180"><ele>0.000000</ele><time>2026-09-14T11:36:47.047Z</time></trkpt><trkpt lat="59.162758" lon="11.499210"><ele>0.000000</ele><time>2026-09-14T11:36:48.048Z</time></trkpt><trkpt lat="59.162765" lon="11.499243"><ele>0.000000</ele><time>2026-09-14T11:36:49.049Z</time></trkpt><trkpt lat="59.162772" lon="11.499273"><ele>0.000000</ele><time>2026-09-14T11:36:50.050Z</time></trkpt><trkpt lat="59.162779" lon="11.499304"><ele>0.000000</ele><time>2026-09-14T11:36:51.051Z</time></trkpt><trkpt lat="59.162785" lon="11.499334"><ele>0.000000</ele><time>2026-09-14T11:36:52.052Z</time></trkpt><trkpt lat="59.162792" lon="11.499365"><ele>0.000000</ele><time>2026-09-14T11:36:53.053Z</time></trkpt><trkpt lat="59.162799" lon="11.499396"><ele>0.000000</ele><time>2026-09-14T11:36:54.054Z</time></trkpt><trkpt lat="59.162806" lon="11.499427"><ele>0.000000</ele><time>2026-09-14T11:36:55.055Z</time></trkpt><trkpt lat="59.162812" lon="11.499459"><ele>0.000000</ele><time>2026-09-14T11:36:56.056Z</time></trkpt><trkpt lat="59.162818" lon="11.499491"><ele>0.000000</ele><time>2026-09-14T11:36:57.057Z</time></trkpt><trkpt lat="59.162824" lon="11.499523"><ele>0.000000</ele><time>2026-09-14T11:36:58.058Z</time></trkpt><trkpt lat="59.162830" lon="11.499555"><ele>0.000000</ele><time>2026-09-14T11:36:59.059Z</time></trkpt><trkpt lat="59.162836" lon="11.499588"><ele>0.000000</ele><time>2026-09-14T11:37:00.000Z</time></trkpt><trkpt lat="59.162842" lon="11.499620"><ele>0.000000</ele><time>2026-09-14T11:37:01.001Z</time></trkpt><trkpt lat="59.162848" lon="11.499654"><ele>0.000000</ele><time>2026-09-14T11:37:02.002Z</time></trkpt><trkpt lat="59.162854" lon="11.499688"><ele>0.000000</ele><time>2026-09-14T11:37:03.003Z</time></trkpt><trkpt lat="59.162860" lon="11.499722"><ele>0.000000</ele><time>2026-09-14T11:37:04.004Z</time></trkpt><trkpt lat="59.162866" lon="11.499754"><ele>0.000000</ele><time>2026-09-14T11:37:05.005Z</time></trkpt><trkpt lat="59.162872" lon="11.499787"><ele>0.000000</ele><time>2026-09-14T11:37:06.006Z</time></trkpt><trkpt lat="59.162879" lon="11.499819"><ele>0.000000</ele><time>2026-09-14T11:37:07.007Z</time></trkpt><trkpt lat="59.162886" lon="11.499850"><ele>0.000000</ele><time>2026-09-14T11:37:08.008Z</time></trkpt><trkpt lat="59.162892" lon="11.499883"><ele>0.000000</ele><time>2026-09-14T11:37:09.009Z</time></trkpt><trkpt lat="59.162897" lon="11.499914"><ele>0.000000</ele><time>2026-09-14T11:37:10.010Z</time></trkpt><trkpt lat="59.162902" lon="11.499943"><ele>0.000000</ele><time>2026-09-14T11:37:11.011Z</time></trkpt><trkpt lat="59.162907" lon="11.499972"><ele>0.000000</ele><time>2026-09-14T11:37:12.012Z</time></trkpt><trkpt lat="59.162913" lon="11.499998"><ele>0.000000</ele><time>2026-09-14T11:37:13.013Z</time></trkpt><trkpt lat="59.162918" lon="11.500022"><ele>0.000000</ele><time>2026-09-14T11:37:14.014Z</time></trkpt><trkpt lat="59.162923" lon="11.500044"><ele>0.000000</ele><time>2026-09-14T11:37:15.015Z</time></trkpt><trkpt lat="59.162929" lon="11.500065"><ele>0.000000</ele><time>2026-09-14T11:37:16.016Z</time></trkpt><trkpt lat="59.162935" lon="11.500085"><ele>0.000000</ele><time>2026-09-14T11:37:17.017Z</time></trkpt><trkpt lat="59.162941" lon="11.500104"><ele>0.000000</ele><time>2026-09-14T11:37:18.018Z</time></trkpt><trkpt lat="59.162948" lon="11.500124"><ele>0.000000</ele><time>2026-09-14T11:37:19.019Z</time></trkpt><trkpt lat="59.162958" lon="11.500161"><ele>0.000000</ele><time>2026-09-14T11:37:21.021Z</time></trkpt><trkpt lat="59.162962" lon="11.500177"><ele>0.000000</ele><time>2026-09-14T11:37:22.022Z</time></trkpt><trkpt lat="59.162975" lon="11.500210"><ele>0.000000</ele><time>2026-09-14T11:37:24.024Z</time></trkpt><trkpt lat="59.162981" lon="11.500225"><ele>0.000000</ele><time>2026-09-14T11:37:25.025Z</time></trkpt><trkpt lat="59.162990" lon="11.500258"><ele>0.000000</ele><time>2026-09-14T11:37:27.027Z</time></trkpt><trkpt lat="59.162992" lon="11.500276"><ele>0.000000</ele><time>2026-09-14T11:37:28.028Z</time></trkpt><trkpt lat="59.163000" lon="11.500309"><ele>0.000000</ele><time>2026-09-14T11:37:30.030Z</time></trkpt><trkpt lat="59.163007" lon="11.500345"><ele>0.000000</ele><time>2026-09-14T11:37:32.032Z</time></trkpt><trkpt lat="59.163015" lon="11.500386"><ele>0.000000</ele><time>2026-09-14T11:37:34.034Z</time></trkpt><trkpt lat="59.163020" lon="11.500407"><ele>0.000000</ele><time>2026-09-14T11:37:35.035Z</time></trkpt><trkpt lat="59.163025" lon="11.500432"><ele>0.000000</ele><time>2026-09-14T11:37:36.036Z</time></trkpt><trkpt lat="59.163030" lon="11.500456"><ele>0.000000</ele><time>2026-09-14T11:37:37.037Z</time></trkpt><trkpt lat="59.163035" lon="11.500483"><ele>0.000000</ele><time>2026-09-14T11:37:38.038Z</time></trkpt><trkpt lat="59.163040" lon="11.500509"><ele>0.000000</ele><time>2026-09-14T11:37:39.039Z</time></trkpt><trkpt lat="59.163046" lon="11.500536"><ele>0.000000</ele><time>2026-09-14T11:37:40.040Z</time></trkpt><trkpt lat="59.163051" lon="11.500562"><ele>0.000000</ele><time>2026-09-14T11:37:41.041Z</time></trkpt><trkpt lat="59.163057" lon="11.500590"><ele>0.000000</ele><time>2026-09-14T11:37:42.042Z</time></trkpt><trkpt lat="59.163063" lon="11.500620"><ele>0.000000</ele><time>2026-09-14T11:37:43.043Z</time></trkpt><trkpt lat="59.163069" lon="11.500648"><ele>0.000000</ele><time>2026-09-14T11:37:44.044Z</time></trkpt><trkpt lat="59.163076" lon="11.500677"><ele>0.000000</ele><time>2026-09-14T11:37:45.045Z</time></trkpt><trkpt lat="59.163082" lon="11.500706"><ele>0.000000</ele><time>2026-09-14T11:37:46.046Z</time></trkpt><trkpt lat="59.163089" lon="11.500736"><ele>0.000000</ele><time>2026-09-14T11:37:47.047Z</time></trkpt><trkpt lat="59.163094" lon="11.500766"><ele>0.000000</ele><time>2026-09-14T11:37:48.048Z</time></trkpt><trkpt lat="59.163101" lon="11.500796"><ele>0.000000</ele><time>2026-09-14T11:37:49.049Z</time></trkpt><trkpt lat="59.163107" lon="11.500826"><ele>0.000000</ele><time>2026-09-14T11:37:50.050Z</time></trkpt><trkpt lat="59.163113" lon="11.500857"><ele>0.000000</ele><time>2026-09-14T11:37:51.051Z</time></trkpt><trkpt lat="59.163120" lon="11.500889"><ele>0.000000</ele><time>2026-09-14T11:37:52.052Z</time></trkpt><trkpt lat="59.163126" lon="11.500920"><ele>0.000000</ele><time>2026-09-14T11:37:53.053Z</time></trkpt><trkpt lat="59.163132" lon="11.500954"><ele>0.000000</ele><time>2026-09-14T11:37:54.054Z</time></trkpt><trkpt lat="59.163139" lon="11.500986"><ele>0.000000</ele><time>2026-09-14T11:37:55.055Z</time></trkpt><trkpt lat="59.163145" lon="11.501019"><ele>0.000000</ele><time>2026-09-14T11:37:56.056Z</time></trkpt><trkpt lat="59.163152" lon="11.501051"><ele>0.000000</ele><time>2026-09-14T11:37:57.057Z</time></trkpt><trkpt lat="59.163158" lon="11.501085"><ele>0.000000</ele><time>2026-09-14T11:37:58.058Z</time></trkpt><trkpt lat="59.163165" lon="11.501118"><ele>0.000000</ele><time>2026-09-14T11:37:59.059Z</time></trkpt><trkpt lat="59.163171" lon="11.501150"><ele>0.000000</ele><time>2026-09-14T11:38:00.000Z</time></trkpt><trkpt lat="59.163178" lon="11.501183"><ele>0.000000</ele><time>2026-09-14T11:38:01.001Z</time></trkpt><trkpt lat="59.163185" lon="11.501214"><ele>0.000000</ele><time>2026-09-14T11:38:02.002Z</time></trkpt><trkpt lat="59.163191" lon="11.501246"><ele>0.000000</ele><time>2026-09-14T11:38:03.003Z</time></trkpt><trkpt lat="59.163197" lon="11.501277"><ele>0.000000</ele><time>2026-09-14T11:38:04.004Z</time></trkpt><trkpt lat="59.163202" lon="11.501309"><ele>0.000000</ele><time>2026-09-14T11:38:05.005Z</time></trkpt><trkpt lat="59.163209" lon="11.501340"><ele>0.000000</ele><time>2026-09-14T11:38:06.006Z</time></trkpt><trkpt lat="59.163216" lon="11.501373"><ele>0.000000</ele><time>2026-09-14T11:38:07.007Z</time></trkpt><trkpt lat="59.163223" lon="11.501404"><ele>0.000000</ele><time>2026-09-14T11:38:08.008Z</time></trkpt><trkpt lat="59.163229" lon="11.501436"><ele>0.000000</ele><time>2026-09-14T11:38:09.009Z</time></trkpt><trkpt lat="59.163234" lon="11.501469"><ele>0.000000</ele><time>2026-09-14T11:38:10.010Z</time></trkpt><trkpt lat="59.163238" lon="11.501500"><ele>0.000000</ele><time>2026-09-14T11:38:11.011Z</time></trkpt><trkpt lat="59.163242" lon="11.501528"><ele>0.000000</ele><time>2026-09-14T11:38:12.012Z</time></trkpt><trkpt lat="59.163246" lon="11.501555"><ele>0.000000</ele><time>2026-09-14T11:38:13.013Z</time></trkpt><trkpt lat="59.163249" lon="11.501582"><ele>0.000000</ele><time>2026-09-14T11:38:14.014Z</time></trkpt><trkpt lat="59.163250" lon="11.501609"><ele>0.000000</ele><time>2026-09-14T11:38:15.015Z</time></trkpt><trkpt lat="59.163250" lon="11.501634"><ele>0.000000</ele><time>2026-09-14T11:38:16.016Z</time></trkpt><trkpt lat="59.163249" lon="11.501660"><ele>0.000000</ele><time>2026-09-14T11:38:17.017Z</time></trkpt><trkpt lat="59.163248" lon="11.501687"><ele>0.000000</ele><time>2026-09-14T11:38:18.018Z</time></trkpt><trkpt lat="59.163248" lon="11.501713"><ele>0.000000</ele><time>2026-09-14T11:38:19.019Z</time></trkpt><trkpt lat="59.163249" lon="11.501739"><ele>0.000000</ele><time>2026-09-14T11:38:20.020Z</time></trkpt><trkpt lat="59.163249" lon="11.501767"><ele>0.000000</ele><time>2026-09-14T11:38:21.021Z</time></trkpt><trkpt lat="59.163250" lon="11.501794"><ele>0.000000</ele><time>2026-09-14T11:38:22.022Z</time></trkpt><trkpt lat="59.163252" lon="11.501820"><ele>0.000000</ele><time>2026-09-14T11:38:23.023Z</time></trkpt><trkpt lat="59.163256" lon="11.501847"><ele>0.000000</ele><time>2026-09-14T11:38:24.024Z</time></trkpt><trkpt lat="59.163259" lon="11.501872"><ele>0.000000</ele><time>2026-09-14T11:38:25.025Z</time></trkpt><trkpt lat="59.163263" lon="11.501901"><ele>0.000000</ele><time>2026-09-14T11:38:26.026Z</time></trkpt><trkpt lat="59.163268" lon="11.501929"><ele>0.000000</ele><time>2026-09-14T11:38:27.027Z</time></trkpt><trkpt lat="59.163274" lon="11.501957"><ele>0.000000</ele><time>2026-09-14T11:38:28.028Z</time></trkpt><trkpt lat="59.163281" lon="11.501986"><ele>0.000000</ele><time>2026-09-14T11:38:29.029Z</time></trkpt><trkpt lat="59.163288" lon="11.502016"><ele>0.000000</ele><time>2026-09-14T11:38:30.030Z</time></trkpt><trkpt lat="59.163294" lon="11.502045"><ele>0.000000</ele><time>2026-09-14T11:38:31.031Z</time></trkpt><trkpt lat="59.163302" lon="11.502076"><ele>0.000000</ele><time>2026-09-14T11:38:32.032Z</time></trkpt><trkpt lat="59.163308" lon="11.502105"><ele>0.000000</ele><time>2026-09-14T11:38:33.033Z</time></trkpt><trkpt lat="59.163316" lon="11.502138"><ele>0.000000</ele><time>2026-09-14T11:38:34.034Z</time></trkpt><trkpt lat="59.163323" lon="11.502169"><ele>0.000000</ele><time>2026-09-14T11:38:35.035Z</time></trkpt><trkpt lat="59.163330" lon="11.502199"><ele>0.000000</ele><time>2026-09-14T11:38:36.036Z</time></trkpt><trkpt lat="59.163337" lon="11.502229"><ele>0.000000</ele><time>2026-09-14T11:38:37.037Z</time></trkpt><trkpt lat="59.163345" lon="11.502260"><ele>0.000000</ele><time>2026-09-14T11:38:38.038Z</time></trkpt><trkpt lat="59.163352" lon="11.502292"><ele>0.000000</ele><time>2026-09-14T11:38:39.039Z</time></trkpt><trkpt lat="59.163360" lon="11.502323"><ele>0.000000</ele><time>2026-09-14T11:38:40.040Z</time></trkpt><trkpt lat="59.163368" lon="11.502353"><ele>0.000000</ele><time>2026-09-14T11:38:41.041Z</time></trkpt><trkpt lat="59.163376" lon="11.502385"><ele>0.000000</ele><time>2026-09-14T11:38:42.042Z</time></trkpt><trkpt lat="59.163383" lon="11.502417"><ele>0.000000</ele><time>2026-09-14T11:38:43.043Z</time></trkpt><trkpt lat="59.163391" lon="11.502448"><ele>0.000000</ele><time>2026-09-14T11:38:44.044Z</time></trkpt><trkpt lat="59.163398" lon="11.502480"><ele>0.000000</ele><time>2026-09-14T11:38:45.045Z</time></trkpt><trkpt lat="59.163405" lon="11.502511"><ele>0.000000</ele><time>2026-09-14T11:38:46.046Z</time></trkpt><trkpt lat="59.163412" lon="11.502543"><ele>0.000000</ele><time>2026-09-14T11:38:47.047Z</time></trkpt><trkpt lat="59.163419" lon="11.502575"><ele>0.000000</ele><time>2026-09-14T11:38:48.048Z</time></trkpt><trkpt lat="59.163426" lon="11.502608"><ele>0.000000</ele><time>2026-09-14T11:38:49.049Z</time></trkpt><trkpt lat="59.163433" lon="11.502640"><ele>0.000000</ele><time>2026-09-14T11:38:50.050Z</time></trkpt><trkpt lat="59.163441" lon="11.502673"><ele>0.000000</ele><time>2026-09-14T11:38:51.051Z</time></trkpt><trkpt lat="59.163449" lon="11.502704"><ele>0.000000</ele><time>2026-09-14T11:38:52.052Z</time></trkpt><trkpt lat="59.163457" lon="11.502736"><ele>0.000000</ele><time>2026-09-14T11:38:53.053Z</time></trkpt><trkpt lat="59.163465" lon="11.502766"><ele>0.000000</ele><time>2026-09-14T11:38:54.054Z</time></trkpt><trkpt lat="59.163473" lon="11.502797"><ele>0.000000</ele><time>2026-09-14T11:38:55.055Z</time></trkpt><trkpt lat="59.163480" lon="11.502830"><ele>0.000000</ele><time>2026-09-14T11:38:56.056Z</time></trkpt><trkpt lat="59.163487" lon="11.502862"><ele>0.000000</ele><time>2026-09-14T11:38:57.057Z</time></trkpt><trkpt lat="59.163495" lon="11.502894"><ele>0.000000</ele><time>2026-09-14T11:38:58.058Z</time></trkpt><trkpt lat="59.163502" lon="11.502924"><ele>0.000000</ele><time>2026-09-14T11:38:59.059Z</time></trkpt><trkpt lat="59.163509" lon="11.502955"><ele>0.000000</ele><time>2026-09-14T11:39:00.000Z</time></trkpt><trkpt lat="59.163516" lon="11.502985"><ele>0.000000</ele><time>2026-09-14T11:39:01.001Z</time></trkpt><trkpt lat="59.163522" lon="11.503018"><ele>0.000000</ele><time>2026-09-14T11:39:02.002Z</time></trkpt><trkpt lat="59.163527" lon="11.503048"><ele>0.000000</ele><time>2026-09-14T11:39:03.003Z</time></trkpt><trkpt lat="59.163533" lon="11.503081"><ele>0.000000</ele><time>2026-09-14T11:39:04.004Z</time></trkpt><trkpt lat="59.163538" lon="11.503112"><ele>0.000000</ele><time>2026-09-14T11:39:05.005Z</time></trkpt><trkpt lat="59.163543" lon="11.503143"><ele>0.000000</ele><time>2026-09-14T11:39:06.006Z</time></trkpt><trkpt lat="59.163549" lon="11.503172"><ele>0.000000</ele><time>2026-09-14T11:39:07.007Z</time></trkpt><trkpt lat="59.163554" lon="11.503203"><ele>0.000000</ele><time>2026-09-14T11:39:08.008Z</time></trkpt><trkpt lat="59.163560" lon="11.503233"><ele>0.000000</ele><time>2026-09-14T11:39:09.009Z</time></trkpt><trkpt lat="59.163565" lon="11.503264"><ele>0.000000</ele><time>2026-09-14T11:39:10.010Z</time></trkpt><trkpt lat="59.163571" lon="11.503293"><ele>0.000000</ele><time>2026-09-14T11:39:11.011Z</time></trkpt><trkpt lat="59.163576" lon="11.503324"><ele>0.000000</ele><time>2026-09-14T11:39:12.012Z</time></trkpt><trkpt lat="59.163581" lon="11.503354"><ele>0.000000</ele><time>2026-09-14T11:39:13.013Z</time></trkpt><trkpt lat="59.163586" lon="11.503385"><ele>0.000000</ele><time>2026-09-14T11:39:14.014Z</time></trkpt><trkpt lat="59.163592" lon="11.503416"><ele>0.000000</ele><time>2026-09-14T11:39:15.015Z</time></trkpt><trkpt lat="59.163597" lon="11.503447"><ele>0.000000</ele><time>2026-09-14T11:39:16.016Z</time></trkpt><trkpt lat="59.163604" lon="11.503479"><ele>0.000000</ele><time>2026-09-14T11:39:17.017Z</time></trkpt><trkpt lat="59.163610" lon="11.503510"><ele>0.000000</ele><time>2026-09-14T11:39:18.018Z</time></trkpt><trkpt lat="59.163616" lon="11.503542"><ele>0.000000</ele><time>2026-09-14T11:39:19.019Z</time></trkpt><trkpt lat="59.163622" lon="11.503574"><ele>0.000000</ele><time>2026-09-14T11:39:20.020Z</time></trkpt><trkpt lat="59.163627" lon="11.503607"><ele>0.000000</ele><time>2026-09-14T11:39:21.021Z</time></trkpt><trkpt lat="59.163634" lon="11.503639"><ele>0.000000</ele><time>2026-09-14T11:39:22.022Z</time></trkpt><trkpt lat="59.163640" lon="11.503672"><ele>0.000000</ele><time>2026-09-14T11:39:23.023Z</time></trkpt><trkpt lat="59.163646" lon="11.503703"><ele>0.000000</ele><time>2026-09-14T11:39:24.024Z</time></trkpt><trkpt lat="59.163652" lon="11.503736"><ele>0.000000</ele><time>2026-09-14T11:39:25.025Z</time></trkpt><trkpt lat="59.163658" lon="11.503768"><ele>0.000000</ele><time>2026-09-14T11:39:26.026Z</time></trkpt><trkpt lat="59.163666" lon="11.503801"><ele>0.000000</ele><time>2026-09-14T11:39:27.027Z</time></trkpt><trkpt lat="59.163673" lon="11.503833"><ele>0.000000</ele><time>2026-09-14T11:39:28.028Z</time></trkpt><trkpt lat="59.163679" lon="11.503866"><ele>0.000000</ele><time>2026-09-14T11:39:29.029Z</time></trkpt><trkpt lat="59.163686" lon="11.503898"><ele>0.000000</ele><time>2026-09-14T11:39:30.030Z</time></trkpt><trkpt lat="59.163692" lon="11.503930"><ele>0.000000</ele><time>2026-09-14T11:39:31.031Z</time></trkpt><trkpt lat="59.163699" lon="11.503963"><ele>0.000000</ele><time>2026-09-14T11:39:32.032Z</time></trkpt><trkpt lat="59.163706" lon="11.503994"><ele>0.000000</ele><time>2026-09-14T11:39:33.033Z</time></trkpt><trkpt lat="59.163713" lon="11.504026"><ele>0.000000</ele><time>2026-09-14T11:39:34.034Z</time></trkpt><trkpt lat="59.163720" lon="11.504057"><ele>0.000000</ele><time>2026-09-14T11:39:35.035Z</time></trkpt><trkpt lat="59.163726" lon="11.504090"><ele>0.000000</ele><time>2026-09-14T11:39:36.036Z</time></trkpt><trkpt lat="59.163733" lon="11.504121"><ele>0.000000</ele><time>2026-09-14T11:39:37.037Z</time></trkpt><trkpt lat="59.163740" lon="11.504153"><ele>0.000000</ele><time>2026-09-14T11:39:38.038Z</time></trkpt><trkpt lat="59.163746" lon="11.504185"><ele>0.000000</ele><time>2026-09-14T11:39:39.039Z</time></trkpt><trkpt lat="59.163753" lon="11.504217"><ele>0.000000</ele><time>2026-09-14T11:39:40.040Z</time></trkpt><trkpt lat="59.163761" lon="11.504245"><ele>0.000000</ele><time>2026-09-14T11:39:41.041Z</time></trkpt><trkpt lat="59.163769" lon="11.504276"><ele>0.000000</ele><time>2026-09-14T11:39:42.042Z</time></trkpt><trkpt lat="59.163775" lon="11.504307"><ele>0.000000</ele><time>2026-09-14T11:39:43.043Z</time></trkpt><trkpt lat="59.163782" lon="11.504338"><ele>0.000000</ele><time>2026-09-14T11:39:44.044Z</time></trkpt><trkpt lat="59.163788" lon="11.504370"><ele>0.000000</ele><time>2026-09-14T11:39:45.045Z</time></trkpt><trkpt lat="59.163794" lon="11.504402"><ele>0.000000</ele><time>2026-09-14T11:39:46.046Z</time></trkpt><trkpt lat="59.163800" lon="11.504436"><ele>0.000000</ele><time>2026-09-14T11:39:47.047Z</time></trkpt><trkpt lat="59.163806" lon="11.504468"><ele>0.000000</ele><time>2026-09-14T11:39:48.048Z</time></trkpt><trkpt lat="59.163812" lon="11.504501"><ele>0.000000</ele><time>2026-09-14T11:39:49.049Z</time></trkpt><trkpt lat="59.163818" lon="11.504532"><ele>0.000000</ele><time>2026-09-14T11:39:50.050Z</time></trkpt><trkpt lat="59.163825" lon="11.504565"><ele>0.000000</ele><time>2026-09-14T11:39:51.051Z</time></trkpt><trkpt lat="59.163833" lon="11.504596"><ele>0.000000</ele><time>2026-09-14T11:39:52.052Z</time></trkpt><trkpt lat="59.163839" lon="11.504628"><ele>0.000000</ele><time>2026-09-14T11:39:53.053Z</time></trkpt><trkpt lat="59.163846" lon="11.504661"><ele>0.000000</ele><time>2026-09-14T11:39:54.054Z</time></trkpt><trkpt lat="59.163853" lon="11.504693"><ele>0.000000</ele><time>2026-09-14T11:39:55.055Z</time></trkpt><trkpt lat="59.163860" lon="11.504725"><ele>0.000000</ele><time>2026-09-14T11:39:56.056Z</time></trkpt><trkpt lat="59.163866" lon="11.504757"><ele>0.000000</ele><time>2026-09-14T11:39:57.057Z</time></trkpt><trkpt lat="59.163873" lon="11.504790"><ele>0.000000</ele><time>2026-09-14T11:39:58.058Z</time></trkpt><trkpt lat="59.163880" lon="11.504822"><ele>0.000000</ele><time>2026-09-14T11:39:59.059Z</time></trkpt><trkpt lat="59.163887" lon="11.504854"><ele>0.000000</ele><time>2026-09-14T11:40:00.000Z</time></trkpt><trkpt lat="59.163894" lon="11.504886"><ele>0.000000</ele><time>2026-09-14T11:40:01.001Z</time></trkpt><trkpt lat="59.163900" lon="11.504919"><ele>0.000000</ele><time>2026-09-14T11:40:02.002Z</time></trkpt><trkpt lat="59.163906" lon="11.504950"><ele>0.000000</ele><time>2026-09-14T11:40:03.003Z</time></trkpt><trkpt lat="59.163912" lon="11.504983"><ele>0.000000</ele><time>2026-09-14T11:40:04.004Z</time></trkpt><trkpt lat="59.163919" lon="11.505015"><ele>0.000000</ele><time>2026-09-14T11:40:05.005Z</time></trkpt><trkpt lat="59.163925" lon="11.505048"><ele>0.000000</ele><time>2026-09-14T11:40:06.006Z</time></trkpt><trkpt lat="59.163931" lon="11.505081"><ele>0.000000</ele><time>2026-09-14T11:40:07.007Z</time></trkpt><trkpt lat="59.163936" lon="11.505114"><ele>0.000000</ele><time>2026-09-14T11:40:08.008Z</time></trkpt><trkpt lat="59.163942" lon="11.505146"><ele>0.000000</ele><time>2026-09-14T11:40:09.009Z</time></trkpt><trkpt lat="59.163948" lon="11.505178"><ele>0.000000</ele><time>2026-09-14T11:40:10.010Z</time></trkpt><trkpt lat="59.163955" lon="11.505211"><ele>0.000000</ele><time>2026-09-14T11:40:11.011Z</time></trkpt><trkpt lat="59.163961" lon="11.505242"><ele>0.000000</ele><time>2026-09-14T11:40:12.012Z</time></trkpt><trkpt lat="59.163969" lon="11.505274"><ele>0.000000</ele><time>2026-09-14T11:40:13.013Z</time></trkpt><trkpt lat="59.163976" lon="11.505304"><ele>0.000000</ele><time>2026-09-14T11:40:14.014Z</time></trkpt><trkpt lat="59.163984" lon="11.505336"><ele>0.000000</ele><time>2026-09-14T11:40:15.015Z</time></trkpt><trkpt lat="59.163992" lon="11.505366"><ele>0.000000</ele><time>2026-09-14T11:40:16.016Z</time></trkpt><trkpt lat="59.164000" lon="11.505398"><ele>0.000000</ele><time>2026-09-14T11:40:17.017Z</time></trkpt><trkpt lat="59.164009" lon="11.505429"><ele>0.000000</ele><time>2026-09-14T11:40:18.018Z</time></trkpt><trkpt lat="59.164017" lon="11.505461"><ele>0.000000</ele><time>2026-09-14T11:40:19.019Z</time></trkpt><trkpt lat="59.164025" lon="11.505493"><ele>0.000000</ele><time>2026-09-14T11:40:20.020Z</time></trkpt><trkpt lat="59.164033" lon="11.505523"><ele>0.000000</ele><time>2026-09-14T11:40:21.021Z</time></trkpt><trkpt lat="59.164041" lon="11.505554"><ele>0.000000</ele><time>2026-09-14T11:40:22.022Z</time></trkpt><trkpt lat="59.164048" lon="11.505585"><ele>0.000000</ele><time>2026-09-14T11:40:23.023Z</time></trkpt><trkpt lat="59.164056" lon="11.505618"><ele>0.000000</ele><time>2026-09-14T11:40:24.024Z</time></trkpt><trkpt lat="59.164063" lon="11.505649"><ele>0.000000</ele><time>2026-09-14T11:40:25.025Z</time></trkpt><trkpt lat="59.164071" lon="11.505681"><ele>0.000000</ele><time>2026-09-14T11:40:26.026Z</time></trkpt><trkpt lat="59.164078" lon="11.505710"><ele>0.000000</ele><time>2026-09-14T11:40:27.027Z</time></trkpt><trkpt lat="59.164084" lon="11.505742"><ele>0.000000</ele><time>2026-09-14T11:40:28.028Z</time></trkpt><trkpt lat="59.164092" lon="11.505773"><ele>0.000000</ele><time>2026-09-14T11:40:29.029Z</time></trkpt><trkpt lat="59.164098" lon="11.505804"><ele>0.000000</ele><time>2026-09-14T11:40:30.030Z</time></trkpt><trkpt lat="59.164105" lon="11.505833"><ele>0.000000</ele><time>2026-09-14T11:40:31.031Z</time></trkpt><trkpt lat="59.164112" lon="11.505863"><ele>0.000000</ele><time>2026-09-14T11:40:32.032Z</time></trkpt><trkpt lat="59.164119" lon="11.505893"><ele>0.000000</ele><time>2026-09-14T11:40:33.033Z</time></trkpt><trkpt lat="59.164126" lon="11.505924"><ele>0.000000</ele><time>2026-09-14T11:40:34.034Z</time></trkpt><trkpt lat="59.164133" lon="11.505955"><ele>0.000000</ele><time>2026-09-14T11:40:35.035Z</time></trkpt><trkpt lat="59.164140" lon="11.505985"><ele>0.000000</ele><time>2026-09-14T11:40:36.036Z</time></trkpt><trkpt lat="59.164147" lon="11.506016"><ele>0.000000</ele><time>2026-09-14T11:40:37.037Z</time></trkpt><trkpt lat="59.164153" lon="11.506045"><ele>0.000000</ele><time>2026-09-14T11:40:38.038Z</time></trkpt><trkpt lat="59.164160" lon="11.506076"><ele>0.000000</ele><time>2026-09-14T11:40:39.039Z</time></trkpt><trkpt lat="59.164167" lon="11.506105"><ele>0.000000</ele><time>2026-09-14T11:40:40.040Z</time></trkpt><trkpt lat="59.164174" lon="11.506136"><ele>0.000000</ele><time>2026-09-14T11:40:41.041Z</time></trkpt><trkpt lat="59.164180" lon="11.506165"><ele>0.000000</ele><time>2026-09-14T11:40:42.042Z</time></trkpt><trkpt lat="59.164187" lon="11.506195"><ele>0.000000</ele><time>2026-09-14T11:40:43.043Z</time></trkpt><trkpt lat="59.164193" lon="11.506226"><ele>0.000000</ele><time>2026-09-14T11:40:44.044Z</time></trkpt><trkpt lat="59.164201" lon="11.506256"><ele>0.000000</ele><time>2026-09-14T11:40:45.045Z</time></trkpt><trkpt lat="59.164209" lon="11.506287"><ele>0.000000</ele><time>2026-09-14T11:40:46.046Z</time></trkpt><trkpt lat="59.164216" lon="11.506316"><ele>0.000000</ele><time>2026-09-14T11:40:47.047Z</time></trkpt><trkpt lat="59.164224" lon="11.506347"><ele>0.000000</ele><time>2026-09-14T11:40:48.048Z</time></trkpt><trkpt lat="59.164232" lon="11.506378"><ele>0.000000</ele><time>2026-09-14T11:40:49.049Z</time></trkpt><trkpt lat="59.164239" lon="11.506409"><ele>0.000000</ele><time>2026-09-14T11:40:50.050Z</time></trkpt><trkpt lat="59.164246" lon="11.506439"><ele>0.000000</ele><time>2026-09-14T11:40:51.051Z</time></trkpt><trkpt lat="59.164253" lon="11.506471"><ele>0.000000</ele><time>2026-09-14T11:40:52.052Z</time></trkpt><trkpt lat="59.164260" lon="11.506501"><ele>0.000000</ele><time>2026-09-14T11:40:53.053Z</time></trkpt><trkpt lat="59.164268" lon="11.506532"><ele>0.000000</ele><time>2026-09-14T11:40:54.054Z</time></trkpt><trkpt lat="59.164274" lon="11.506562"><ele>0.000000</ele><time>2026-09-14T11:40:55.055Z</time></trkpt><trkpt lat="59.164281" lon="11.506593"><ele>0.000000</ele><time>2026-09-14T11:40:56.056Z</time></trkpt><trkpt lat="59.164288" lon="11.506626"><ele>0.000000</ele><time>2026-09-14T11:40:57.057Z</time></trkpt><trkpt lat="59.164295" lon="11.506658"><ele>0.000000</ele><time>2026-09-14T11:40:58.058Z</time></trkpt><trkpt lat="59.164302" lon="11.506690"><ele>0.000000</ele><time>2026-09-14T11:40:59.059Z</time></trkpt><trkpt lat="59.164309" lon="11.506720"><ele>0.000000</ele><time>2026-09-14T11:41:00.000Z</time></trkpt><trkpt lat="59.164316" lon="11.506752"><ele>0.000000</ele><time>2026-09-14T11:41:01.001Z</time></trkpt><trkpt lat="59.164322" lon="11.506784"><ele>0.000000</ele><time>2026-09-14T11:41:02.002Z</time></trkpt><trkpt lat="59.164329" lon="11.506817"><ele>0.000000</ele><time>2026-09-14T11:41:03.003Z</time></trkpt><trkpt lat="59.164335" lon="11.506848"><ele>0.000000</ele><time>2026-09-14T11:41:04.004Z</time></trkpt><trkpt lat="59.164342" lon="11.506880"><ele>0.000000</ele><time>2026-09-14T11:41:05.005Z</time></trkpt><trkpt lat="59.164348" lon="11.506909"><ele>0.000000</ele><time>2026-09-14T11:41:06.006Z</time></trkpt><trkpt lat="59.164355" lon="11.506940"><ele>0.000000</ele><time>2026-09-14T11:41:07.007Z</time></trkpt><trkpt lat="59.164362" lon="11.506971"><ele>0.000000</ele><time>2026-09-14T11:41:08.008Z</time></trkpt><trkpt lat="59.164368" lon="11.507003"><ele>0.000000</ele><time>2026-09-14T11:41:09.009Z</time></trkpt><trkpt lat="59.164375" lon="11.507035"><ele>0.000000</ele><time>2026-09-14T11:41:10.010Z</time></trkpt><trkpt lat="59.164382" lon="11.507065"><ele>0.000000</ele><time>2026-09-14T11:41:11.011Z</time></trkpt><trkpt lat="59.164389" lon="11.507097"><ele>0.000000</ele><time>2026-09-14T11:41:12.012Z</time></trkpt><trkpt lat="59.164396" lon="11.507127"><ele>0.000000</ele><time>2026-09-14T11:41:13.013Z</time></trkpt><trkpt lat="59.164404" lon="11.507159"><ele>0.000000</ele><time>2026-09-14T11:41:14.014Z</time></trkpt><trkpt lat="59.164411" lon="11.507189"><ele>0.000000</ele><time>2026-09-14T11:41:15.015Z</time></trkpt><trkpt lat="59.164419" lon="11.507221"><ele>0.000000</ele><time>2026-09-14T11:41:16.016Z</time></trkpt><trkpt lat="59.164426" lon="11.507253"><ele>0.000000</ele><time>2026-09-14T11:41:17.017Z</time></trkpt><trkpt lat="59.164434" lon="11.507285"><ele>0.000000</ele><time>2026-09-14T11:41:18.018Z</time></trkpt><trkpt lat="59.164441" lon="11.507315"><ele>0.000000</ele><time>2026-09-14T11:41:19.019Z</time></trkpt><trkpt lat="59.164448" lon="11.507346"><ele>0.000000</ele><time>2026-09-14T11:41:20.020Z</time></trkpt><trkpt lat="59.164455" lon="11.507377"><ele>0.000000</ele><time>2026-09-14T11:41:21.021Z</time></trkpt><trkpt lat="59.164462" lon="11.507407"><ele>0.000000</ele><time>2026-09-14T11:41:22.022Z</time></trkpt><trkpt lat="59.164470" lon="11.507438"><ele>0.000000</ele><time>2026-09-14T11:41:23.023Z</time></trkpt><trkpt lat="59.164476" lon="11.507468"><ele>0.000000</ele><time>2026-09-14T11:41:24.024Z</time></trkpt><trkpt lat="59.164483" lon="11.507500"><ele>0.000000</ele><time>2026-09-14T11:41:25.025Z</time></trkpt><trkpt lat="59.164490" lon="11.507533"><ele>0.000000</ele><time>2026-09-14T11:41:26.026Z</time></trkpt><trkpt lat="59.164497" lon="11.507566"><ele>0.000000</ele><time>2026-09-14T11:41:27.027Z</time></trkpt><trkpt lat="59.164503" lon="11.507596"><ele>0.000000</ele><time>2026-09-14T11:41:28.028Z</time></trkpt><trkpt lat="59.164510" lon="11.507626"><ele>0.000000</ele><time>2026-09-14T11:41:29.029Z</time></trkpt><trkpt lat="59.164517" lon="11.507656"><ele>0.000000</ele><time>2026-09-14T11:41:30.030Z</time></trkpt><trkpt lat="59.164524" lon="11.507687"><ele>0.000000</ele><time>2026-09-14T11:41:31.031Z</time></trkpt><trkpt lat="59.164530" lon="11.507717"><ele>0.000000</ele><time>2026-09-14T11:41:32.032Z</time></trkpt><trkpt lat="59.164537" lon="11.507747"><ele>0.000000</ele><time>2026-09-14T11:41:33.033Z</time></trkpt><trkpt lat="59.164544" lon="11.507778"><ele>0.000000</ele><time>2026-09-14T11:41:34.034Z</time></trkpt><trkpt lat="59.164551" lon="11.507809"><ele>0.000000</ele><time>2026-09-14T11:41:35.035Z</time></trkpt><trkpt lat="59.164558" lon="11.507841"><ele>0.000000</ele><time>2026-09-14T11:41:36.036Z</time></trkpt><trkpt lat="59.164566" lon="11.507871"><ele>0.000000</ele><time>2026-09-14T11:41:37.037Z</time></trkpt><trkpt lat="59.164573" lon="11.507904"><ele>0.000000</ele><time>2026-09-14T11:41:38.038Z</time></trkpt><trkpt lat="59.164579" lon="11.507936"><ele>0.000000</ele><time>2026-09-14T11:41:39.039Z</time></trkpt><trkpt lat="59.164586" lon="11.507968"><ele>0.000000</ele><time>2026-09-14T11:41:40.040Z</time></trkpt><trkpt lat="59.164592" lon="11.507999"><ele>0.000000</ele><time>2026-09-14T11:41:41.041Z</time></trkpt><trkpt lat="59.164597" lon="11.508031"><ele>0.000000</ele><time>2026-09-14T11:41:42.042Z</time></trkpt><trkpt lat="59.164603" lon="11.508062"><ele>0.000000</ele><time>2026-09-14T11:41:43.043Z</time></trkpt><trkpt lat="59.164609" lon="11.508094"><ele>0.000000</ele><time>2026-09-14T11:41:44.044Z</time></trkpt><trkpt lat="59.164615" lon="11.508127"><ele>0.000000</ele><time>2026-09-14T11:41:45.045Z</time></trkpt><trkpt lat="59.164620" lon="11.508160"><ele>0.000000</ele><time>2026-09-14T11:41:46.046Z</time></trkpt><trkpt lat="59.164626" lon="11.508194"><ele>0.000000</ele><time>2026-09-14T11:41:47.047Z</time></trkpt><trkpt lat="59.164632" lon="11.508226"><ele>0.000000</ele><time>2026-09-14T11:41:48.048Z</time></trkpt><trkpt lat="59.164638" lon="11.508259"><ele>0.000000</ele><time>2026-09-14T11:41:49.049Z</time></trkpt><trkpt lat="59.164645" lon="11.508290"><ele>0.000000</ele><time>2026-09-14T11:41:50.050Z</time></trkpt><trkpt lat="59.164651" lon="11.508323"><ele>0.000000</ele><time>2026-09-14T11:41:51.051Z</time></trkpt><trkpt lat="59.164657" lon="11.508356"><ele>0.000000</ele><time>2026-09-14T11:41:52.052Z</time></trkpt><trkpt lat="59.164663" lon="11.508388"><ele>0.000000</ele><time>2026-09-14T11:41:53.053Z</time></trkpt><trkpt lat="59.164669" lon="11.508420"><ele>0.000000</ele><time>2026-09-14T11:41:54.054Z</time></trkpt><trkpt lat="59.164675" lon="11.508452"><ele>0.000000</ele><time>2026-09-14T11:41:55.055Z</time></trkpt><trkpt lat="59.164681" lon="11.508484"><ele>0.000000</ele><time>2026-09-14T11:41:56.056Z</time></trkpt><trkpt lat="59.164687" lon="11.508516"><ele>0.000000</ele><time>2026-09-14T11:41:57.057Z</time></trkpt><trkpt lat="59.164693" lon="11.508548"><ele>0.000000</ele><time>2026-09-14T11:41:58.058Z</time></trkpt><trkpt lat="59.164698" lon="11.508580"><ele>0.000000</ele><time>2026-09-14T11:41:59.059Z</time></trkpt><trkpt lat="59.164704" lon="11.508612"><ele>0.000000</ele><time>2026-09-14T11:42:00.000Z</time></trkpt><trkpt lat="59.164709" lon="11.508643"><ele>0.000000</ele><time>2026-09-14T11:42:01.001Z</time></trkpt><trkpt lat="59.164715" lon="11.508676"><ele>0.000000</ele><time>2026-09-14T11:42:02.002Z</time></trkpt><trkpt lat="59.164721" lon="11.508708"><ele>0.000000</ele><time>2026-09-14T11:42:03.003Z</time></trkpt><trkpt lat="59.164727" lon="11.508743"><ele>0.000000</ele><time>2026-09-14T11:42:04.004Z</time></trkpt><trkpt lat="59.164732" lon="11.508776"><ele>0.000000</ele><time>2026-09-14T11:42:05.005Z</time></trkpt><trkpt lat="59.164738" lon="11.508809"><ele>0.000000</ele><time>2026-09-14T11:42:06.006Z</time></trkpt><trkpt lat="59.164744" lon="11.508842"><ele>0.000000</ele><time>2026-09-14T11:42:07.007Z</time></trkpt><trkpt lat="59.164750" lon="11.508875"><ele>0.000000</ele><time>2026-09-14T11:42:08.008Z</time></trkpt><trkpt lat="59.164756" lon="11.508907"><ele>0.000000</ele><time>2026-09-14T11:42:09.009Z</time></trkpt><trkpt lat="59.164762" lon="11.508939"><ele>0.000000</ele><time>2026-09-14T11:42:10.010Z</time></trkpt><trkpt lat="59.164768" lon="11.508971"><ele>0.000000</ele><time>2026-09-14T11:42:11.011Z</time></trkpt><trkpt lat="59.164774" lon="11.509004"><ele>0.000000</ele><time>2026-09-14T11:42:12.012Z</time></trkpt><trkpt lat="59.164781" lon="11.509036"><ele>0.000000</ele><time>2026-09-14T11:42:13.013Z</time></trkpt><trkpt lat="59.164788" lon="11.509068"><ele>0.000000</ele><time>2026-09-14T11:42:14.014Z</time></trkpt><trkpt lat="59.164795" lon="11.509101"><ele>0.000000</ele><time>2026-09-14T11:42:15.015Z</time></trkpt><trkpt lat="59.164802" lon="11.509133"><ele>0.000000</ele><time>2026-09-14T11:42:16.016Z</time></trkpt><trkpt lat="59.164809" lon="11.509168"><ele>0.000000</ele><time>2026-09-14T11:42:17.017Z</time></trkpt><trkpt lat="59.164815" lon="11.509200"><ele>0.000000</ele><time>2026-09-14T11:42:18.018Z</time></trkpt><trkpt lat="59.164822" lon="11.509234"><ele>0.000000</ele><time>2026-09-14T11:42:19.019Z</time></trkpt><trkpt lat="59.164828" lon="11.509268"><ele>0.000000</ele><time>2026-09-14T11:42:20.020Z</time></trkpt><trkpt lat="59.164834" lon="11.509302"><ele>0.000000</ele><time>2026-09-14T11:42:21.021Z</time></trkpt><trkpt lat="59.164841" lon="11.509335"><ele>0.000000</ele><time>2026-09-14T11:42:22.022Z</time></trkpt><trkpt lat="59.164847" lon="11.509369"><ele>0.000000</ele><time>2026-09-14T11:42:23.023Z</time></trkpt><trkpt lat="59.164854" lon="11.509402"><ele>0.000000</ele><time>2026-09-14T11:42:24.024Z</time></trkpt><trkpt lat="59.164861" lon="11.509436"><ele>0.000000</ele><time>2026-09-14T11:42:25.025Z</time></trkpt><trkpt lat="59.164868" lon="11.509470"><ele>0.000000</ele><time>2026-09-14T11:42:26.026Z</time></trkpt><trkpt lat="59.164874" lon="11.509502"><ele>0.000000</ele><time>2026-09-14T11:42:27.027Z</time></trkpt><trkpt lat="59.164881" lon="11.509535"><ele>0.000000</ele><time>2026-09-14T11:42:28.028Z</time></trkpt><trkpt lat="59.164887" lon="11.509568"><ele>0.000000</ele><time>2026-09-14T11:42:29.029Z</time></trkpt><trkpt lat="59.164893" lon="11.509602"><ele>0.000000</ele><time>2026-09-14T11:42:30.030Z</time></trkpt><trkpt lat="59.164899" lon="11.509636"><ele>0.000000</ele><time>2026-09-14T11:42:31.031Z</time></trkpt><trkpt lat="59.164905" lon="11.509669"><ele>0.000000</ele><time>2026-09-14T11:42:32.032Z</time></trkpt><trkpt lat="59.164911" lon="11.509703"><ele>0.000000</ele><time>2026-09-14T11:42:33.033Z</time></trkpt><trkpt lat="59.164917" lon="11.509737"><ele>0.000000</ele><time>2026-09-14T11:42:34.034Z</time></trkpt><trkpt lat="59.164923" lon="11.509772"><ele>0.000000</ele><time>2026-09-14T11:42:35.035Z</time></trkpt><trkpt lat="59.164929" lon="11.509805"><ele>0.000000</ele><time>2026-09-14T11:42:36.036Z</time></trkpt><trkpt lat="59.164935" lon="11.509839"><ele>0.000000</ele><time>2026-09-14T11:42:37.037Z</time></trkpt><trkpt lat="59.164941" lon="11.509871"><ele>0.000000</ele><time>2026-09-14T11:42:38.038Z</time></trkpt><trkpt lat="59.164947" lon="11.509906"><ele>0.000000</ele><time>2026-09-14T11:42:39.039Z</time></trkpt><trkpt lat="59.164952" lon="11.509939"><ele>0.000000</ele><time>2026-09-14T11:42:40.040Z</time></trkpt><trkpt lat="59.164957" lon="11.509972"><ele>0.000000</ele><time>2026-09-14T11:42:41.041Z</time></trkpt><trkpt lat="59.164964" lon="11.510005"><ele>0.000000</ele><time>2026-09-14T11:42:42.042Z</time></trkpt><trkpt lat="59.164970" lon="11.510035"><ele>0.000000</ele><time>2026-09-14T11:42:43.043Z</time></trkpt><trkpt lat="59.164977" lon="11.510068"><ele>0.000000</ele><time>2026-09-14T11:42:44.044Z</time></trkpt><trkpt lat="59.164983" lon="11.510100"><ele>0.000000</ele><time>2026-09-14T11:42:45.045Z</time></trkpt><trkpt lat="59.164990" lon="11.510133"><ele>0.000000</ele><time>2026-09-14T11:42:46.046Z</time></trkpt><trkpt lat="59.164996" lon="11.510165"><ele>0.000000</ele><time>2026-09-14T11:42:47.047Z</time></trkpt><trkpt lat="59.165003" lon="11.510198"><ele>0.000000</ele><time>2026-09-14T11:42:48.048Z</time></trkpt><trkpt lat="59.165010" lon="11.510230"><ele>0.000000</ele><time>2026-09-14T11:42:49.049Z</time></trkpt><trkpt lat="59.165016" lon="11.510263"><ele>0.000000</ele><time>2026-09-14T11:42:50.050Z</time></trkpt><trkpt lat="59.165022" lon="11.510295"><ele>0.000000</ele><time>2026-09-14T11:42:51.051Z</time></trkpt><trkpt lat="59.165027" lon="11.510327"><ele>0.000000</ele><time>2026-09-14T11:42:52.052Z</time></trkpt><trkpt lat="59.165033" lon="11.510362"><ele>0.000000</ele><time>2026-09-14T11:42:53.053Z</time></trkpt><trkpt lat="59.165039" lon="11.510393"><ele>0.000000</ele><time>2026-09-14T11:42:54.054Z</time></trkpt><trkpt lat="59.165044" lon="11.510426"><ele>0.000000</ele><time>2026-09-14T11:42:55.055Z</time></trkpt><trkpt lat="59.165050" lon="11.510458"><ele>0.000000</ele><time>2026-09-14T11:42:56.056Z</time></trkpt><trkpt lat="59.165056" lon="11.510491"><ele>0.000000</ele><time>2026-09-14T11:42:57.057Z</time></trkpt><trkpt lat="59.165061" lon="11.510523"><ele>0.000000</ele><time>2026-09-14T11:42:58.058Z</time></trkpt><trkpt lat="59.165067" lon="11.510555"><ele>0.000000</ele><time>2026-09-14T11:42:59.059Z</time></trkpt><trkpt lat="59.165074" lon="11.510587"><ele>0.000000</ele><time>2026-09-14T11:43:00.000Z</time></trkpt><trkpt lat="59.165079" lon="11.510618"><ele>0.000000</ele><time>2026-09-14T11:43:01.001Z</time></trkpt><trkpt lat="59.165085" lon="11.510652"><ele>0.000000</ele><time>2026-09-14T11:43:02.002Z</time></trkpt><trkpt lat="59.165091" lon="11.510683"><ele>0.000000</ele><time>2026-09-14T11:43:03.003Z</time></trkpt><trkpt lat="59.165097" lon="11.510716"><ele>0.000000</ele><time>2026-09-14T11:43:04.004Z</time></trkpt><trkpt lat="59.165103" lon="11.510749"><ele>0.000000</ele><time>2026-09-14T11:43:05.005Z</time></trkpt><trkpt lat="59.165109" lon="11.510781"><ele>0.000000</ele><time>2026-09-14T11:43:06.006Z</time></trkpt><trkpt lat="59.165115" lon="11.510812"><ele>0.000000</ele><time>2026-09-14T11:43:07.007Z</time></trkpt><trkpt lat="59.165120" lon="11.510843"><ele>0.000000</ele><time>2026-09-14T11:43:08.008Z</time></trkpt><trkpt lat="59.165126" lon="11.510876"><ele>0.000000</ele><time>2026-09-14T11:43:09.009Z</time></trkpt><trkpt lat="59.165131" lon="11.510908"><ele>0.000000</ele><time>2026-09-14T11:43:10.010Z</time></trkpt><trkpt lat="59.165137" lon="11.510940"><ele>0.000000</ele><time>2026-09-14T11:43:11.011Z</time></trkpt><trkpt lat="59.165143" lon="11.510972"><ele>0.000000</ele><time>2026-09-14T11:43:12.012Z</time></trkpt><trkpt lat="59.165149" lon="11.511006"><ele>0.000000</ele><time>2026-09-14T11:43:13.013Z</time></trkpt><trkpt lat="59.165156" lon="11.511039"><ele>0.000000</ele><time>2026-09-14T11:43:14.014Z</time></trkpt><trkpt lat="59.165161" lon="11.511071"><ele>0.000000</ele><time>2026-09-14T11:43:15.015Z</time></trkpt><trkpt lat="59.165166" lon="11.511104"><ele>0.000000</ele><time>2026-09-14T11:43:16.016Z</time></trkpt><trkpt lat="59.165171" lon="11.511135"><ele>0.000000</ele><time>2026-09-14T11:43:17.017Z</time></trkpt><trkpt lat="59.165176" lon="11.511169"><ele>0.000000</ele><time>2026-09-14T11:43:18.018Z</time></trkpt><trkpt lat="59.165181" lon="11.511201"><ele>0.000000</ele><time>2026-09-14T11:43:19.019Z</time></trkpt><trkpt lat="59.165186" lon="11.511232"><ele>0.000000</ele><time>2026-09-14T11:43:20.020Z</time></trkpt><trkpt lat="59.165191" lon="11.511263"><ele>0.000000</ele><time>2026-09-14T11:43:21.021Z</time></trkpt><trkpt lat="59.165197" lon="11.511294"><ele>0.000000</ele><time>2026-09-14T11:43:22.022Z</time></trkpt><trkpt lat="59.165203" lon="11.511323"><ele>0.000000</ele><time>2026-09-14T11:43:23.023Z</time></trkpt><trkpt lat="59.165209" lon="11.511354"><ele>0.000000</ele><time>2026-09-14T11:43:24.024Z</time></trkpt><trkpt lat="59.165215" lon="11.511384"><ele>0.000000</ele><time>2026-09-14T11:43:25.025Z</time></trkpt><trkpt lat="59.165222" lon="11.511415"><ele>0.000000</ele><time>2026-09-14T11:43:26.026Z</time></trkpt><trkpt lat="59.165229" lon="11.511446"><ele>0.000000</ele><time>2026-09-14T11:43:27.027Z</time></trkpt><trkpt lat="59.165235" lon="11.511477"><ele>0.000000</ele><time>2026-09-14T11:43:28.028Z</time></trkpt><trkpt lat="59.165242" lon="11.511510"><ele>0.000000</ele><time>2026-09-14T11:43:29.029Z</time></trkpt><trkpt lat="59.165248" lon="11.511541"><ele>0.000000</ele><time>2026-09-14T11:43:30.030Z</time></trkpt><trkpt lat="59.165254" lon="11.511575"><ele>0.000000</ele><time>2026-09-14T11:43:31.031Z</time></trkpt><trkpt lat="59.165260" lon="11.511608"><ele>0.000000</ele><time>2026-09-14T11:43:32.032Z</time></trkpt><trkpt lat="59.165267" lon="11.511642"><ele>0.000000</ele><time>2026-09-14T11:43:32.032Z</time></trkpt><trkpt lat="59.165273" lon="11.511675"><ele>0.000000</ele><time>2026-09-14T11:43:33.033Z</time></trkpt><trkpt lat="59.165279" lon="11.511708"><ele>0.000000</ele><time>2026-09-14T11:43:34.034Z</time></trkpt><trkpt lat="59.165284" lon="11.511742"><ele>0.000000</ele><time>2026-09-14T11:43:35.035Z</time></trkpt><trkpt lat="59.165290" lon="11.511775"><ele>0.000000</ele><time>2026-09-14T11:43:36.036Z</time></trkpt><trkpt lat="59.165295" lon="11.511810"><ele>0.000000</ele><time>2026-09-14T11:43:37.037Z</time></trkpt><trkpt lat="59.165300" lon="11.511844"><ele>0.000000</ele><time>2026-09-14T11:43:38.038Z</time></trkpt><trkpt lat="59.165305" lon="11.511878"><ele>0.000000</ele><time>2026-09-14T11:43:39.039Z</time></trkpt><trkpt lat="59.165310" lon="11.511914"><ele>0.000000</ele><time>2026-09-14T11:43:40.040Z</time></trkpt><trkpt lat="59.165313" lon="11.511949"><ele>0.000000</ele><time>2026-09-14T11:43:41.041Z</time></trkpt><trkpt lat="59.165317" lon="11.511985"><ele>0.000000</ele><time>2026-09-14T11:43:42.042Z</time></trkpt><trkpt lat="59.165320" lon="11.512019"><ele>0.000000</ele><time>2026-09-14T11:43:43.043Z</time></trkpt><trkpt lat="59.165323" lon="11.512054"><ele>0.000000</ele><time>2026-09-14T11:43:44.044Z</time></trkpt><trkpt lat="59.165328" lon="11.512088"><ele>0.000000</ele><time>2026-09-14T11:43:45.045Z</time></trkpt><trkpt lat="59.165332" lon="11.512121"><ele>0.000000</ele><time>2026-09-14T11:43:46.046Z</time></trkpt><trkpt lat="59.165337" lon="11.512153"><ele>0.000000</ele><time>2026-09-14T11:43:47.047Z</time></trkpt><trkpt lat="59.165342" lon="11.512186"><ele>0.000000</ele><time>2026-09-14T11:43:48.048Z</time></trkpt><trkpt lat="59.165347" lon="11.512220"><ele>0.000000</ele><time>2026-09-14T11:43:49.049Z</time></trkpt><trkpt lat="59.165353" lon="11.512252"><ele>0.000000</ele><time>2026-09-14T11:43:50.050Z</time></trkpt><trkpt lat="59.165359" lon="11.512284"><ele>0.000000</ele><time>2026-09-14T11:43:51.051Z</time></trkpt><trkpt lat="59.165365" lon="11.512316"><ele>0.000000</ele><time>2026-09-14T11:43:52.052Z</time></trkpt><trkpt lat="59.165372" lon="11.512347"><ele>0.000000</ele><time>2026-09-14T11:43:53.053Z</time></trkpt><trkpt lat="59.165379" lon="11.512380"><ele>0.000000</ele><time>2026-09-14T11:43:54.054Z</time></trkpt><trkpt lat="59.165386" lon="11.512410"><ele>0.000000</ele><time>2026-09-14T11:43:55.055Z</time></trkpt><trkpt lat="59.165393" lon="11.512442"><ele>0.000000</ele><time>2026-09-14T11:43:56.056Z</time></trkpt><trkpt lat="59.165400" lon="11.512474"><ele>0.000000</ele><time>2026-09-14T11:43:57.057Z</time></trkpt><trkpt lat="59.165406" lon="11.512507"><ele>0.000000</ele><time>2026-09-14T11:43:59.059Z</time></trkpt><trkpt lat="59.165413" lon="11.512539"><ele>0.000000</ele><time>2026-09-14T11:44:00.000Z</time></trkpt><trkpt lat="59.165420" lon="11.512571"><ele>0.000000</ele><time>2026-09-14T11:44:01.001Z</time></trkpt><trkpt lat="59.165426" lon="11.512604"><ele>0.000000</ele><time>2026-09-14T11:44:02.002Z</time></trkpt><trkpt lat="59.165432" lon="11.512637"><ele>0.000000</ele><time>2026-09-14T11:44:03.003Z</time></trkpt><trkpt lat="59.165439" lon="11.512671"><ele>0.000000</ele><time>2026-09-14T11:44:04.004Z</time></trkpt><trkpt lat="59.165444" lon="11.512704"><ele>0.000000</ele><time>2026-09-14T11:44:05.005Z</time></trkpt><trkpt lat="59.165450" lon="11.512738"><ele>0.000000</ele><time>2026-09-14T11:44:06.006Z</time></trkpt><trkpt lat="59.165456" lon="11.512771"><ele>0.000000</ele><time>2026-09-14T11:44:07.007Z</time></trkpt><trkpt lat="59.165461" lon="11.512805"><ele>0.000000</ele><time>2026-09-14T11:44:08.008Z</time></trkpt><trkpt lat="59.165466" lon="11.512839"><ele>0.000000</ele><time>2026-09-14T11:44:09.009Z</time></trkpt><trkpt lat="59.165471" lon="11.512873"><ele>0.000000</ele><time>2026-09-14T11:44:10.010Z</time></trkpt><trkpt lat="59.165476" lon="11.512909"><ele>0.000000</ele><time>2026-09-14T11:44:11.011Z</time></trkpt><trkpt lat="59.165481" lon="11.512942"><ele>0.000000</ele><time>2026-09-14T11:44:12.012Z</time></trkpt><trkpt lat="59.165486" lon="11.512977"><ele>0.000000</ele><time>2026-09-14T11:44:13.013Z</time></trkpt><trkpt lat="59.165491" lon="11.513011"><ele>0.000000</ele><time>2026-09-14T11:44:14.014Z</time></trkpt><trkpt lat="59.165495" lon="11.513046"><ele>0.000000</ele><time>2026-09-14T11:44:15.015Z</time></trkpt><trkpt lat="59.165500" lon="11.513082"><ele>0.000000</ele><time>2026-09-14T11:44:16.016Z</time></trkpt><trkpt lat="59.165504" lon="11.513117"><ele>0.000000</ele><time>2026-09-14T11:44:17.017Z</time></trkpt><trkpt lat="59.165509" lon="11.513152"><ele>0.000000</ele><time>2026-09-14T11:44:18.018Z</time></trkpt><trkpt lat="59.165514" lon="11.513185"><ele>0.000000</ele><time>2026-09-14T11:44:19.019Z</time></trkpt><trkpt lat="59.165519" lon="11.513220"><ele>0.000000</ele><time>2026-09-14T11:44:20.020Z</time></trkpt><trkpt lat="59.165524" lon="11.513255"><ele>0.000000</ele><time>2026-09-14T11:44:21.021Z</time></trkpt><trkpt lat="59.165530" lon="11.513290"><ele>0.000000</ele><time>2026-09-14T11:44:22.022Z</time></trkpt><trkpt lat="59.165535" lon="11.513326"><ele>0.000000</ele><time>2026-09-14T11:44:23.023Z</time></trkpt><trkpt lat="59.165540" lon="11.513361"><ele>0.000000</ele><time>2026-09-14T11:44:24.024Z</time></trkpt><trkpt lat="59.165546" lon="11.513396"><ele>0.000000</ele><time>2026-09-14T11:44:25.025Z</time></trkpt><trkpt lat="59.165551" lon="11.513432"><ele>0.000000</ele><time>2026-09-14T11:44:26.026Z</time></trkpt><trkpt lat="59.165557" lon="11.513466"><ele>0.000000</ele><time>2026-09-14T11:44:27.027Z</time></trkpt><trkpt lat="59.165564" lon="11.513501"><ele>0.000000</ele><time>2026-09-14T11:44:28.028Z</time></trkpt><trkpt lat="59.165570" lon="11.513536"><ele>0.000000</ele><time>2026-09-14T11:44:29.029Z</time></trkpt><trkpt lat="59.165577" lon="11.513571"><ele>0.000000</ele><time>2026-09-14T11:44:30.030Z</time></trkpt><trkpt lat="59.165583" lon="11.513606"><ele>0.000000</ele><time>2026-09-14T11:44:31.031Z</time></trkpt><trkpt lat="59.165589" lon="11.513640"><ele>0.000000</ele><time>2026-09-14T11:44:32.032Z</time></trkpt><trkpt lat="59.165596" lon="11.513676"><ele>0.000000</ele><time>2026-09-14T11:44:33.033Z</time></trkpt><trkpt lat="59.165602" lon="11.513710"><ele>0.000000</ele><time>2026-09-14T11:44:34.034Z</time></trkpt><trkpt lat="59.165608" lon="11.513744"><ele>0.000000</ele><time>2026-09-14T11:44:35.035Z</time></trkpt><trkpt lat="59.165614" lon="11.513779"><ele>0.000000</ele><time>2026-09-14T11:44:36.036Z</time></trkpt><trkpt lat="59.165621" lon="11.513813"><ele>0.000000</ele><time>2026-09-14T11:44:37.037Z</time></trkpt><trkpt lat="59.165627" lon="11.513848"><ele>0.000000</ele><time>2026-09-14T11:44:38.038Z</time></trkpt><trkpt lat="59.165633" lon="11.513882"><ele>0.000000</ele><time>2026-09-14T11:44:39.039Z</time></trkpt><trkpt lat="59.165639" lon="11.513917"><ele>0.000000</ele><time>2026-09-14T11:44:40.040Z</time></trkpt><trkpt lat="59.165644" lon="11.513949"><ele>0.000000</ele><time>2026-09-14T11:44:41.041Z</time></trkpt><trkpt lat="59.165649" lon="11.513980"><ele>0.000000</ele><time>2026-09-14T11:44:42.042Z</time></trkpt><trkpt lat="59.165654" lon="11.514010"><ele>0.000000</ele><time>2026-09-14T11:44:43.043Z</time></trkpt><trkpt lat="59.165659" lon="11.514038"><ele>0.000000</ele><time>2026-09-14T11:44:44.044Z</time></trkpt><trkpt lat="59.165663" lon="11.514065"><ele>0.000000</ele><time>2026-09-14T11:44:45.045Z</time></trkpt><trkpt lat="59.165668" lon="11.514090"><ele>0.000000</ele><time>2026-09-14T11:44:46.046Z</time></trkpt><trkpt lat="59.165672" lon="11.514113"><ele>0.000000</ele><time>2026-09-14T11:44:47.047Z</time></trkpt><trkpt lat="59.165677" lon="11.514136"><ele>0.000000</ele><time>2026-09-14T11:44:48.048Z</time></trkpt><trkpt lat="59.165681" lon="11.514157"><ele>0.000000</ele><time>2026-09-14T11:44:49.049Z</time></trkpt><trkpt lat="59.165685" lon="11.514178"><ele>0.000000</ele><time>2026-09-14T11:44:50.050Z</time></trkpt><trkpt lat="59.165689" lon="11.514198"><ele>0.000000</ele><time>2026-09-14T11:44:51.051Z</time></trkpt><trkpt lat="59.165693" lon="11.514217"><ele>0.000000</ele><time>2026-09-14T11:44:52.052Z</time></trkpt><trkpt lat="59.165696" lon="11.514235"><ele>0.000000</ele><time>2026-09-14T11:44:53.053Z</time></trkpt><trkpt lat="59.165699" lon="11.514253"><ele>0.000000</ele><time>2026-09-14T11:44:54.054Z</time></trkpt><trkpt lat="59.165701" lon="11.514270"><ele>0.000000</ele><time>2026-09-14T11:44:55.055Z</time></trkpt><trkpt lat="59.165704" lon="11.514289"><ele>0.000000</ele><time>2026-09-14T11:44:56.056Z</time></trkpt><trkpt lat="59.165708" lon="11.514324"><ele>0.000000</ele><time>2026-09-14T11:44:58.058Z</time></trkpt><trkpt lat="59.165709" lon="11.514355"><ele>0.000000</ele><time>2026-09-14T11:45:00.000Z</time></trkpt><trkpt lat="59.165711" lon="11.514378"><ele>0.000000</ele><time>2026-09-14T11:45:02.002Z</time></trkpt><trkpt lat="59.165711" lon="11.514389"><ele>0.000000</ele><time>2026-09-14T11:45:03.003Z</time></trkpt><trkpt lat="59.165711" lon="11.514404"><ele>0.000000</ele><time>2026-09-14T11:45:04.004Z</time></trkpt><trkpt lat="59.165712" lon="11.514438"><ele>0.000000</ele><time>2026-09-14T11:45:06.006Z</time></trkpt><trkpt lat="59.165713" lon="11.514479"><ele>0.000000</ele><time>2026-09-14T11:45:08.008Z</time></trkpt><trkpt lat="59.165717" lon="11.514525"><ele>0.000000</ele><time>2026-09-14T11:45:10.010Z</time></trkpt><trkpt lat="59.165719" lon="11.514550"><ele>0.000000</ele><time>2026-09-14T11:45:11.011Z</time></trkpt><trkpt lat="59.165722" lon="11.514576"><ele>0.000000</ele><time>2026-09-14T11:45:12.012Z</time></trkpt><trkpt lat="59.165726" lon="11.514600"><ele>0.000000</ele><time>2026-09-14T11:45:13.013Z</time></trkpt><trkpt lat="59.165731" lon="11.514627"><ele>0.000000</ele><time>2026-09-14T11:45:14.014Z</time></trkpt><trkpt lat="59.165736" lon="11.514656"><ele>0.000000</ele><time>2026-09-14T11:45:15.015Z</time></trkpt><trkpt lat="59.165741" lon="11.514686"><ele>0.000000</ele><time>2026-09-14T11:45:16.016Z</time></trkpt><trkpt lat="59.165747" lon="11.514715"><ele>0.000000</ele><time>2026-09-14T11:45:17.017Z</time></trkpt><trkpt lat="59.165752" lon="11.514744"><ele>0.000000</ele><time>2026-09-14T11:45:18.018Z</time></trkpt><trkpt lat="59.165757" lon="11.514776"><ele>0.000000</ele><time>2026-09-14T11:45:19.019Z</time></trkpt><trkpt lat="59.165764" lon="11.514808"><ele>0.000000</ele><time>2026-09-14T11:45:20.020Z</time></trkpt><trkpt lat="59.165770" lon="11.514840"><ele>0.000000</ele><time>2026-09-14T11:45:21.021Z</time></trkpt><trkpt lat="59.165777" lon="11.514872"><ele>0.000000</ele><time>2026-09-14T11:45:22.022Z</time></trkpt><trkpt lat="59.165783" lon="11.514905"><ele>0.000000</ele><time>2026-09-14T11:45:23.023Z</time></trkpt><trkpt lat="59.165790" lon="11.514939"><ele>0.000000</ele><time>2026-09-14T11:45:24.024Z</time></trkpt><trkpt lat="59.165797" lon="11.514972"><ele>0.000000</ele><time>2026-09-14T11:45:25.025Z</time></trkpt><trkpt lat="59.165805" lon="11.515006"><ele>0.000000</ele><time>2026-09-14T11:45:26.026Z</time></trkpt><trkpt lat="59.165812" lon="11.515039"><ele>0.000000</ele><time>2026-09-14T11:45:27.027Z</time></trkpt><trkpt lat="59.165821" lon="11.515072"><ele>0.000000</ele><time>2026-09-14T11:45:28.028Z</time></trkpt><trkpt lat="59.165828" lon="11.515104"><ele>0.000000</ele><time>2026-09-14T11:45:29.029Z</time></trkpt><trkpt lat="59.165836" lon="11.515137"><ele>0.000000</ele><time>2026-09-14T11:45:30.030Z</time></trkpt><trkpt lat="59.165844" lon="11.515170"><ele>0.000000</ele><time>2026-09-14T11:45:31.031Z</time></trkpt><trkpt lat="59.165852" lon="11.515201"><ele>0.000000</ele><time>2026-09-14T11:45:32.032Z</time></trkpt><trkpt lat="59.165860" lon="11.515232"><ele>0.000000</ele><time>2026-09-14T11:45:33.033Z</time></trkpt><trkpt lat="59.165869" lon="11.515264"><ele>0.000000</ele><time>2026-09-14T11:45:34.034Z</time></trkpt><trkpt lat="59.165878" lon="11.515295"><ele>0.000000</ele><time>2026-09-14T11:45:35.035Z</time></trkpt><trkpt lat="59.165887" lon="11.515326"><ele>0.000000</ele><time>2026-09-14T11:45:36.036Z</time></trkpt><trkpt lat="59.165896" lon="11.515356"><ele>0.000000</ele><time>2026-09-14T11:45:37.037Z</time></trkpt><trkpt lat="59.165905" lon="11.515386"><ele>0.000000</ele><time>2026-09-14T11:45:38.038Z</time></trkpt><trkpt lat="59.165915" lon="11.515417"><ele>0.000000</ele><time>2026-09-14T11:45:39.039Z</time></trkpt><trkpt lat="59.165925" lon="11.515448"><ele>0.000000</ele><time>2026-09-14T11:45:40.040Z</time></trkpt><trkpt lat="59.165934" lon="11.515480"><ele>0.000000</ele><time>2026-09-14T11:45:41.041Z</time></trkpt><trkpt lat="59.165944" lon="11.515510"><ele>0.000000</ele><time>2026-09-14T11:45:42.042Z</time></trkpt><trkpt lat="59.165953" lon="11.515540"><ele>0.000000</ele><time>2026-09-14T11:45:43.043Z</time></trkpt><trkpt lat="59.165962" lon="11.515571"><ele>0.000000</ele><time>2026-09-14T11:45:44.044Z</time></trkpt><trkpt lat="59.165971" lon="11.515600"><ele>0.000000</ele><time>2026-09-14T11:45:45.045Z</time></trkpt><trkpt lat="59.165981" lon="11.515629"><ele>0.000000</ele><time>2026-09-14T11:45:46.046Z</time></trkpt><trkpt lat="59.165994" lon="11.515658"><ele>0.000000</ele><time>2026-09-14T11:45:47.047Z</time></trkpt><trkpt lat="59.166005" lon="11.515688"><ele>0.000000</ele><time>2026-09-14T11:45:48.048Z</time></trkpt><trkpt lat="59.166015" lon="11.515717"><ele>0.000000</ele><time>2026-09-14T11:45:49.049Z</time></trkpt><trkpt lat="59.166025" lon="11.515746"><ele>0.000000</ele><time>2026-09-14T11:45:50.050Z</time></trkpt><trkpt lat="59.166035" lon="11.515775"><ele>0.000000</ele><time>2026-09-14T11:45:51.051Z</time></trkpt><trkpt lat="59.166045" lon="11.515805"><ele>0.000000</ele><time>2026-09-14T11:45:52.052Z</time></trkpt><trkpt lat="59.166056" lon="11.515835"><ele>0.000000</ele><time>2026-09-14T11:45:53.053Z</time></trkpt><trkpt lat="59.166066" lon="11.515863"><ele>0.000000</ele><time>2026-09-14T11:45:54.054Z</time></trkpt><trkpt lat="59.166075" lon="11.515892"><ele>0.000000</ele><time>2026-09-14T11:45:55.055Z</time></trkpt><trkpt lat="59.166086" lon="11.515920"><ele>0.000000</ele><time>2026-09-14T11:45:56.056Z</time></trkpt><trkpt lat="59.166096" lon="11.515948"><ele>0.000000</ele><time>2026-09-14T11:45:57.057Z</time></trkpt><trkpt lat="59.166107" lon="11.515974"><ele>0.000000</ele><time>2026-09-14T11:45:58.058Z</time></trkpt><trkpt lat="59.166118" lon="11.515998"><ele>0.000000</ele><time>2026-09-14T11:45:59.059Z</time></trkpt><trkpt lat="59.166130" lon="11.516022"><ele>0.000000</ele><time>2026-09-14T11:46:00.000Z</time></trkpt><trkpt lat="59.166141" lon="11.516044"><ele>0.000000</ele><time>2026-09-14T11:46:01.001Z</time></trkpt><trkpt lat="59.166154" lon="11.516068"><ele>0.000000</ele><time>2026-09-14T11:46:02.002Z</time></trkpt><trkpt lat="59.166167" lon="11.516090"><ele>0.000000</ele><time>2026-09-14T11:46:03.003Z</time></trkpt><trkpt lat="59.166181" lon="11.516110"><ele>0.000000</ele><time>2026-09-14T11:46:04.004Z</time></trkpt><trkpt lat="59.166194" lon="11.516130"><ele>0.000000</ele><time>2026-09-14T11:46:05.005Z</time></trkpt><trkpt lat="59.166209" lon="11.516151"><ele>0.000000</ele><time>2026-09-14T11:46:06.006Z</time></trkpt><trkpt lat="59.166223" lon="11.516172"><ele>0.000000</ele><time>2026-09-14T11:46:07.007Z</time></trkpt><trkpt lat="59.166237" lon="11.516192"><ele>0.000000</ele><time>2026-09-14T11:46:08.008Z</time></trkpt><trkpt lat="59.166251" lon="11.516212"><ele>0.000000</ele><time>2026-09-14T11:46:09.009Z</time></trkpt><trkpt lat="59.166265" lon="11.516233"><ele>0.000000</ele><time>2026-09-14T11:46:10.010Z</time></trkpt><trkpt lat="59.166280" lon="11.516255"><ele>0.000000</ele><time>2026-09-14T11:46:11.011Z</time></trkpt><trkpt lat="59.166293" lon="11.516276"><ele>0.000000</ele><time>2026-09-14T11:46:12.012Z</time></trkpt><trkpt lat="59.166307" lon="11.516299"><ele>0.000000</ele><time>2026-09-14T11:46:13.013Z</time></trkpt><trkpt lat="59.166321" lon="11.516321"><ele>0.000000</ele><time>2026-09-14T11:46:14.014Z</time></trkpt><trkpt lat="59.166335" lon="11.516344"><ele>0.000000</ele><time>2026-09-14T11:46:15.015Z</time></trkpt><trkpt lat="59.166350" lon="11.516367"><ele>0.000000</ele><time>2026-09-14T11:46:16.016Z</time></trkpt><trkpt lat="59.166363" lon="11.516388"><ele>0.000000</ele><time>2026-09-14T11:46:17.017Z</time></trkpt><trkpt lat="59.166377" lon="11.516411"><ele>0.000000</ele><time>2026-09-14T11:46:18.018Z</time></trkpt><trkpt lat="59.166392" lon="11.516435"><ele>0.000000</ele><time>2026-09-14T11:46:19.019Z</time></trkpt><trkpt lat="59.166406" lon="11.516458"><ele>0.000000</ele><time>2026-09-14T11:46:20.020Z</time></trkpt><trkpt lat="59.166420" lon="11.516480"><ele>0.000000</ele><time>2026-09-14T11:46:21.021Z</time></trkpt><trkpt lat="59.166434" lon="11.516502"><ele>0.000000</ele><time>2026-09-14T11:46:22.022Z</time></trkpt><trkpt lat="59.166448" lon="11.516525"><ele>0.000000</ele><time>2026-09-14T11:46:23.023Z</time></trkpt><trkpt lat="59.166464" lon="11.516550"><ele>0.000000</ele><time>2026-09-14T11:46:24.024Z</time></trkpt><trkpt lat="59.166478" lon="11.516574"><ele>0.000000</ele><time>2026-09-14T11:46:25.025Z</time></trkpt><trkpt lat="59.166492" lon="11.516598"><ele>0.000000</ele><time>2026-09-14T11:46:26.026Z</time></trkpt><trkpt lat="59.166506" lon="11.516622"><ele>0.000000</ele><time>2026-09-14T11:46:27.027Z</time></trkpt><trkpt lat="59.166519" lon="11.516645"><ele>0.000000</ele><time>2026-09-14T11:46:28.028Z</time></trkpt><trkpt lat="59.166531" lon="11.516667"><ele>0.000000</ele><time>2026-09-14T11:46:29.029Z</time></trkpt><trkpt lat="59.166544" lon="11.516687"><ele>0.000000</ele><time>2026-09-14T11:46:30.030Z</time></trkpt><trkpt lat="59.166557" lon="11.516707"><ele>0.000000</ele><time>2026-09-14T11:46:31.031Z</time></trkpt><trkpt lat="59.166570" lon="11.516726"><ele>0.000000</ele><time>2026-09-14T11:46:32.032Z</time></trkpt><trkpt lat="59.166582" lon="11.516745"><ele>0.000000</ele><time>2026-09-14T11:46:33.033Z</time></trkpt><trkpt lat="59.166593" lon="11.516764"><ele>0.000000</ele><time>2026-09-14T11:46:34.034Z</time></trkpt><trkpt lat="59.166604" lon="11.516783"><ele>0.000000</ele><time>2026-09-14T11:46:35.035Z</time></trkpt><trkpt lat="59.166614" lon="11.516804"><ele>0.000000</ele><time>2026-09-14T11:46:36.036Z</time></trkpt><trkpt lat="59.166624" lon="11.516824"><ele>0.000000</ele><time>2026-09-14T11:46:37.037Z</time></trkpt><trkpt lat="59.166631" lon="11.516843"><ele>0.000000</ele><time>2026-09-14T11:46:38.038Z</time></trkpt><trkpt lat="59.166639" lon="11.516864"><ele>0.000000</ele><time>2026-09-14T11:46:39.039Z</time></trkpt><trkpt lat="59.166652" lon="11.516904"><ele>0.000000</ele><time>2026-09-14T11:46:41.041Z</time></trkpt><trkpt lat="59.166663" lon="11.516935"><ele>0.000000</ele><time>2026-09-14T11:46:43.043Z</time></trkpt><trkpt lat="59.166665" lon="11.516952"><ele>0.000000</ele><time>2026-09-14T11:46:44.044Z</time></trkpt><trkpt lat="59.166668" lon="11.516969"><ele>0.000000</ele><time>2026-09-14T11:46:45.045Z</time></trkpt><trkpt lat="59.166672" lon="11.516988"><ele>0.000000</ele><time>2026-09-14T11:46:46.046Z</time></trkpt><trkpt lat="59.166675" lon="11.517006"><ele>0.000000</ele><time>2026-09-14T11:46:47.047Z</time></trkpt><trkpt lat="59.166679" lon="11.517027"><ele>0.000000</ele><time>2026-09-14T11:46:48.048Z</time></trkpt><trkpt lat="59.166683" lon="11.517049"><ele>0.000000</ele><time>2026-09-14T11:46:49.049Z</time></trkpt><trkpt lat="59.166688" lon="11.517072"><ele>0.000000</ele><time>2026-09-14T11:46:50.050Z</time></trkpt><trkpt lat="59.166694" lon="11.517097"><ele>0.000000</ele><time>2026-09-14T11:46:51.051Z</time></trkpt><trkpt lat="59.166701" lon="11.517120"><ele>0.000000</ele><time>2026-09-14T11:46:52.052Z</time></trkpt><trkpt lat="59.166708" lon="11.517145"><ele>0.000000</ele><time>2026-09-14T11:46:53.053Z</time></trkpt><trkpt lat="59.166716" lon="11.517169"><ele>0.000000</ele><time>2026-09-14T11:46:54.054Z</time></trkpt><trkpt lat="59.166725" lon="11.517194"><ele>0.000000</ele><time>2026-09-14T11:46:55.055Z</time></trkpt><trkpt lat="59.166734" lon="11.517219"><ele>0.000000</ele><time>2026-09-14T11:46:56.056Z</time></trkpt><trkpt lat="59.166744" lon="11.517244"><ele>0.000000</ele><time>2026-09-14T11:46:57.057Z</time></trkpt><trkpt lat="59.166755" lon="11.517269"><ele>0.000000</ele><time>2026-09-14T11:46:58.058Z</time></trkpt><trkpt lat="59.166766" lon="11.517293"><ele>0.000000</ele><time>2026-09-14T11:46:59.059Z</time></trkpt><trkpt lat="59.166778" lon="11.517317"><ele>0.000000</ele><time>2026-09-14T11:47:00.000Z</time></trkpt><trkpt lat="59.166789" lon="11.517340"><ele>0.000000</ele><time>2026-09-14T11:47:01.001Z</time></trkpt><trkpt lat="59.166802" lon="11.517363"><ele>0.000000</ele><time>2026-09-14T11:47:02.002Z</time></trkpt><trkpt lat="59.166814" lon="11.517385"><ele>0.000000</ele><time>2026-09-14T11:47:03.003Z</time></trkpt><trkpt lat="59.166826" lon="11.517409"><ele>0.000000</ele><time>2026-09-14T11:47:04.004Z</time></trkpt><trkpt lat="59.166838" lon="11.517432"><ele>0.000000</ele><time>2026-09-14T11:47:05.005Z</time></trkpt><trkpt lat="59.166851" lon="11.517457"><ele>0.000000</ele><time>2026-09-14T11:47:06.006Z</time></trkpt><trkpt lat="59.166863" lon="11.517481"><ele>0.000000</ele><time>2026-09-14T11:47:07.007Z</time></trkpt><trkpt lat="59.166875" lon="11.517506"><ele>0.000000</ele><time>2026-09-14T11:47:08.008Z</time></trkpt><trkpt lat="59.166887" lon="11.517529"><ele>0.000000</ele><time>2026-09-14T11:47:09.009Z</time></trkpt><trkpt lat="59.166899" lon="11.517554"><ele>0.000000</ele><time>2026-09-14T11:47:10.010Z</time></trkpt><trkpt lat="59.166911" lon="11.517578"><ele>0.000000</ele><time>2026-09-14T11:47:11.011Z</time></trkpt><trkpt lat="59.166922" lon="11.517603"><ele>0.000000</ele><time>2026-09-14T11:47:12.012Z</time></trkpt><trkpt lat="59.166935" lon="11.517629"><ele>0.000000</ele><time>2026-09-14T11:47:13.013Z</time></trkpt><trkpt lat="59.166947" lon="11.517655"><ele>0.000000</ele><time>2026-09-14T11:47:14.014Z</time></trkpt><trkpt lat="59.166958" lon="11.517680"><ele>0.000000</ele><time>2026-09-14T11:47:15.015Z</time></trkpt><trkpt lat="59.166971" lon="11.517702"><ele>0.000000</ele><time>2026-09-14T11:47:16.016Z</time></trkpt><trkpt lat="59.166982" lon="11.517723"><ele>0.000000</ele><time>2026-09-14T11:47:17.017Z</time></trkpt><trkpt lat="59.166994" lon="11.517747"><ele>0.000000</ele><time>2026-09-14T11:47:18.018Z</time></trkpt><trkpt lat="59.167006" lon="11.517770"><ele>0.000000</ele><time>2026-09-14T11:47:19.019Z</time></trkpt><trkpt lat="59.167018" lon="11.517794"><ele>0.000000</ele><time>2026-09-14T11:47:20.020Z</time></trkpt><trkpt lat="59.167030" lon="11.517818"><ele>0.000000</ele><time>2026-09-14T11:47:21.021Z</time></trkpt><trkpt lat="59.167042" lon="11.517843"><ele>0.000000</ele><time>2026-09-14T11:47:22.022Z</time></trkpt><trkpt lat="59.167054" lon="11.517868"><ele>0.000000</ele><time>2026-09-14T11:47:23.023Z</time></trkpt><trkpt lat="59.167066" lon="11.517893"><ele>0.000000</ele><time>2026-09-14T11:47:24.024Z</time></trkpt><trkpt lat="59.167078" lon="11.517918"><ele>0.000000</ele><time>2026-09-14T11:47:25.025Z</time></trkpt><trkpt lat="59.167091" lon="11.517943"><ele>0.000000</ele><time>2026-09-14T11:47:26.026Z</time></trkpt><trkpt lat="59.167102" lon="11.517969"><ele>0.000000</ele><time>2026-09-14T11:47:27.027Z</time></trkpt><trkpt lat="59.167115" lon="11.517994"><ele>0.000000</ele><time>2026-09-14T11:47:28.028Z</time></trkpt><trkpt lat="59.167126" lon="11.518018"><ele>0.000000</ele><time>2026-09-14T11:47:29.029Z</time></trkpt><trkpt lat="59.167138" lon="11.518043"><ele>0.000000</ele><time>2026-09-14T11:47:30.030Z</time></trkpt><trkpt lat="59.167150" lon="11.518068"><ele>0.000000</ele><time>2026-09-14T11:47:31.031Z</time></trkpt><trkpt lat="59.167161" lon="11.518094"><ele>0.000000</ele><time>2026-09-14T11:47:32.032Z</time></trkpt><trkpt lat="59.167173" lon="11.518121"><ele>0.000000</ele><time>2026-09-14T11:47:33.033Z</time></trkpt><trkpt lat="59.167184" lon="11.518146"><ele>0.000000</ele><time>2026-09-14T11:47:34.034Z</time></trkpt><trkpt lat="59.167196" lon="11.518173"><ele>0.000000</ele><time>2026-09-14T11:47:35.035Z</time></trkpt><trkpt lat="59.167207" lon="11.518198"><ele>0.000000</ele><time>2026-09-14T11:47:36.036Z</time></trkpt><trkpt lat="59.167219" lon="11.518225"><ele>0.000000</ele><time>2026-09-14T11:47:37.037Z</time></trkpt><trkpt lat="59.167230" lon="11.518252"><ele>0.000000</ele><time>2026-09-14T11:47:38.038Z</time></trkpt><trkpt lat="59.167242" lon="11.518278"><ele>0.000000</ele><time>2026-09-14T11:47:39.039Z</time></trkpt><trkpt lat="59.167254" lon="11.518304"><ele>0.000000</ele><time>2026-09-14T11:47:40.040Z</time></trkpt><trkpt lat="59.167264" lon="11.518328"><ele>0.000000</ele><time>2026-09-14T11:47:41.041Z</time></trkpt><trkpt lat="59.167276" lon="11.518354"><ele>0.000000</ele><time>2026-09-14T11:47:42.042Z</time></trkpt><trkpt lat="59.167287" lon="11.518378"><ele>0.000000</ele><time>2026-09-14T11:47:43.043Z</time></trkpt><trkpt lat="59.167299" lon="11.518403"><ele>0.000000</ele><time>2026-09-14T11:47:44.044Z</time></trkpt><trkpt lat="59.167310" lon="11.518426"><ele>0.000000</ele><time>2026-09-14T11:47:45.045Z</time></trkpt><trkpt lat="59.167322" lon="11.518451"><ele>0.000000</ele><time>2026-09-14T11:47:46.046Z</time></trkpt><trkpt lat="59.167334" lon="11.518475"><ele>0.000000</ele><time>2026-09-14T11:47:47.047Z</time></trkpt><trkpt lat="59.167345" lon="11.518499"><ele>0.000000</ele><time>2026-09-14T11:47:48.048Z</time></trkpt><trkpt lat="59.167357" lon="11.518525"><ele>0.000000</ele><time>2026-09-14T11:47:49.049Z</time></trkpt><trkpt lat="59.167367" lon="11.518550"><ele>0.000000</ele><time>2026-09-14T11:47:50.050Z</time></trkpt><trkpt lat="59.167378" lon="11.518576"><ele>0.000000</ele><time>2026-09-14T11:47:51.051Z</time></trkpt><trkpt lat="59.167389" lon="11.518601"><ele>0.000000</ele><time>2026-09-14T11:47:52.052Z</time></trkpt><trkpt lat="59.167399" lon="11.518628"><ele>0.000000</ele><time>2026-09-14T11:47:53.053Z</time></trkpt><trkpt lat="59.167410" lon="11.518654"><ele>0.000000</ele><time>2026-09-14T11:47:54.054Z</time></trkpt><trkpt lat="59.167420" lon="11.518680"><ele>0.000000</ele><time>2026-09-14T11:47:55.055Z</time></trkpt><trkpt lat="59.167431" lon="11.518709"><ele>0.000000</ele><time>2026-09-14T11:47:56.056Z</time></trkpt><trkpt lat="59.167440" lon="11.518737"><ele>0.000000</ele><time>2026-09-14T11:47:57.057Z</time></trkpt><trkpt lat="59.167450" lon="11.518764"><ele>0.000000</ele><time>2026-09-14T11:47:58.058Z</time></trkpt><trkpt lat="59.167461" lon="11.518792"><ele>0.000000</ele><time>2026-09-14T11:47:59.059Z</time></trkpt><trkpt lat="59.167471" lon="11.518821"><ele>0.000000</ele><time>2026-09-14T11:48:00.000Z</time></trkpt><trkpt lat="59.167481" lon="11.518851"><ele>0.000000</ele><time>2026-09-14T11:48:01.001Z</time></trkpt><trkpt lat="59.167492" lon="11.518879"><ele>0.000000</ele><time>2026-09-14T11:48:02.002Z</time></trkpt><trkpt lat="59.167504" lon="11.518907"><ele>0.000000</ele><time>2026-09-14T11:48:03.003Z</time></trkpt><trkpt lat="59.167514" lon="11.518937"><ele>0.000000</ele><time>2026-09-14T11:48:04.004Z</time></trkpt><trkpt lat="59.167524" lon="11.518967"><ele>0.000000</ele><time>2026-09-14T11:48:05.005Z</time></trkpt><trkpt lat="59.167535" lon="11.518998"><ele>0.000000</ele><time>2026-09-14T11:48:06.006Z</time></trkpt><trkpt lat="59.167545" lon="11.519027"><ele>0.000000</ele><time>2026-09-14T11:48:07.007Z</time></trkpt><trkpt lat="59.167555" lon="11.519057"><ele>0.000000</ele><time>2026-09-14T11:48:08.008Z</time></trkpt><trkpt lat="59.167567" lon="11.519086"><ele>0.000000</ele><time>2026-09-14T11:48:09.009Z</time></trkpt><trkpt lat="59.167577" lon="11.519117"><ele>0.000000</ele><time>2026-09-14T11:48:10.010Z</time></trkpt><trkpt lat="59.167587" lon="11.519148"><ele>0.000000</ele><time>2026-09-14T11:48:11.011Z</time></trkpt><trkpt lat="59.167597" lon="11.519178"><ele>0.000000</ele><time>2026-09-14T11:48:12.012Z</time></trkpt><trkpt lat="59.167607" lon="11.519207"><ele>0.000000</ele><time>2026-09-14T11:48:13.013Z</time></trkpt><trkpt lat="59.167616" lon="11.519235"><ele>0.000000</ele><time>2026-09-14T11:48:14.014Z</time></trkpt><trkpt lat="59.167625" lon="11.519265"><ele>0.000000</ele><time>2026-09-14T11:48:15.015Z</time></trkpt><trkpt lat="59.167635" lon="11.519296"><ele>0.000000</ele><time>2026-09-14T11:48:16.016Z</time></trkpt><trkpt lat="59.167644" lon="11.519326"><ele>0.000000</ele><time>2026-09-14T11:48:17.017Z</time></trkpt><trkpt lat="59.167653" lon="11.519357"><ele>0.000000</ele><time>2026-09-14T11:48:18.018Z</time></trkpt><trkpt lat="59.167662" lon="11.519386"><ele>0.000000</ele><time>2026-09-14T11:48:19.019Z</time></trkpt><trkpt lat="59.167670" lon="11.519417"><ele>0.000000</ele><time>2026-09-14T11:48:20.020Z</time></trkpt><trkpt lat="59.167680" lon="11.519448"><ele>0.000000</ele><time>2026-09-14T11:48:21.021Z</time></trkpt><trkpt lat="59.167689" lon="11.519480"><ele>0.000000</ele><time>2026-09-14T11:48:22.022Z</time></trkpt><trkpt lat="59.167699" lon="11.519511"><ele>0.000000</ele><time>2026-09-14T11:48:23.023Z</time></trkpt><trkpt lat="59.167709" lon="11.519541"><ele>0.000000</ele><time>2026-09-14T11:48:24.024Z</time></trkpt><trkpt lat="59.167718" lon="11.519571"><ele>0.000000</ele><time>2026-09-14T11:48:25.025Z</time></trkpt><trkpt lat="59.167728" lon="11.519602"><ele>0.000000</ele><time>2026-09-14T11:48:26.026Z</time></trkpt><trkpt lat="59.167738" lon="11.519632"><ele>0.000000</ele><time>2026-09-14T11:48:27.027Z</time></trkpt><trkpt lat="59.167749" lon="11.519662"><ele>0.000000</ele><time>2026-09-14T11:48:28.028Z</time></trkpt><trkpt lat="59.167759" lon="11.519693"><ele>0.000000</ele><time>2026-09-14T11:48:29.029Z</time></trkpt><trkpt lat="59.167770" lon="11.519722"><ele>0.000000</ele><time>2026-09-14T11:48:30.030Z</time></trkpt><trkpt lat="59.167781" lon="11.519752"><ele>0.000000</ele><time>2026-09-14T11:48:31.031Z</time></trkpt><trkpt lat="59.167792" lon="11.519781"><ele>0.000000</ele><time>2026-09-14T11:48:32.032Z</time></trkpt><trkpt lat="59.167803" lon="11.519811"><ele>0.000000</ele><time>2026-09-14T11:48:33.033Z</time></trkpt><trkpt lat="59.167814" lon="11.519839"><ele>0.000000</ele><time>2026-09-14T11:48:34.034Z</time></trkpt><trkpt lat="59.167826" lon="11.519867"><ele>0.000000</ele><time>2026-09-14T11:48:35.035Z</time></trkpt><trkpt lat="59.167837" lon="11.519896"><ele>0.000000</ele><time>2026-09-14T11:48:36.036Z</time></trkpt><trkpt lat="59.167848" lon="11.519925"><ele>0.000000</ele><time>2026-09-14T11:48:37.037Z</time></trkpt><trkpt lat="59.167859" lon="11.519955"><ele>0.000000</ele><time>2026-09-14T11:48:38.038Z</time></trkpt><trkpt lat="59.167870" lon="11.519985"><ele>0.000000</ele><time>2026-09-14T11:48:39.039Z</time></trkpt><trkpt lat="59.167881" lon="11.520014"><ele>0.000000</ele><time>2026-09-14T11:48:40.040Z</time></trkpt><trkpt lat="59.167892" lon="11.520043"><ele>0.000000</ele><time>2026-09-14T11:48:41.041Z</time></trkpt><trkpt lat="59.167904" lon="11.520071"><ele>0.000000</ele><time>2026-09-14T11:48:42.042Z</time></trkpt><trkpt lat="59.167915" lon="11.520100"><ele>0.000000</ele><time>2026-09-14T11:48:43.043Z</time></trkpt><trkpt lat="59.167926" lon="11.520128"><ele>0.000000</ele><time>2026-09-14T11:48:44.044Z</time></trkpt><trkpt lat="59.167938" lon="11.520157"><ele>0.000000</ele><time>2026-09-14T11:48:45.045Z</time></trkpt><trkpt lat="59.167950" lon="11.520185"><ele>0.000000</ele><time>2026-09-14T11:48:46.046Z</time></trkpt><trkpt lat="59.167962" lon="11.520213"><ele>0.000000</ele><time>2026-09-14T11:48:47.047Z</time></trkpt><trkpt lat="59.167974" lon="11.520242"><ele>0.000000</ele><time>2026-09-14T11:48:48.048Z</time></trkpt><trkpt lat="59.167986" lon="11.520272"><ele>0.000000</ele><time>2026-09-14T11:48:49.049Z</time></trkpt><trkpt lat="59.167997" lon="11.520299"><ele>0.000000</ele><time>2026-09-14T11:48:50.050Z</time></trkpt><trkpt lat="59.168010" lon="11.520327"><ele>0.000000</ele><time>2026-09-14T11:48:51.051Z</time></trkpt><trkpt lat="59.168023" lon="11.520355"><ele>0.000000</ele><time>2026-09-14T11:48:52.052Z</time></trkpt><trkpt lat="59.168035" lon="11.520384"><ele>0.000000</ele><time>2026-09-14T11:48:53.053Z</time></trkpt><trkpt lat="59.168047" lon="11.520412"><ele>0.000000</ele><time>2026-09-14T11:48:54.054Z</time></trkpt><trkpt lat="59.168059" lon="11.520440"><ele>0.000000</ele><time>2026-09-14T11:48:55.055Z</time></trkpt><trkpt lat="59.168072" lon="11.520469"><ele>0.000000</ele><time>2026-09-14T11:48:56.056Z</time></trkpt><trkpt lat="59.168084" lon="11.520497"><ele>0.000000</ele><time>2026-09-14T11:48:57.057Z</time></trkpt><trkpt lat="59.168095" lon="11.520525"><ele>0.000000</ele><time>2026-09-14T11:48:58.058Z</time></trkpt><trkpt lat="59.168107" lon="11.520553"><ele>0.000000</ele><time>2026-09-14T11:48:59.059Z</time></trkpt><trkpt lat="59.168119" lon="11.520580"><ele>0.000000</ele><time>2026-09-14T11:49:00.000Z</time></trkpt><trkpt lat="59.168132" lon="11.520606"><ele>0.000000</ele><time>2026-09-14T11:49:01.001Z</time></trkpt><trkpt lat="59.168145" lon="11.520633"><ele>0.000000</ele><time>2026-09-14T11:49:02.002Z</time></trkpt><trkpt lat="59.168158" lon="11.520658"><ele>0.000000</ele><time>2026-09-14T11:49:03.003Z</time></trkpt><trkpt lat="59.168171" lon="11.520685"><ele>0.000000</ele><time>2026-09-14T11:49:04.004Z</time></trkpt><trkpt lat="59.168185" lon="11.520712"><ele>0.000000</ele><time>2026-09-14T11:49:05.005Z</time></trkpt><trkpt lat="59.168197" lon="11.520741"><ele>0.000000</ele><time>2026-09-14T11:49:06.006Z</time></trkpt><trkpt lat="59.168209" lon="11.520769"><ele>0.000000</ele><time>2026-09-14T11:49:07.007Z</time></trkpt><trkpt lat="59.168221" lon="11.520797"><ele>0.000000</ele><time>2026-09-14T11:49:08.008Z</time></trkpt><trkpt lat="59.168233" lon="11.520826"><ele>0.000000</ele><time>2026-09-14T11:49:09.009Z</time></trkpt><trkpt lat="59.168244" lon="11.520854"><ele>0.000000</ele><time>2026-09-14T11:49:10.010Z</time></trkpt><trkpt lat="59.168255" lon="11.520882"><ele>0.000000</ele><time>2026-09-14T11:49:11.011Z</time></trkpt><trkpt lat="59.168267" lon="11.520912"><ele>0.000000</ele><time>2026-09-14T11:49:12.012Z</time></trkpt><trkpt lat="59.168278" lon="11.520940"><ele>0.000000</ele><time>2026-09-14T11:49:13.013Z</time></trkpt><trkpt lat="59.168289" lon="11.520967"><ele>0.000000</ele><time>2026-09-14T11:49:14.014Z</time></trkpt><trkpt lat="59.168300" lon="11.520995"><ele>0.000000</ele><time>2026-09-14T11:49:15.015Z</time></trkpt><trkpt lat="59.168311" lon="11.521025"><ele>0.000000</ele><time>2026-09-14T11:49:16.016Z</time></trkpt><trkpt lat="59.168322" lon="11.521054"><ele>0.000000</ele><time>2026-09-14T11:49:17.017Z</time></trkpt><trkpt lat="59.168333" lon="11.521082"><ele>0.000000</ele><time>2026-09-14T11:49:18.018Z</time></trkpt><trkpt lat="59.168345" lon="11.521111"><ele>0.000000</ele><time>2026-09-14T11:49:19.019Z</time></trkpt><trkpt lat="59.168356" lon="11.521139"><ele>0.000000</ele><time>2026-09-14T11:49:20.020Z</time></trkpt><trkpt lat="59.168366" lon="11.521166"><ele>0.000000</ele><time>2026-09-14T11:49:21.021Z</time></trkpt><trkpt lat="59.168378" lon="11.521193"><ele>0.000000</ele><time>2026-09-14T11:49:22.022Z</time></trkpt><trkpt lat="59.168390" lon="11.521220"><ele>0.000000</ele><time>2026-09-14T11:49:23.023Z</time></trkpt><trkpt lat="59.168402" lon="11.521248"><ele>0.000000</ele><time>2026-09-14T11:49:24.024Z</time></trkpt><trkpt lat="59.168413" lon="11.521277"><ele>0.000000</ele><time>2026-09-14T11:49:25.025Z</time></trkpt><trkpt lat="59.168425" lon="11.521305"><ele>0.000000</ele><time>2026-09-14T11:49:26.026Z</time></trkpt><trkpt lat="59.168436" lon="11.521334"><ele>0.000000</ele><time>2026-09-14T11:49:27.027Z</time></trkpt><trkpt lat="59.168448" lon="11.521362"><ele>0.000000</ele><time>2026-09-14T11:49:28.028Z</time></trkpt><trkpt lat="59.168460" lon="11.521392"><ele>0.000000</ele><time>2026-09-14T11:49:29.029Z</time></trkpt><trkpt lat="59.168472" lon="11.521421"><ele>0.000000</ele><time>2026-09-14T11:49:30.030Z</time></trkpt><trkpt lat="59.168483" lon="11.521448"><ele>0.000000</ele><time>2026-09-14T11:49:31.031Z</time></trkpt><trkpt lat="59.168494" lon="11.521477"><ele>0.000000</ele><time>2026-09-14T11:49:32.032Z</time></trkpt><trkpt lat="59.168506" lon="11.521505"><ele>0.000000</ele><time>2026-09-14T11:49:33.033Z</time></trkpt><trkpt lat="59.168518" lon="11.521532"><ele>0.000000</ele><time>2026-09-14T11:49:34.034Z</time></trkpt><trkpt lat="59.168530" lon="11.521560"><ele>0.000000</ele><time>2026-09-14T11:49:35.035Z</time></trkpt><trkpt lat="59.168542" lon="11.521587"><ele>0.000000</ele><time>2026-09-14T11:49:36.036Z</time></trkpt><trkpt lat="59.168554" lon="11.521614"><ele>0.000000</ele><time>2026-09-14T11:49:37.037Z</time></trkpt><trkpt lat="59.168567" lon="11.521640"><ele>0.000000</ele><time>2026-09-14T11:49:38.038Z</time></trkpt><trkpt lat="59.168580" lon="11.521666"><ele>0.000000</ele><time>2026-09-14T11:49:39.039Z</time></trkpt><trkpt lat="59.168592" lon="11.521692"><ele>0.000000</ele><time>2026-09-14T11:49:40.040Z</time></trkpt><trkpt lat="59.168605" lon="11.521716"><ele>0.000000</ele><time>2026-09-14T11:49:41.041Z</time></trkpt><trkpt lat="59.168618" lon="11.521741"><ele>0.000000</ele><time>2026-09-14T11:49:42.042Z</time></trkpt><trkpt lat="59.168631" lon="11.521766"><ele>0.000000</ele><time>2026-09-14T11:49:43.043Z</time></trkpt><trkpt lat="59.168644" lon="11.521792"><ele>0.000000</ele><time>2026-09-14T11:49:44.044Z</time></trkpt><trkpt lat="59.168657" lon="11.521817"><ele>0.000000</ele><time>2026-09-14T11:49:45.045Z</time></trkpt><trkpt lat="59.168670" lon="11.521843"><ele>0.000000</ele><time>2026-09-14T11:49:46.046Z</time></trkpt><trkpt lat="59.168682" lon="11.521870"><ele>0.000000</ele><time>2026-09-14T11:49:47.047Z</time></trkpt><trkpt lat="59.168693" lon="11.521898"><ele>0.000000</ele><time>2026-09-14T11:49:48.048Z</time></trkpt><trkpt lat="59.168705" lon="11.521926"><ele>0.000000</ele><time>2026-09-14T11:49:49.049Z</time></trkpt><trkpt lat="59.168716" lon="11.521956"><ele>0.000000</ele><time>2026-09-14T11:49:50.050Z</time></trkpt><trkpt lat="59.168728" lon="11.521985"><ele>0.000000</ele><time>2026-09-14T11:49:51.051Z</time></trkpt><trkpt lat="59.168739" lon="11.522011"><ele>0.000000</ele><time>2026-09-14T11:49:52.052Z</time></trkpt><trkpt lat="59.168750" lon="11.522041"><ele>0.000000</ele><time>2026-09-14T11:49:53.053Z</time></trkpt><trkpt lat="59.168763" lon="11.522070"><ele>0.000000</ele><time>2026-09-14T11:49:54.054Z</time></trkpt><trkpt lat="59.168775" lon="11.522097"><ele>0.000000</ele><time>2026-09-14T11:49:55.055Z</time></trkpt><trkpt lat="59.168787" lon="11.522125"><ele>0.000000</ele><time>2026-09-14T11:49:56.056Z</time></trkpt><trkpt lat="59.168800" lon="11.522154"><ele>0.000000</ele><time>2026-09-14T11:49:57.057Z</time></trkpt><trkpt lat="59.168813" lon="11.522183"><ele>0.000000</ele><time>2026-09-14T11:49:58.058Z</time></trkpt><trkpt lat="59.168825" lon="11.522211"><ele>0.000000</ele><time>2026-09-14T11:49:59.059Z</time></trkpt><trkpt lat="59.168837" lon="11.522237"><ele>0.000000</ele><time>2026-09-14T11:50:00.000Z</time></trkpt><trkpt lat="59.168849" lon="11.522264"><ele>0.000000</ele><time>2026-09-14T11:50:01.001Z</time></trkpt><trkpt lat="59.168861" lon="11.522292"><ele>0.000000</ele><time>2026-09-14T11:50:02.002Z</time></trkpt><trkpt lat="59.168874" lon="11.522319"><ele>0.000000</ele><time>2026-09-14T11:50:03.003Z</time></trkpt><trkpt lat="59.168886" lon="11.522347"><ele>0.000000</ele><time>2026-09-14T11:50:04.004Z</time></trkpt><trkpt lat="59.168898" lon="11.522373"><ele>0.000000</ele><time>2026-09-14T11:50:05.005Z</time></trkpt><trkpt lat="59.168910" lon="11.522399"><ele>0.000000</ele><time>2026-09-14T11:50:06.006Z</time></trkpt><trkpt lat="59.168922" lon="11.522427"><ele>0.000000</ele><time>2026-09-14T11:50:07.007Z</time></trkpt><trkpt lat="59.168933" lon="11.522451"><ele>0.000000</ele><time>2026-09-14T11:50:08.008Z</time></trkpt><trkpt lat="59.168945" lon="11.522475"><ele>0.000000</ele><time>2026-09-14T11:50:09.009Z</time></trkpt><trkpt lat="59.168958" lon="11.522499"><ele>0.000000</ele><time>2026-09-14T11:50:10.010Z</time></trkpt><trkpt lat="59.168971" lon="11.522524"><ele>0.000000</ele><time>2026-09-14T11:50:11.011Z</time></trkpt><trkpt lat="59.168983" lon="11.522549"><ele>0.000000</ele><time>2026-09-14T11:50:12.012Z</time></trkpt><trkpt lat="59.168995" lon="11.522573"><ele>0.000000</ele><time>2026-09-14T11:50:13.013Z</time></trkpt><trkpt lat="59.169008" lon="11.522595"><ele>0.000000</ele><time>2026-09-14T11:50:14.014Z</time></trkpt><trkpt lat="59.169020" lon="11.522617"><ele>0.000000</ele><time>2026-09-14T11:50:15.015Z</time></trkpt><trkpt lat="59.169033" lon="11.522640"><ele>0.000000</ele><time>2026-09-14T11:50:16.016Z</time></trkpt><trkpt lat="59.169046" lon="11.522664"><ele>0.000000</ele><time>2026-09-14T11:50:17.017Z</time></trkpt><trkpt lat="59.169059" lon="11.522688"><ele>0.000000</ele><time>2026-09-14T11:50:18.018Z</time></trkpt><trkpt lat="59.169072" lon="11.522712"><ele>0.000000</ele><time>2026-09-14T11:50:19.019Z</time></trkpt><trkpt lat="59.169084" lon="11.522737"><ele>0.000000</ele><time>2026-09-14T11:50:20.020Z</time></trkpt><trkpt lat="59.169097" lon="11.522762"><ele>0.000000</ele><time>2026-09-14T11:50:21.021Z</time></trkpt><trkpt lat="59.169110" lon="11.522788"><ele>0.000000</ele><time>2026-09-14T11:50:22.022Z</time></trkpt><trkpt lat="59.169123" lon="11.522814"><ele>0.000000</ele><time>2026-09-14T11:50:23.023Z</time></trkpt><trkpt lat="59.169135" lon="11.522840"><ele>0.000000</ele><time>2026-09-14T11:50:24.024Z</time></trkpt><trkpt lat="59.169148" lon="11.522866"><ele>0.000000</ele><time>2026-09-14T11:50:25.025Z</time></trkpt><trkpt lat="59.169160" lon="11.522894"><ele>0.000000</ele><time>2026-09-14T11:50:26.026Z</time></trkpt><trkpt lat="59.169173" lon="11.522922"><ele>0.000000</ele><time>2026-09-14T11:50:27.027Z</time></trkpt><trkpt lat="59.169185" lon="11.522948"><ele>0.000000</ele><time>2026-09-14T11:50:28.028Z</time></trkpt><trkpt lat="59.169199" lon="11.522974"><ele>0.000000</ele><time>2026-09-14T11:50:29.029Z</time></trkpt><trkpt lat="59.169212" lon="11.522998"><ele>0.000000</ele><time>2026-09-14T11:50:30.030Z</time></trkpt><trkpt lat="59.169226" lon="11.523024"><ele>0.000000</ele><time>2026-09-14T11:50:31.031Z</time></trkpt><trkpt lat="59.169240" lon="11.523050"><ele>0.000000</ele><time>2026-09-14T11:50:32.032Z</time></trkpt><trkpt lat="59.169253" lon="11.523076"><ele>0.000000</ele><time>2026-09-14T11:50:33.033Z</time></trkpt><trkpt lat="59.169267" lon="11.523101"><ele>0.000000</ele><time>2026-09-14T11:50:34.034Z</time></trkpt><trkpt lat="59.169280" lon="11.523127"><ele>0.000000</ele><time>2026-09-14T11:50:35.035Z</time></trkpt><trkpt lat="59.169293" lon="11.523153"><ele>0.000000</ele><time>2026-09-14T11:50:36.036Z</time></trkpt><trkpt lat="59.169306" lon="11.523179"><ele>0.000000</ele><time>2026-09-14T11:50:37.037Z</time></trkpt><trkpt lat="59.169319" lon="11.523203"><ele>0.000000</ele><time>2026-09-14T11:50:38.038Z</time></trkpt><trkpt lat="59.169331" lon="11.523228"><ele>0.000000</ele><time>2026-09-14T11:50:39.039Z</time></trkpt><trkpt lat="59.169344" lon="11.523254"><ele>0.000000</ele><time>2026-09-14T11:50:40.040Z</time></trkpt><trkpt lat="59.169356" lon="11.523279"><ele>0.000000</ele><time>2026-09-14T11:50:41.041Z</time></trkpt><trkpt lat="59.169369" lon="11.523307"><ele>0.000000</ele><time>2026-09-14T11:50:42.042Z</time></trkpt><trkpt lat="59.169380" lon="11.523333"><ele>0.000000</ele><time>2026-09-14T11:50:43.043Z</time></trkpt><trkpt lat="59.169392" lon="11.523360"><ele>0.000000</ele><time>2026-09-14T11:50:44.044Z</time></trkpt><trkpt lat="59.169404" lon="11.523386"><ele>0.000000</ele><time>2026-09-14T11:50:45.045Z</time></trkpt><trkpt lat="59.169416" lon="11.523412"><ele>0.000000</ele><time>2026-09-14T11:50:46.046Z</time></trkpt><trkpt lat="59.169428" lon="11.523438"><ele>0.000000</ele><time>2026-09-14T11:50:47.047Z</time></trkpt><trkpt lat="59.169441" lon="11.523462"><ele>0.000000</ele><time>2026-09-14T11:50:48.048Z</time></trkpt><trkpt lat="59.169453" lon="11.523488"><ele>0.000000</ele><time>2026-09-14T11:50:49.049Z</time></trkpt><trkpt lat="59.169465" lon="11.523514"><ele>0.000000</ele><time>2026-09-14T11:50:50.050Z</time></trkpt><trkpt lat="59.169478" lon="11.523540"><ele>0.000000</ele><time>2026-09-14T11:50:51.051Z</time></trkpt><trkpt lat="59.169491" lon="11.523565"><ele>0.000000</ele><time>2026-09-14T11:50:52.052Z</time></trkpt><trkpt lat="59.169504" lon="11.523588"><ele>0.000000</ele><time>2026-09-14T11:50:53.053Z</time></trkpt><trkpt lat="59.169517" lon="11.523612"><ele>0.000000</ele><time>2026-09-14T11:50:54.054Z</time></trkpt><trkpt lat="59.169530" lon="11.523635"><ele>0.000000</ele><time>2026-09-14T11:50:55.055Z</time></trkpt><trkpt lat="59.169543" lon="11.523657"><ele>0.000000</ele><time>2026-09-14T11:50:56.056Z</time></trkpt><trkpt lat="59.169557" lon="11.523680"><ele>0.000000</ele><time>2026-09-14T11:50:57.057Z</time></trkpt><trkpt lat="59.169570" lon="11.523702"><ele>0.000000</ele><time>2026-09-14T11:50:58.058Z</time></trkpt><trkpt lat="59.169583" lon="11.523725"><ele>0.000000</ele><time>2026-09-14T11:50:59.059Z</time></trkpt><trkpt lat="59.169595" lon="11.523748"><ele>0.000000</ele><time>2026-09-14T11:51:00.000Z</time></trkpt><trkpt lat="59.169608" lon="11.523772"><ele>0.000000</ele><time>2026-09-14T11:51:01.001Z</time></trkpt><trkpt lat="59.169620" lon="11.523795"><ele>0.000000</ele><time>2026-09-14T11:51:02.002Z</time></trkpt><trkpt lat="59.169631" lon="11.523820"><ele>0.000000</ele><time>2026-09-14T11:51:03.003Z</time></trkpt><trkpt lat="59.169643" lon="11.523844"><ele>0.000000</ele><time>2026-09-14T11:51:04.004Z</time></trkpt><trkpt lat="59.169655" lon="11.523869"><ele>0.000000</ele><time>2026-09-14T11:51:05.005Z</time></trkpt><trkpt lat="59.169667" lon="11.523894"><ele>0.000000</ele><time>2026-09-14T11:51:06.006Z</time></trkpt><trkpt lat="59.169679" lon="11.523918"><ele>0.000000</ele><time>2026-09-14T11:51:07.007Z</time></trkpt><trkpt lat="59.169691" lon="11.523943"><ele>0.000000</ele><time>2026-09-14T11:51:08.008Z</time></trkpt><trkpt lat="59.169703" lon="11.523965"><ele>0.000000</ele><time>2026-09-14T11:51:09.009Z</time></trkpt><trkpt lat="59.169715" lon="11.523988"><ele>0.000000</ele><time>2026-09-14T11:51:10.010Z</time></trkpt><trkpt lat="59.169727" lon="11.524011"><ele>0.000000</ele><time>2026-09-14T11:51:11.011Z</time></trkpt><trkpt lat="59.169739" lon="11.524034"><ele>0.000000</ele><time>2026-09-14T11:51:12.012Z</time></trkpt><trkpt lat="59.169751" lon="11.524056"><ele>0.000000</ele><time>2026-09-14T11:51:13.013Z</time></trkpt><trkpt lat="59.169764" lon="11.524078"><ele>0.000000</ele><time>2026-09-14T11:51:14.014Z</time></trkpt><trkpt lat="59.169776" lon="11.524100"><ele>0.000000</ele><time>2026-09-14T11:51:15.015Z</time></trkpt><trkpt lat="59.169789" lon="11.524123"><ele>0.000000</ele><time>2026-09-14T11:51:16.016Z</time></trkpt><trkpt lat="59.169801" lon="11.524145"><ele>0.000000</ele><time>2026-09-14T11:51:17.017Z</time></trkpt><trkpt lat="59.169814" lon="11.524167"><ele>0.000000</ele><time>2026-09-14T11:51:18.018Z</time></trkpt><trkpt lat="59.169828" lon="11.524189"><ele>0.000000</ele><time>2026-09-14T11:51:19.019Z</time></trkpt><trkpt lat="59.169841" lon="11.524211"><ele>0.000000</ele><time>2026-09-14T11:51:20.020Z</time></trkpt><trkpt lat="59.169854" lon="11.524233"><ele>0.000000</ele><time>2026-09-14T11:51:21.021Z</time></trkpt><trkpt lat="59.169867" lon="11.524255"><ele>0.000000</ele><time>2026-09-14T11:51:22.022Z</time></trkpt><trkpt lat="59.169880" lon="11.524278"><ele>0.000000</ele><time>2026-09-14T11:51:23.023Z</time></trkpt><trkpt lat="59.169894" lon="11.524300"><ele>0.000000</ele><time>2026-09-14T11:51:24.024Z</time></trkpt><trkpt lat="59.169907" lon="11.524322"><ele>0.000000</ele><time>2026-09-14T11:51:25.025Z</time></trkpt><trkpt lat="59.169920" lon="11.524343"><ele>0.000000</ele><time>2026-09-14T11:51:26.026Z</time></trkpt><trkpt lat="59.169934" lon="11.524365"><ele>0.000000</ele><time>2026-09-14T11:51:27.027Z</time></trkpt><trkpt lat="59.169946" lon="11.524387"><ele>0.000000</ele><time>2026-09-14T11:51:28.028Z</time></trkpt><trkpt lat="59.169959" lon="11.524410"><ele>0.000000</ele><time>2026-09-14T11:51:29.029Z</time></trkpt><trkpt lat="59.169972" lon="11.524432"><ele>0.000000</ele><time>2026-09-14T11:51:30.030Z</time></trkpt><trkpt lat="59.169985" lon="11.524454"><ele>0.000000</ele><time>2026-09-14T11:51:31.031Z</time></trkpt><trkpt lat="59.169998" lon="11.524477"><ele>0.000000</ele><time>2026-09-14T11:51:32.032Z</time></trkpt><trkpt lat="59.170011" lon="11.524501"><ele>0.000000</ele><time>2026-09-14T11:51:33.033Z</time></trkpt><trkpt lat="59.170024" lon="11.524525"><ele>0.000000</ele><time>2026-09-14T11:51:34.034Z</time></trkpt><trkpt lat="59.170037" lon="11.524549"><ele>0.000000</ele><time>2026-09-14T11:51:35.035Z</time></trkpt><trkpt lat="59.170051" lon="11.524571"><ele>0.000000</ele><time>2026-09-14T11:51:36.036Z</time></trkpt><trkpt lat="59.170065" lon="11.524593"><ele>0.000000</ele><time>2026-09-14T11:51:37.037Z</time></trkpt><trkpt lat="59.170078" lon="11.524614"><ele>0.000000</ele><time>2026-09-14T11:51:38.038Z</time></trkpt><trkpt lat="59.170091" lon="11.524637"><ele>0.000000</ele><time>2026-09-14T11:51:39.039Z</time></trkpt><trkpt lat="59.170105" lon="11.524658"><ele>0.000000</ele><time>2026-09-14T11:51:40.040Z</time></trkpt><trkpt lat="59.170118" lon="11.524679"><ele>0.000000</ele><time>2026-09-14T11:51:41.041Z</time></trkpt><trkpt lat="59.170132" lon="11.524699"><ele>0.000000</ele><time>2026-09-14T11:51:42.042Z</time></trkpt><trkpt lat="59.170145" lon="11.524721"><ele>0.000000</ele><time>2026-09-14T11:51:43.043Z</time></trkpt><trkpt lat="59.170159" lon="11.524743"><ele>0.000000</ele><time>2026-09-14T11:51:44.044Z</time></trkpt><trkpt lat="59.170172" lon="11.524765"><ele>0.000000</ele><time>2026-09-14T11:51:45.045Z</time></trkpt><trkpt lat="59.170186" lon="11.524788"><ele>0.000000</ele><time>2026-09-14T11:51:46.046Z</time></trkpt><trkpt lat="59.170200" lon="11.524811"><ele>0.000000</ele><time>2026-09-14T11:51:47.047Z</time></trkpt><trkpt lat="59.170213" lon="11.524836"><ele>0.000000</ele><time>2026-09-14T11:51:48.048Z</time></trkpt><trkpt lat="59.170227" lon="11.524860"><ele>0.000000</ele><time>2026-09-14T11:51:49.049Z</time></trkpt><trkpt lat="59.170240" lon="11.524884"><ele>0.000000</ele><time>2026-09-14T11:51:50.050Z</time></trkpt><trkpt lat="59.170254" lon="11.524906"><ele>0.000000</ele><time>2026-09-14T11:51:51.051Z</time></trkpt><trkpt lat="59.170267" lon="11.524925"><ele>0.000000</ele><time>2026-09-14T11:51:52.052Z</time></trkpt><trkpt lat="59.170280" lon="11.524946"><ele>0.000000</ele><time>2026-09-14T11:51:53.053Z</time></trkpt><trkpt lat="59.170294" lon="11.524965"><ele>0.000000</ele><time>2026-09-14T11:51:54.054Z</time></trkpt><trkpt lat="59.170308" lon="11.524983"><ele>0.000000</ele><time>2026-09-14T11:51:55.055Z</time></trkpt><trkpt lat="59.170323" lon="11.525001"><ele>0.000000</ele><time>2026-09-14T11:51:56.056Z</time></trkpt><trkpt lat="59.170337" lon="11.525018"><ele>0.000000</ele><time>2026-09-14T11:51:57.057Z</time></trkpt><trkpt lat="59.170353" lon="11.525033"><ele>0.000000</ele><time>2026-09-14T11:51:58.058Z</time></trkpt><trkpt lat="59.170368" lon="11.525048"><ele>0.000000</ele><time>2026-09-14T11:51:59.059Z</time></trkpt><trkpt lat="59.170384" lon="11.525064"><ele>0.000000</ele><time>2026-09-14T11:52:00.000Z</time></trkpt><trkpt lat="59.170399" lon="11.525079"><ele>0.000000</ele><time>2026-09-14T11:52:01.001Z</time></trkpt><trkpt lat="59.170414" lon="11.525095"><ele>0.000000</ele><time>2026-09-14T11:52:02.002Z</time></trkpt><trkpt lat="59.170430" lon="11.525110"><ele>0.000000</ele><time>2026-09-14T11:52:03.003Z</time></trkpt><trkpt lat="59.170446" lon="11.525125"><ele>0.000000</ele><time>2026-09-14T11:52:04.004Z</time></trkpt><trkpt lat="59.170461" lon="11.525142"><ele>0.000000</ele><time>2026-09-14T11:52:05.005Z</time></trkpt><trkpt lat="59.170477" lon="11.525161"><ele>0.000000</ele><time>2026-09-14T11:52:06.006Z</time></trkpt><trkpt lat="59.170492" lon="11.525179"><ele>0.000000</ele><time>2026-09-14T11:52:07.007Z</time></trkpt><trkpt lat="59.170507" lon="11.525197"><ele>0.000000</ele><time>2026-09-14T11:52:08.008Z</time></trkpt><trkpt lat="59.170522" lon="11.525216"><ele>0.000000</ele><time>2026-09-14T11:52:09.009Z</time></trkpt><trkpt lat="59.170536" lon="11.525236"><ele>0.000000</ele><time>2026-09-14T11:52:10.010Z</time></trkpt><trkpt lat="59.170551" lon="11.525256"><ele>0.000000</ele><time>2026-09-14T11:52:11.011Z</time></trkpt><trkpt lat="59.170565" lon="11.525274"><ele>0.000000</ele><time>2026-09-14T11:52:12.012Z</time></trkpt><trkpt lat="59.170580" lon="11.525294"><ele>0.000000</ele><time>2026-09-14T11:52:13.013Z</time></trkpt><trkpt lat="59.170595" lon="11.525312"><ele>0.000000</ele><time>2026-09-14T11:52:14.014Z</time></trkpt><trkpt lat="59.170609" lon="11.525329"><ele>0.000000</ele><time>2026-09-14T11:52:15.015Z</time></trkpt><trkpt lat="59.170624" lon="11.525347"><ele>0.000000</ele><time>2026-09-14T11:52:16.016Z</time></trkpt><trkpt lat="59.170639" lon="11.525364"><ele>0.000000</ele><time>2026-09-14T11:52:17.017Z</time></trkpt><trkpt lat="59.170653" lon="11.525381"><ele>0.000000</ele><time>2026-09-14T11:52:18.018Z</time></trkpt><trkpt lat="59.170669" lon="11.525396"><ele>0.000000</ele><time>2026-09-14T11:52:19.019Z</time></trkpt><trkpt lat="59.170685" lon="11.525412"><ele>0.000000</ele><time>2026-09-14T11:52:20.020Z</time></trkpt><trkpt lat="59.170701" lon="11.525427"><ele>0.000000</ele><time>2026-09-14T11:52:21.021Z</time></trkpt><trkpt lat="59.170717" lon="11.525441"><ele>0.000000</ele><time>2026-09-14T11:52:22.022Z</time></trkpt><trkpt lat="59.170733" lon="11.525456"><ele>0.000000</ele><time>2026-09-14T11:52:23.023Z</time></trkpt><trkpt lat="59.170750" lon="11.525470"><ele>0.000000</ele><time>2026-09-14T11:52:24.024Z</time></trkpt><trkpt lat="59.170766" lon="11.525485"><ele>0.000000</ele><time>2026-09-14T11:52:25.025Z</time></trkpt><trkpt lat="59.170783" lon="11.525500"><ele>0.000000</ele><time>2026-09-14T11:52:26.026Z</time></trkpt><trkpt lat="59.170799" lon="11.525515"><ele>0.000000</ele><time>2026-09-14T11:52:27.027Z</time></trkpt><trkpt lat="59.170816" lon="11.525530"><ele>0.000000</ele><time>2026-09-14T11:52:28.028Z</time></trkpt><trkpt lat="59.170831" lon="11.525545"><ele>0.000000</ele><time>2026-09-14T11:52:29.029Z</time></trkpt><trkpt lat="59.170847" lon="11.525559"><ele>0.000000</ele><time>2026-09-14T11:52:30.030Z</time></trkpt><trkpt lat="59.170864" lon="11.525574"><ele>0.000000</ele><time>2026-09-14T11:52:31.031Z</time></trkpt><trkpt lat="59.170880" lon="11.525587"><ele>0.000000</ele><time>2026-09-14T11:52:32.032Z</time></trkpt><trkpt lat="59.170896" lon="11.525601"><ele>0.000000</ele><time>2026-09-14T11:52:33.033Z</time></trkpt><trkpt lat="59.170912" lon="11.525612"><ele>0.000000</ele><time>2026-09-14T11:52:34.034Z</time></trkpt><trkpt lat="59.170928" lon="11.525624"><ele>0.000000</ele><time>2026-09-14T11:52:35.035Z</time></trkpt><trkpt lat="59.170945" lon="11.525638"><ele>0.000000</ele><time>2026-09-14T11:52:36.036Z</time></trkpt><trkpt lat="59.170960" lon="11.525651"><ele>0.000000</ele><time>2026-09-14T11:52:37.037Z</time></trkpt><trkpt lat="59.170977" lon="11.525665"><ele>0.000000</ele><time>2026-09-14T11:52:38.038Z</time></trkpt><trkpt lat="59.170992" lon="11.525680"><ele>0.000000</ele><time>2026-09-14T11:52:39.039Z</time></trkpt><trkpt lat="59.171009" lon="11.525695"><ele>0.000000</ele><time>2026-09-14T11:52:40.040Z</time></trkpt><trkpt lat="59.171025" lon="11.525709"><ele>0.000000</ele><time>2026-09-14T11:52:41.041Z</time></trkpt><trkpt lat="59.171040" lon="11.525720"><ele>0.000000</ele><time>2026-09-14T11:52:42.042Z</time></trkpt><trkpt lat="59.171056" lon="11.525733"><ele>0.000000</ele><time>2026-09-14T11:52:43.043Z</time></trkpt><trkpt lat="59.171070" lon="11.525746"><ele>0.000000</ele><time>2026-09-14T11:52:44.044Z</time></trkpt><trkpt lat="59.171084" lon="11.525759"><ele>0.000000</ele><time>2026-09-14T11:52:45.045Z</time></trkpt><trkpt lat="59.171099" lon="11.525770"><ele>0.000000</ele><time>2026-09-14T11:52:46.046Z</time></trkpt><trkpt lat="59.171113" lon="11.525783"><ele>0.000000</ele><time>2026-09-14T11:52:47.047Z</time></trkpt><trkpt lat="59.171128" lon="11.525795"><ele>0.000000</ele><time>2026-09-14T11:52:48.048Z</time></trkpt><trkpt lat="59.171142" lon="11.525807"><ele>0.000000</ele><time>2026-09-14T11:52:49.049Z</time></trkpt><trkpt lat="59.171158" lon="11.525819"><ele>0.000000</ele><time>2026-09-14T11:52:50.050Z</time></trkpt><trkpt lat="59.171173" lon="11.525830"><ele>0.000000</ele><time>2026-09-14T11:52:51.051Z</time></trkpt><trkpt lat="59.171188" lon="11.525841"><ele>0.000000</ele><time>2026-09-14T11:52:52.052Z</time></trkpt><trkpt lat="59.171204" lon="11.525852"><ele>0.000000</ele><time>2026-09-14T11:52:53.053Z</time></trkpt><trkpt lat="59.171220" lon="11.525861"><ele>0.000000</ele><time>2026-09-14T11:52:54.054Z</time></trkpt><trkpt lat="59.171235" lon="11.525869"><ele>0.000000</ele><time>2026-09-14T11:52:55.055Z</time></trkpt><trkpt lat="59.171252" lon="11.525875"><ele>0.000000</ele><time>2026-09-14T11:52:56.056Z</time></trkpt><trkpt lat="59.171268" lon="11.525881"><ele>0.000000</ele><time>2026-09-14T11:52:57.057Z</time></trkpt><trkpt lat="59.171284" lon="11.525885"><ele>0.000000</ele><time>2026-09-14T11:52:58.058Z</time></trkpt><trkpt lat="59.171300" lon="11.525888"><ele>0.000000</ele><time>2026-09-14T11:52:59.059Z</time></trkpt><trkpt lat="59.171317" lon="11.525892"><ele>0.000000</ele><time>2026-09-14T11:53:00.000Z</time></trkpt><trkpt lat="59.171334" lon="11.525895"><ele>0.000000</ele><time>2026-09-14T11:53:01.001Z</time></trkpt><trkpt lat="59.171350" lon="11.525898"><ele>0.000000</ele><time>2026-09-14T11:53:02.002Z</time></trkpt><trkpt lat="59.171367" lon="11.525900"><ele>0.000000</ele><time>2026-09-14T11:53:03.003Z</time></trkpt><trkpt lat="59.171384" lon="11.525902"><ele>0.000000</ele><time>2026-09-14T11:53:04.004Z</time></trkpt><trkpt lat="59.171402" lon="11.525904"><ele>0.000000</ele><time>2026-09-14T11:53:05.005Z</time></trkpt><trkpt lat="59.171419" lon="11.525905"><ele>0.000000</ele><time>2026-09-14T11:53:06.006Z</time></trkpt><trkpt lat="59.171436" lon="11.525907"><ele>0.000000</ele><time>2026-09-14T11:53:07.007Z</time></trkpt><trkpt lat="59.171453" lon="11.525909"><ele>0.000000</ele><time>2026-09-14T11:53:08.008Z</time></trkpt><trkpt lat="59.171470" lon="11.525910"><ele>0.000000</ele><time>2026-09-14T11:53:09.009Z</time></trkpt><trkpt lat="59.171487" lon="11.525912"><ele>0.000000</ele><time>2026-09-14T11:53:10.010Z</time></trkpt><trkpt lat="59.171504" lon="11.525913"><ele>0.000000</ele><time>2026-09-14T11:53:11.011Z</time></trkpt><trkpt lat="59.171521" lon="11.525913"><ele>0.000000</ele><time>2026-09-14T11:53:12.012Z</time></trkpt><trkpt lat="59.171537" lon="11.525913"><ele>0.000000</ele><time>2026-09-14T11:53:13.013Z</time></trkpt><trkpt lat="59.171553" lon="11.525914"><ele>0.000000</ele><time>2026-09-14T11:53:14.014Z</time></trkpt><trkpt lat="59.171569" lon="11.525916"><ele>0.000000</ele><time>2026-09-14T11:53:15.015Z</time></trkpt><trkpt lat="59.171586" lon="11.525918"><ele>0.000000</ele><time>2026-09-14T11:53:16.016Z</time></trkpt><trkpt lat="59.171602" lon="11.525919"><ele>0.000000</ele><time>2026-09-14T11:53:17.017Z</time></trkpt><trkpt lat="59.171619" lon="11.525921"><ele>0.000000</ele><time>2026-09-14T11:53:18.018Z</time></trkpt><trkpt lat="59.171636" lon="11.525921"><ele>0.000000</ele><time>2026-09-14T11:53:19.019Z</time></trkpt><trkpt lat="59.171652" lon="11.525921"><ele>0.000000</ele><time>2026-09-14T11:53:20.020Z</time></trkpt><trkpt lat="59.171669" lon="11.525920"><ele>0.000000</ele><time>2026-09-14T11:53:21.021Z</time></trkpt><trkpt lat="59.171686" lon="11.525921"><ele>0.000000</ele><time>2026-09-14T11:53:22.022Z</time></trkpt><trkpt lat="59.171702" lon="11.525921"><ele>0.000000</ele><time>2026-09-14T11:53:23.023Z</time></trkpt><trkpt lat="59.171718" lon="11.525923"><ele>0.000000</ele><time>2026-09-14T11:53:24.024Z</time></trkpt><trkpt lat="59.171735" lon="11.525924"><ele>0.000000</ele><time>2026-09-14T11:53:25.025Z</time></trkpt><trkpt lat="59.171752" lon="11.525925"><ele>0.000000</ele><time>2026-09-14T11:53:26.026Z</time></trkpt><trkpt lat="59.171769" lon="11.525928"><ele>0.000000</ele><time>2026-09-14T11:53:27.027Z</time></trkpt><trkpt lat="59.171786" lon="11.525931"><ele>0.000000</ele><time>2026-09-14T11:53:28.028Z</time></trkpt><trkpt lat="59.171802" lon="11.525933"><ele>0.000000</ele><time>2026-09-14T11:53:29.029Z</time></trkpt><trkpt lat="59.171818" lon="11.525936"><ele>0.000000</ele><time>2026-09-14T11:53:30.030Z</time></trkpt><trkpt lat="59.171834" lon="11.525939"><ele>0.000000</ele><time>2026-09-14T11:53:31.031Z</time></trkpt><trkpt lat="59.171850" lon="11.525941"><ele>0.000000</ele><time>2026-09-14T11:53:32.032Z</time></trkpt><trkpt lat="59.171865" lon="11.525944"><ele>0.000000</ele><time>2026-09-14T11:53:33.033Z</time></trkpt><trkpt lat="59.171879" lon="11.525945"><ele>0.000000</ele><time>2026-09-14T11:53:34.034Z</time></trkpt><trkpt lat="59.171892" lon="11.525945"><ele>0.000000</ele><time>2026-09-14T11:53:35.035Z</time></trkpt><trkpt lat="59.171905" lon="11.525946"><ele>0.000000</ele><time>2026-09-14T11:53:36.036Z</time></trkpt><trkpt lat="59.171917" lon="11.525945"><ele>0.000000</ele><time>2026-09-14T11:53:37.037Z</time></trkpt><trkpt lat="59.171930" lon="11.525946"><ele>0.000000</ele><time>2026-09-14T11:53:38.038Z</time></trkpt><trkpt lat="59.171941" lon="11.525944"><ele>0.000000</ele><time>2026-09-14T11:53:39.039Z</time></trkpt><trkpt lat="59.171952" lon="11.525941"><ele>0.000000</ele><time>2026-09-14T11:53:40.040Z</time></trkpt><trkpt lat="59.171973" lon="11.525937"><ele>0.000000</ele><time>2026-09-14T11:53:42.042Z</time></trkpt><trkpt lat="59.171982" lon="11.525932"><ele>0.000000</ele><time>2026-09-14T11:53:43.043Z</time></trkpt><trkpt lat="59.171999" lon="11.525927"><ele>0.000000</ele><time>2026-09-14T11:53:45.045Z</time></trkpt><trkpt lat="59.172006" lon="11.525927"><ele>0.000000</ele><time>2026-09-14T11:53:46.046Z</time></trkpt><trkpt lat="59.172014" lon="11.525928"><ele>0.000000</ele><time>2026-09-14T11:53:47.047Z</time></trkpt><trkpt lat="59.172032" lon="11.525934"><ele>0.000000</ele><time>2026-09-14T11:53:49.049Z</time></trkpt><trkpt lat="59.172052" lon="11.525945"><ele>0.000000</ele><time>2026-09-14T11:53:51.051Z</time></trkpt><trkpt lat="59.172075" lon="11.525957"><ele>0.000000</ele><time>2026-09-14T11:53:53.053Z</time></trkpt><trkpt lat="59.172089" lon="11.525964"><ele>0.000000</ele><time>2026-09-14T11:53:54.054Z</time></trkpt><trkpt lat="59.172102" lon="11.525971"><ele>0.000000</ele><time>2026-09-14T11:53:55.055Z</time></trkpt><trkpt lat="59.172116" lon="11.525977"><ele>0.000000</ele><time>2026-09-14T11:53:56.056Z</time></trkpt><trkpt lat="59.172131" lon="11.525982"><ele>0.000000</ele><time>2026-09-14T11:53:57.057Z</time></trkpt><trkpt lat="59.172147" lon="11.525987"><ele>0.000000</ele><time>2026-09-14T11:53:58.058Z</time></trkpt><trkpt lat="59.172162" lon="11.525990"><ele>0.000000</ele><time>2026-09-14T11:53:59.059Z</time></trkpt><trkpt lat="59.172178" lon="11.525993"><ele>0.000000</ele><time>2026-09-14T11:54:00.000Z</time></trkpt><trkpt lat="59.172194" lon="11.525996"><ele>0.000000</ele><time>2026-09-14T11:54:01.001Z</time></trkpt><trkpt lat="59.172211" lon="11.526000"><ele>0.000000</ele><time>2026-09-14T11:54:02.002Z</time></trkpt><trkpt lat="59.172230" lon="11.526003"><ele>0.000000</ele><time>2026-09-14T11:54:03.003Z</time></trkpt><trkpt lat="59.172248" lon="11.526005"><ele>0.000000</ele><time>2026-09-14T11:54:04.004Z</time></trkpt><trkpt lat="59.172265" lon="11.526005"><ele>0.000000</ele><time>2026-09-14T11:54:05.005Z</time></trkpt><trkpt lat="59.172282" lon="11.526005"><ele>0.000000</ele><time>2026-09-14T11:54:06.006Z</time></trkpt><trkpt lat="59.172300" lon="11.526002"><ele>0.000000</ele><time>2026-09-14T11:54:07.007Z</time></trkpt><trkpt lat="59.172318" lon="11.526000"><ele>0.000000</ele><time>2026-09-14T11:54:08.008Z</time></trkpt><trkpt lat="59.172337" lon="11.525999"><ele>0.000000</ele><time>2026-09-14T11:54:09.009Z</time></trkpt><trkpt lat="59.172355" lon="11.525998"><ele>0.000000</ele><time>2026-09-14T11:54:10.010Z</time></trkpt><trkpt lat="59.172374" lon="11.525997"><ele>0.000000</ele><time>2026-09-14T11:54:11.011Z</time></trkpt><trkpt lat="59.172393" lon="11.525995"><ele>0.000000</ele><time>2026-09-14T11:54:12.012Z</time></trkpt><trkpt lat="59.172411" lon="11.525994"><ele>0.000000</ele><time>2026-09-14T11:54:13.013Z</time></trkpt><trkpt lat="59.172429" lon="11.525992"><ele>0.000000</ele><time>2026-09-14T11:54:14.014Z</time></trkpt><trkpt lat="59.172448" lon="11.525990"><ele>0.000000</ele><time>2026-09-14T11:54:15.015Z</time></trkpt><trkpt lat="59.172466" lon="11.525989"><ele>0.000000</ele><time>2026-09-14T11:54:16.016Z</time></trkpt><trkpt lat="59.172485" lon="11.525988"><ele>0.000000</ele><time>2026-09-14T11:54:17.017Z</time></trkpt><trkpt lat="59.172503" lon="11.525987"><ele>0.000000</ele><time>2026-09-14T11:54:18.018Z</time></trkpt><trkpt lat="59.172522" lon="11.525986"><ele>0.000000</ele><time>2026-09-14T11:54:19.019Z</time></trkpt><trkpt lat="59.172541" lon="11.525985"><ele>0.000000</ele><time>2026-09-14T11:54:20.020Z</time></trkpt><trkpt lat="59.172559" lon="11.525985"><ele>0.000000</ele><time>2026-09-14T11:54:21.021Z</time></trkpt><trkpt lat="59.172577" lon="11.525984"><ele>0.000000</ele><time>2026-09-14T11:54:22.022Z</time></trkpt><trkpt lat="59.172595" lon="11.525985"><ele>0.000000</ele><time>2026-09-14T11:54:23.023Z</time></trkpt><trkpt lat="59.172614" lon="11.525986"><ele>0.000000</ele><time>2026-09-14T11:54:24.024Z</time></trkpt><trkpt lat="59.172632" lon="11.525987"><ele>0.000000</ele><time>2026-09-14T11:54:25.025Z</time></trkpt><trkpt lat="59.172651" lon="11.525987"><ele>0.000000</ele><time>2026-09-14T11:54:26.026Z</time></trkpt><trkpt lat="59.172669" lon="11.525987"><ele>0.000000</ele><time>2026-09-14T11:54:27.027Z</time></trkpt><trkpt lat="59.172688" lon="11.525988"><ele>0.000000</ele><time>2026-09-14T11:54:28.028Z</time></trkpt><trkpt lat="59.172706" lon="11.525986"><ele>0.000000</ele><time>2026-09-14T11:54:29.029Z</time></trkpt><trkpt lat="59.172725" lon="11.525984"><ele>0.000000</ele><time>2026-09-14T11:54:30.030Z</time></trkpt><trkpt lat="59.172744" lon="11.525982"><ele>0.000000</ele><time>2026-09-14T11:54:31.031Z</time></trkpt><trkpt lat="59.172762" lon="11.525979"><ele>0.000000</ele><time>2026-09-14T11:54:32.032Z</time></trkpt><trkpt lat="59.172780" lon="11.525977"><ele>0.000000</ele><time>2026-09-14T11:54:33.033Z</time></trkpt><trkpt lat="59.172798" lon="11.525973"><ele>0.000000</ele><time>2026-09-14T11:54:34.034Z</time></trkpt><trkpt lat="59.172816" lon="11.525971"><ele>0.000000</ele><time>2026-09-14T11:54:35.035Z</time></trkpt><trkpt lat="59.172835" lon="11.525968"><ele>0.000000</ele><time>2026-09-14T11:54:36.036Z</time></trkpt><trkpt lat="59.172853" lon="11.525965"><ele>0.000000</ele><time>2026-09-14T11:54:37.037Z</time></trkpt><trkpt lat="59.172872" lon="11.525962"><ele>0.000000</ele><time>2026-09-14T11:54:38.038Z</time></trkpt><trkpt lat="59.172890" lon="11.525960"><ele>0.000000</ele><time>2026-09-14T11:54:39.039Z</time></trkpt><trkpt lat="59.172909" lon="11.525959"><ele>0.000000</ele><time>2026-09-14T11:54:40.040Z</time></trkpt><trkpt lat="59.172927" lon="11.525958"><ele>0.000000</ele><time>2026-09-14T11:54:41.041Z</time></trkpt><trkpt lat="59.172945" lon="11.525957"><ele>0.000000</ele><time>2026-09-14T11:54:42.042Z</time></trkpt><trkpt lat="59.172964" lon="11.525954"><ele>0.000000</ele><time>2026-09-14T11:54:43.043Z</time></trkpt><trkpt lat="59.172982" lon="11.525951"><ele>0.000000</ele><time>2026-09-14T11:54:44.044Z</time></trkpt><trkpt lat="59.173001" lon="11.525949"><ele>0.000000</ele><time>2026-09-14T11:54:45.045Z</time></trkpt><trkpt lat="59.173020" lon="11.525947"><ele>0.000000</ele><time>2026-09-14T11:54:46.046Z</time></trkpt><trkpt lat="59.173039" lon="11.525943"><ele>0.000000</ele><time>2026-09-14T11:54:47.047Z</time></trkpt><trkpt lat="59.173057" lon="11.525941"><ele>0.000000</ele><time>2026-09-14T11:54:48.048Z</time></trkpt><trkpt lat="59.173076" lon="11.525938"><ele>0.000000</ele><time>2026-09-14T11:54:49.049Z</time></trkpt><trkpt lat="59.173094" lon="11.525937"><ele>0.000000</ele><time>2026-09-14T11:54:50.050Z</time></trkpt><trkpt lat="59.173113" lon="11.525936"><ele>0.000000</ele><time>2026-09-14T11:54:51.051Z</time></trkpt><trkpt lat="59.173131" lon="11.525938"><ele>0.000000</ele><time>2026-09-14T11:54:52.052Z</time></trkpt><trkpt lat="59.173150" lon="11.525940"><ele>0.000000</ele><time>2026-09-14T11:54:53.053Z</time></trkpt><trkpt lat="59.173169" lon="11.525943"><ele>0.000000</ele><time>2026-09-14T11:54:54.054Z</time></trkpt><trkpt lat="59.173187" lon="11.525946"><ele>0.000000</ele><time>2026-09-14T11:54:55.055Z</time></trkpt><trkpt lat="59.173205" lon="11.525948"><ele>0.000000</ele><time>2026-09-14T11:54:56.056Z</time></trkpt><trkpt lat="59.173223" lon="11.525951"><ele>0.000000</ele><time>2026-09-14T11:54:57.057Z</time></trkpt><trkpt lat="59.173242" lon="11.525951"><ele>0.000000</ele><time>2026-09-14T11:54:58.058Z</time></trkpt><trkpt lat="59.173260" lon="11.525951"><ele>0.000000</ele><time>2026-09-14T11:54:59.059Z</time></trkpt><trkpt lat="59.173278" lon="11.525950"><ele>0.000000</ele><time>2026-09-14T11:55:00.000Z</time></trkpt><trkpt lat="59.173297" lon="11.525949"><ele>0.000000</ele><time>2026-09-14T11:55:01.001Z</time></trkpt><trkpt lat="59.173315" lon="11.525948"><ele>0.000000</ele><time>2026-09-14T11:55:02.002Z</time></trkpt><trkpt lat="59.173333" lon="11.525949"><ele>0.000000</ele><time>2026-09-14T11:55:03.003Z</time></trkpt><trkpt lat="59.173351" lon="11.525948"><ele>0.000000</ele><time>2026-09-14T11:55:04.004Z</time></trkpt><trkpt lat="59.173368" lon="11.525948"><ele>0.000000</ele><time>2026-09-14T11:55:05.005Z</time></trkpt><trkpt lat="59.173386" lon="11.525947"><ele>0.000000</ele><time>2026-09-14T11:55:06.006Z</time></trkpt><trkpt lat="59.173404" lon="11.525945"><ele>0.000000</ele><time>2026-09-14T11:55:07.007Z</time></trkpt><trkpt lat="59.173421" lon="11.525943"><ele>0.000000</ele><time>2026-09-14T11:55:08.008Z</time></trkpt><trkpt lat="59.173440" lon="11.525940"><ele>0.000000</ele><time>2026-09-14T11:55:09.009Z</time></trkpt><trkpt lat="59.173457" lon="11.525937"><ele>0.000000</ele><time>2026-09-14T11:55:10.010Z</time></trkpt><trkpt lat="59.173475" lon="11.525935"><ele>0.000000</ele><time>2026-09-14T11:55:11.011Z</time></trkpt><trkpt lat="59.173493" lon="11.525933"><ele>0.000000</ele><time>2026-09-14T11:55:12.012Z</time></trkpt><trkpt lat="59.173510" lon="11.525930"><ele>0.000000</ele><time>2026-09-14T11:55:13.013Z</time></trkpt><trkpt lat="59.173529" lon="11.525928"><ele>0.000000</ele><time>2026-09-14T11:55:14.014Z</time></trkpt><trkpt lat="59.173548" lon="11.525926"><ele>0.000000</ele><time>2026-09-14T11:55:15.015Z</time></trkpt><trkpt lat="59.173566" lon="11.525925"><ele>0.000000</ele><time>2026-09-14T11:55:16.016Z</time></trkpt><trkpt lat="59.173583" lon="11.525923"><ele>0.000000</ele><time>2026-09-14T11:55:17.017Z</time></trkpt><trkpt lat="59.173601" lon="11.525921"><ele>0.000000</ele><time>2026-09-14T11:55:18.018Z</time></trkpt><trkpt lat="59.173620" lon="11.525919"><ele>0.000000</ele><time>2026-09-14T11:55:19.019Z</time></trkpt><trkpt lat="59.173637" lon="11.525917"><ele>0.000000</ele><time>2026-09-14T11:55:20.020Z</time></trkpt><trkpt lat="59.173655" lon="11.525916"><ele>0.000000</ele><time>2026-09-14T11:55:21.021Z</time></trkpt><trkpt lat="59.173673" lon="11.525913"><ele>0.000000</ele><time>2026-09-14T11:55:22.022Z</time></trkpt><trkpt lat="59.173691" lon="11.525911"><ele>0.000000</ele><time>2026-09-14T11:55:23.023Z</time></trkpt><trkpt lat="59.173709" lon="11.525909"><ele>0.000000</ele><time>2026-09-14T11:55:24.024Z</time></trkpt><trkpt lat="59.173728" lon="11.525908"><ele>0.000000</ele><time>2026-09-14T11:55:25.025Z</time></trkpt><trkpt lat="59.173746" lon="11.525906"><ele>0.000000</ele><time>2026-09-14T11:55:26.026Z</time></trkpt><trkpt lat="59.173765" lon="11.525904"><ele>0.000000</ele><time>2026-09-14T11:55:27.027Z</time></trkpt><trkpt lat="59.173782" lon="11.525901"><ele>0.000000</ele><time>2026-09-14T11:55:28.028Z</time></trkpt><trkpt lat="59.173800" lon="11.525898"><ele>0.000000</ele><time>2026-09-14T11:55:29.029Z</time></trkpt><trkpt lat="59.173818" lon="11.525894"><ele>0.000000</ele><time>2026-09-14T11:55:30.030Z</time></trkpt><trkpt lat="59.173836" lon="11.525891"><ele>0.000000</ele><time>2026-09-14T11:55:31.031Z</time></trkpt><trkpt lat="59.173855" lon="11.525886"><ele>0.000000</ele><time>2026-09-14T11:55:32.032Z</time></trkpt><trkpt lat="59.173872" lon="11.525880"><ele>0.000000</ele><time>2026-09-14T11:55:33.033Z</time></trkpt><trkpt lat="59.173892" lon="11.525875"><ele>0.000000</ele><time>2026-09-14T11:55:34.034Z</time></trkpt><trkpt lat="59.173909" lon="11.525870"><ele>0.000000</ele><time>2026-09-14T11:55:35.035Z</time></trkpt><trkpt lat="59.173928" lon="11.525865"><ele>0.000000</ele><time>2026-09-14T11:55:36.036Z</time></trkpt><trkpt lat="59.173946" lon="11.525858"><ele>0.000000</ele><time>2026-09-14T11:55:37.037Z</time></trkpt><trkpt lat="59.173964" lon="11.525855"><ele>0.000000</ele><time>2026-09-14T11:55:38.038Z</time></trkpt><trkpt lat="59.173983" lon="11.525851"><ele>0.000000</ele><time>2026-09-14T11:55:39.039Z</time></trkpt><trkpt lat="59.174001" lon="11.525848"><ele>0.000000</ele><time>2026-09-14T11:55:40.040Z</time></trkpt><trkpt lat="59.174020" lon="11.525843"><ele>0.000000</ele><time>2026-09-14T11:55:41.041Z</time></trkpt><trkpt lat="59.174038" lon="11.525838"><ele>0.000000</ele><time>2026-09-14T11:55:42.042Z</time></trkpt><trkpt lat="59.174056" lon="11.525832"><ele>0.000000</ele><time>2026-09-14T11:55:43.043Z</time></trkpt><trkpt lat="59.174075" lon="11.525827"><ele>0.000000</ele><time>2026-09-14T11:55:44.044Z</time></trkpt><trkpt lat="59.174093" lon="11.525822"><ele>0.000000</ele><time>2026-09-14T11:55:45.045Z</time></trkpt><trkpt lat="59.174111" lon="11.525816"><ele>0.000000</ele><time>2026-09-14T11:55:46.046Z</time></trkpt><trkpt lat="59.174129" lon="11.525811"><ele>0.000000</ele><time>2026-09-14T11:55:47.047Z</time></trkpt><trkpt lat="59.174147" lon="11.525806"><ele>0.000000</ele><time>2026-09-14T11:55:48.048Z</time></trkpt><trkpt lat="59.174166" lon="11.525799"><ele>0.000000</ele><time>2026-09-14T11:55:49.049Z</time></trkpt><trkpt lat="59.174183" lon="11.525794"><ele>0.000000</ele><time>2026-09-14T11:55:50.050Z</time></trkpt><trkpt lat="59.174201" lon="11.525788"><ele>0.000000</ele><time>2026-09-14T11:55:51.051Z</time></trkpt><trkpt lat="59.174218" lon="11.525782"><ele>0.000000</ele><time>2026-09-14T11:55:52.052Z</time></trkpt><trkpt lat="59.174236" lon="11.525775"><ele>0.000000</ele><time>2026-09-14T11:55:53.053Z</time></trkpt><trkpt lat="59.174253" lon="11.525769"><ele>0.000000</ele><time>2026-09-14T11:55:54.054Z</time></trkpt><trkpt lat="59.174270" lon="11.525763"><ele>0.000000</ele><time>2026-09-14T11:55:55.055Z</time></trkpt><trkpt lat="59.174287" lon="11.525756"><ele>0.000000</ele><time>2026-09-14T11:55:56.056Z</time></trkpt><trkpt lat="59.174304" lon="11.525750"><ele>0.000000</ele><time>2026-09-14T11:55:57.057Z</time></trkpt><trkpt lat="59.174321" lon="11.525743"><ele>0.000000</ele><time>2026-09-14T11:55:58.058Z</time></trkpt><trkpt lat="59.174339" lon="11.525736"><ele>0.000000</ele><time>2026-09-14T11:55:59.059Z</time></trkpt><trkpt lat="59.174356" lon="11.525729"><ele>0.000000</ele><time>2026-09-14T11:56:00.000Z</time></trkpt><trkpt lat="59.174374" lon="11.525722"><ele>0.000000</ele><time>2026-09-14T11:56:01.001Z</time></trkpt><trkpt lat="59.174392" lon="11.525715"><ele>0.000000</ele><time>2026-09-14T11:56:02.002Z</time></trkpt><trkpt lat="59.174410" lon="11.525708"><ele>0.000000</ele><time>2026-09-14T11:56:03.003Z</time></trkpt><trkpt lat="59.174428" lon="11.525701"><ele>0.000000</ele><time>2026-09-14T11:56:04.004Z</time></trkpt><trkpt lat="59.174446" lon="11.525692"><ele>0.000000</ele><time>2026-09-14T11:56:05.005Z</time></trkpt><trkpt lat="59.174464" lon="11.525683"><ele>0.000000</ele><time>2026-09-14T11:56:06.006Z</time></trkpt><trkpt lat="59.174482" lon="11.525673"><ele>0.000000</ele><time>2026-09-14T11:56:07.007Z</time></trkpt><trkpt lat="59.174500" lon="11.525664"><ele>0.000000</ele><time>2026-09-14T11:56:08.008Z</time></trkpt><trkpt lat="59.174517" lon="11.525653"><ele>0.000000</ele><time>2026-09-14T11:56:09.009Z</time></trkpt><trkpt lat="59.174535" lon="11.525642"><ele>0.000000</ele><time>2026-09-14T11:56:10.010Z</time></trkpt><trkpt lat="59.174552" lon="11.525632"><ele>0.000000</ele><time>2026-09-14T11:56:11.011Z</time></trkpt><trkpt lat="59.174571" lon="11.525622"><ele>0.000000</ele><time>2026-09-14T11:56:12.012Z</time></trkpt><trkpt lat="59.174588" lon="11.525613"><ele>0.000000</ele><time>2026-09-14T11:56:13.013Z</time></trkpt><trkpt lat="59.174606" lon="11.525604"><ele>0.000000</ele><time>2026-09-14T11:56:14.014Z</time></trkpt><trkpt lat="59.174624" lon="11.525595"><ele>0.000000</ele><time>2026-09-14T11:56:15.015Z</time></trkpt><trkpt lat="59.174642" lon="11.525586"><ele>0.000000</ele><time>2026-09-14T11:56:16.016Z</time></trkpt><trkpt lat="59.174659" lon="11.525576"><ele>0.000000</ele><time>2026-09-14T11:56:17.017Z</time></trkpt><trkpt lat="59.174676" lon="11.525567"><ele>0.000000</ele><time>2026-09-14T11:56:18.018Z</time></trkpt><trkpt lat="59.174693" lon="11.525558"><ele>0.000000</ele><time>2026-09-14T11:56:19.019Z</time></trkpt><trkpt lat="59.174710" lon="11.525549"><ele>0.000000</ele><time>2026-09-14T11:56:20.020Z</time></trkpt><trkpt lat="59.174727" lon="11.525541"><ele>0.000000</ele><time>2026-09-14T11:56:21.021Z</time></trkpt><trkpt lat="59.174744" lon="11.525532"><ele>0.000000</ele><time>2026-09-14T11:56:22.022Z</time></trkpt><trkpt lat="59.174763" lon="11.525523"><ele>0.000000</ele><time>2026-09-14T11:56:23.023Z</time></trkpt><trkpt lat="59.174781" lon="11.525516"><ele>0.000000</ele><time>2026-09-14T11:56:24.024Z</time></trkpt><trkpt lat="59.174798" lon="11.525507"><ele>0.000000</ele><time>2026-09-14T11:56:25.025Z</time></trkpt><trkpt lat="59.174815" lon="11.525498"><ele>0.000000</ele><time>2026-09-14T11:56:26.026Z</time></trkpt><trkpt lat="59.174832" lon="11.525488"><ele>0.000000</ele><time>2026-09-14T11:56:27.027Z</time></trkpt><trkpt lat="59.174849" lon="11.525477"><ele>0.000000</ele><time>2026-09-14T11:56:28.028Z</time></trkpt><trkpt lat="59.174866" lon="11.525467"><ele>0.000000</ele><time>2026-09-14T11:56:29.029Z</time></trkpt><trkpt lat="59.174883" lon="11.525457"><ele>0.000000</ele><time>2026-09-14T11:56:30.030Z</time></trkpt><trkpt lat="59.174899" lon="11.525445"><ele>0.000000</ele><time>2026-09-14T11:56:31.031Z</time></trkpt><trkpt lat="59.174915" lon="11.525433"><ele>0.000000</ele><time>2026-09-14T11:56:32.032Z</time></trkpt><trkpt lat="59.174932" lon="11.525420"><ele>0.000000</ele><time>2026-09-14T11:56:33.033Z</time></trkpt><trkpt lat="59.174948" lon="11.525408"><ele>0.000000</ele><time>2026-09-14T11:56:34.034Z</time></trkpt><trkpt lat="59.174964" lon="11.525395"><ele>0.000000</ele><time>2026-09-14T11:56:35.035Z</time></trkpt><trkpt lat="59.174980" lon="11.525382"><ele>0.000000</ele><time>2026-09-14T11:56:36.036Z</time></trkpt><trkpt lat="59.174997" lon="11.525369"><ele>0.000000</ele><time>2026-09-14T11:56:37.037Z</time></trkpt><trkpt lat="59.175013" lon="11.525356"><ele>0.000000</ele><time>2026-09-14T11:56:38.038Z</time></trkpt><trkpt lat="59.175029" lon="11.525345"><ele>0.000000</ele><time>2026-09-14T11:56:39.039Z</time></trkpt><trkpt lat="59.175046" lon="11.525334"><ele>0.000000</ele><time>2026-09-14T11:56:40.040Z</time></trkpt><trkpt lat="59.175063" lon="11.525323"><ele>0.000000</ele><time>2026-09-14T11:56:41.041Z</time></trkpt><trkpt lat="59.175080" lon="11.525313"><ele>0.000000</ele><time>2026-09-14T11:56:42.042Z</time></trkpt><trkpt lat="59.175097" lon="11.525303"><ele>0.000000</ele><time>2026-09-14T11:56:43.043Z</time></trkpt><trkpt lat="59.175113" lon="11.525293"><ele>0.000000</ele><time>2026-09-14T11:56:44.044Z</time></trkpt><trkpt lat="59.175131" lon="11.525283"><ele>0.000000</ele><time>2026-09-14T11:56:45.045Z</time></trkpt><trkpt lat="59.175148" lon="11.525274"><ele>0.000000</ele><time>2026-09-14T11:56:46.046Z</time></trkpt><trkpt lat="59.175166" lon="11.525264"><ele>0.000000</ele><time>2026-09-14T11:56:47.047Z</time></trkpt><trkpt lat="59.175183" lon="11.525254"><ele>0.000000</ele><time>2026-09-14T11:56:48.048Z</time></trkpt><trkpt lat="59.175199" lon="11.525244"><ele>0.000000</ele><time>2026-09-14T11:56:49.049Z</time></trkpt><trkpt lat="59.175215" lon="11.525234"><ele>0.000000</ele><time>2026-09-14T11:56:50.050Z</time></trkpt><trkpt lat="59.175230" lon="11.525224"><ele>0.000000</ele><time>2026-09-14T11:56:51.051Z</time></trkpt><trkpt lat="59.175246" lon="11.525215"><ele>0.000000</ele><time>2026-09-14T11:56:52.052Z</time></trkpt><trkpt lat="59.175263" lon="11.525205"><ele>0.000000</ele><time>2026-09-14T11:56:53.053Z</time></trkpt><trkpt lat="59.175280" lon="11.525194"><ele>0.000000</ele><time>2026-09-14T11:56:54.054Z</time></trkpt><trkpt lat="59.175296" lon="11.525183"><ele>0.000000</ele><time>2026-09-14T11:56:55.055Z</time></trkpt><trkpt lat="59.175313" lon="11.525175"><ele>0.000000</ele><time>2026-09-14T11:56:56.056Z</time></trkpt><trkpt lat="59.175330" lon="11.525166"><ele>0.000000</ele><time>2026-09-14T11:56:57.057Z</time></trkpt><trkpt lat="59.175348" lon="11.525157"><ele>0.000000</ele><time>2026-09-14T11:56:58.058Z</time></trkpt><trkpt lat="59.175366" lon="11.525147"><ele>0.000000</ele><time>2026-09-14T11:56:59.059Z</time></trkpt><trkpt lat="59.175383" lon="11.525138"><ele>0.000000</ele><time>2026-09-14T11:57:00.000Z</time></trkpt><trkpt lat="59.175399" lon="11.525128"><ele>0.000000</ele><time>2026-09-14T11:57:01.001Z</time></trkpt><trkpt lat="59.175416" lon="11.525118"><ele>0.000000</ele><time>2026-09-14T11:57:02.002Z</time></trkpt><trkpt lat="59.175433" lon="11.525108"><ele>0.000000</ele><time>2026-09-14T11:57:03.003Z</time></trkpt><trkpt lat="59.175450" lon="11.525099"><ele>0.000000</ele><time>2026-09-14T11:57:04.004Z</time></trkpt><trkpt lat="59.175467" lon="11.525091"><ele>0.000000</ele><time>2026-09-14T11:57:05.005Z</time></trkpt><trkpt lat="59.175483" lon="11.525082"><ele>0.000000</ele><time>2026-09-14T11:57:06.006Z</time></trkpt><trkpt lat="59.175500" lon="11.525074"><ele>0.000000</ele><time>2026-09-14T11:57:07.007Z</time></trkpt><trkpt lat="59.175517" lon="11.525067"><ele>0.000000</ele><time>2026-09-14T11:57:08.008Z</time></trkpt><trkpt lat="59.175534" lon="11.525060"><ele>0.000000</ele><time>2026-09-14T11:57:09.009Z</time></trkpt><trkpt lat="59.175551" lon="11.525053"><ele>0.000000</ele><time>2026-09-14T11:57:10.010Z</time></trkpt><trkpt lat="59.175567" lon="11.525046"><ele>0.000000</ele><time>2026-09-14T11:57:11.011Z</time></trkpt><trkpt lat="59.175584" lon="11.525038"><ele>0.000000</ele><time>2026-09-14T11:57:12.012Z</time></trkpt><trkpt lat="59.175600" lon="11.525029"><ele>0.000000</ele><time>2026-09-14T11:57:13.013Z</time></trkpt><trkpt lat="59.175615" lon="11.525020"><ele>0.000000</ele><time>2026-09-14T11:57:14.014Z</time></trkpt><trkpt lat="59.175631" lon="11.525014"><ele>0.000000</ele><time>2026-09-14T11:57:15.015Z</time></trkpt><trkpt lat="59.175648" lon="11.525007"><ele>0.000000</ele><time>2026-09-14T11:57:16.016Z</time></trkpt><trkpt lat="59.175665" lon="11.525000"><ele>0.000000</ele><time>2026-09-14T11:57:17.017Z</time></trkpt><trkpt lat="59.175682" lon="11.524991"><ele>0.000000</ele><time>2026-09-14T11:57:18.018Z</time></trkpt><trkpt lat="59.175698" lon="11.524984"><ele>0.000000</ele><time>2026-09-14T11:57:19.019Z</time></trkpt><trkpt lat="59.175716" lon="11.524974"><ele>0.000000</ele><time>2026-09-14T11:57:20.020Z</time></trkpt><trkpt lat="59.175734" lon="11.524964"><ele>0.000000</ele><time>2026-09-14T11:57:21.021Z</time></trkpt><trkpt lat="59.175751" lon="11.524954"><ele>0.000000</ele><time>2026-09-14T11:57:22.022Z</time></trkpt><trkpt lat="59.175769" lon="11.524944"><ele>0.000000</ele><time>2026-09-14T11:57:23.023Z</time></trkpt><trkpt lat="59.175787" lon="11.524934"><ele>0.000000</ele><time>2026-09-14T11:57:24.024Z</time></trkpt><trkpt lat="59.175806" lon="11.524924"><ele>0.000000</ele><time>2026-09-14T11:57:25.025Z</time></trkpt><trkpt lat="59.175824" lon="11.524913"><ele>0.000000</ele><time>2026-09-14T11:57:26.026Z</time></trkpt><trkpt lat="59.175843" lon="11.524904"><ele>0.000000</ele><time>2026-09-14T11:57:27.027Z</time></trkpt><trkpt lat="59.175862" lon="11.524895"><ele>0.000000</ele><time>2026-09-14T11:57:28.028Z</time></trkpt><trkpt lat="59.175880" lon="11.524886"><ele>0.000000</ele><time>2026-09-14T11:57:29.029Z</time></trkpt><trkpt lat="59.175898" lon="11.524878"><ele>0.000000</ele><time>2026-09-14T11:57:30.030Z</time></trkpt><trkpt lat="59.175915" lon="11.524869"><ele>0.000000</ele><time>2026-09-14T11:57:31.031Z</time></trkpt><trkpt lat="59.175933" lon="11.524862"><ele>0.000000</ele><time>2026-09-14T11:57:32.032Z</time></trkpt><trkpt lat="59.175950" lon="11.524853"><ele>0.000000</ele><time>2026-09-14T11:57:33.033Z</time></trkpt><trkpt lat="59.175967" lon="11.524844"><ele>0.000000</ele><time>2026-09-14T11:57:34.034Z</time></trkpt><trkpt lat="59.175984" lon="11.524835"><ele>0.000000</ele><time>2026-09-14T11:57:35.035Z</time></trkpt><trkpt lat="59.176001" lon="11.524826"><ele>0.000000</ele><time>2026-09-14T11:57:36.036Z</time></trkpt><trkpt lat="59.176018" lon="11.524817"><ele>0.000000</ele><time>2026-09-14T11:57:37.037Z</time></trkpt><trkpt lat="59.176036" lon="11.524808"><ele>0.000000</ele><time>2026-09-14T11:57:38.038Z</time></trkpt><trkpt lat="59.176052" lon="11.524798"><ele>0.000000</ele><time>2026-09-14T11:57:39.039Z</time></trkpt><trkpt lat="59.176069" lon="11.524789"><ele>0.000000</ele><time>2026-09-14T11:57:40.040Z</time></trkpt><trkpt lat="59.176086" lon="11.524780"><ele>0.000000</ele><time>2026-09-14T11:57:41.041Z</time></trkpt><trkpt lat="59.176103" lon="11.524771"><ele>0.000000</ele><time>2026-09-14T11:57:42.042Z</time></trkpt><trkpt lat="59.176120" lon="11.524760"><ele>0.000000</ele><time>2026-09-14T11:57:43.043Z</time></trkpt><trkpt lat="59.176136" lon="11.524749"><ele>0.000000</ele><time>2026-09-14T11:57:44.044Z</time></trkpt><trkpt lat="59.176153" lon="11.524738"><ele>0.000000</ele><time>2026-09-14T11:57:45.045Z</time></trkpt><trkpt lat="59.176169" lon="11.524726"><ele>0.000000</ele><time>2026-09-14T11:57:46.046Z</time></trkpt><trkpt lat="59.176186" lon="11.524714"><ele>0.000000</ele><time>2026-09-14T11:57:47.047Z</time></trkpt><trkpt lat="59.176202" lon="11.524702"><ele>0.000000</ele><time>2026-09-14T11:57:48.048Z</time></trkpt><trkpt lat="59.176219" lon="11.524690"><ele>0.000000</ele><time>2026-09-14T11:57:49.049Z</time></trkpt><trkpt lat="59.176235" lon="11.524678"><ele>0.000000</ele><time>2026-09-14T11:57:50.050Z</time></trkpt><trkpt lat="59.176252" lon="11.524665"><ele>0.000000</ele><time>2026-09-14T11:57:51.051Z</time></trkpt><trkpt lat="59.176268" lon="11.524653"><ele>0.000000</ele><time>2026-09-14T11:57:52.052Z</time></trkpt><trkpt lat="59.176284" lon="11.524640"><ele>0.000000</ele><time>2026-09-14T11:57:53.053Z</time></trkpt><trkpt lat="59.176301" lon="11.524629"><ele>0.000000</ele><time>2026-09-14T11:57:54.054Z</time></trkpt><trkpt lat="59.176317" lon="11.524618"><ele>0.000000</ele><time>2026-09-14T11:57:55.055Z</time></trkpt><trkpt lat="59.176333" lon="11.524608"><ele>0.000000</ele><time>2026-09-14T11:57:56.056Z</time></trkpt><trkpt lat="59.176350" lon="11.524598"><ele>0.000000</ele><time>2026-09-14T11:57:57.057Z</time></trkpt><trkpt lat="59.176365" lon="11.524587"><ele>0.000000</ele><time>2026-09-14T11:57:58.058Z</time></trkpt><trkpt lat="59.176382" lon="11.524576"><ele>0.000000</ele><time>2026-09-14T11:57:59.059Z</time></trkpt><trkpt lat="59.176397" lon="11.524565"><ele>0.000000</ele><time>2026-09-14T11:58:00.000Z</time></trkpt><trkpt lat="59.176412" lon="11.524552"><ele>0.000000</ele><time>2026-09-14T11:58:01.001Z</time></trkpt><trkpt lat="59.176428" lon="11.524541"><ele>0.000000</ele><time>2026-09-14T11:58:02.002Z</time></trkpt><trkpt lat="59.176444" lon="11.524528"><ele>0.000000</ele><time>2026-09-14T11:58:03.003Z</time></trkpt><trkpt lat="59.176459" lon="11.524517"><ele>0.000000</ele><time>2026-09-14T11:58:04.004Z</time></trkpt><trkpt lat="59.176476" lon="11.524506"><ele>0.000000</ele><time>2026-09-14T11:58:05.005Z</time></trkpt><trkpt lat="59.176491" lon="11.524495"><ele>0.000000</ele><time>2026-09-14T11:58:06.006Z</time></trkpt><trkpt lat="59.176508" lon="11.524484"><ele>0.000000</ele><time>2026-09-14T11:58:07.007Z</time></trkpt><trkpt lat="59.176523" lon="11.524473"><ele>0.000000</ele><time>2026-09-14T11:58:08.008Z</time></trkpt><trkpt lat="59.176539" lon="11.524462"><ele>0.000000</ele><time>2026-09-14T11:58:09.009Z</time></trkpt><trkpt lat="59.176554" lon="11.524452"><ele>0.000000</ele><time>2026-09-14T11:58:10.010Z</time></trkpt><trkpt lat="59.176570" lon="11.524443"><ele>0.000000</ele><time>2026-09-14T11:58:11.011Z</time></trkpt><trkpt lat="59.176585" lon="11.524433"><ele>0.000000</ele><time>2026-09-14T11:58:12.012Z</time></trkpt><trkpt lat="59.176602" lon="11.524423"><ele>0.000000</ele><time>2026-09-14T11:58:13.013Z</time></trkpt><trkpt lat="59.176618" lon="11.524414"><ele>0.000000</ele><time>2026-09-14T11:58:14.014Z</time></trkpt><trkpt lat="59.176634" lon="11.524404"><ele>0.000000</ele><time>2026-09-14T11:58:15.015Z</time></trkpt><trkpt lat="59.176650" lon="11.524395"><ele>0.000000</ele><time>2026-09-14T11:58:16.016Z</time></trkpt><trkpt lat="59.176665" lon="11.524386"><ele>0.000000</ele><time>2026-09-14T11:58:17.017Z</time></trkpt><trkpt lat="59.176681" lon="11.524375"><ele>0.000000</ele><time>2026-09-14T11:58:18.018Z</time></trkpt><trkpt lat="59.176697" lon="11.524365"><ele>0.000000</ele><time>2026-09-14T11:58:19.019Z</time></trkpt><trkpt lat="59.176712" lon="11.524354"><ele>0.000000</ele><time>2026-09-14T11:58:20.020Z</time></trkpt><trkpt lat="59.176727" lon="11.524341"><ele>0.000000</ele><time>2026-09-14T11:58:21.021Z</time></trkpt><trkpt lat="59.176743" lon="11.524328"><ele>0.000000</ele><time>2026-09-14T11:58:22.022Z</time></trkpt><trkpt lat="59.176757" lon="11.524316"><ele>0.000000</ele><time>2026-09-14T11:58:23.023Z</time></trkpt><trkpt lat="59.176773" lon="11.524303"><ele>0.000000</ele><time>2026-09-14T11:58:24.024Z</time></trkpt><trkpt lat="59.176789" lon="11.524290"><ele>0.000000</ele><time>2026-09-14T11:58:25.025Z</time></trkpt><trkpt lat="59.176805" lon="11.524277"><ele>0.000000</ele><time>2026-09-14T11:58:26.026Z</time></trkpt><trkpt lat="59.176821" lon="11.524264"><ele>0.000000</ele><time>2026-09-14T11:58:27.027Z</time></trkpt><trkpt lat="59.176837" lon="11.524250"><ele>0.000000</ele><time>2026-09-14T11:58:28.028Z</time></trkpt><trkpt lat="59.176852" lon="11.524236"><ele>0.000000</ele><time>2026-09-14T11:58:29.029Z</time></trkpt><trkpt lat="59.176868" lon="11.524222"><ele>0.000000</ele><time>2026-09-14T11:58:30.030Z</time></trkpt><trkpt lat="59.176884" lon="11.524209"><ele>0.000000</ele><time>2026-09-14T11:58:31.031Z</time></trkpt><trkpt lat="59.176899" lon="11.524195"><ele>0.000000</ele><time>2026-09-14T11:58:32.032Z</time></trkpt><trkpt lat="59.176915" lon="11.524182"><ele>0.000000</ele><time>2026-09-14T11:58:33.033Z</time></trkpt><trkpt lat="59.176931" lon="11.524169"><ele>0.000000</ele><time>2026-09-14T11:58:34.034Z</time></trkpt><trkpt lat="59.176947" lon="11.524156"><ele>0.000000</ele><time>2026-09-14T11:58:35.035Z</time></trkpt><trkpt lat="59.176962" lon="11.524142"><ele>0.000000</ele><time>2026-09-14T11:58:36.036Z</time></trkpt><trkpt lat="59.176977" lon="11.524128"><ele>0.000000</ele><time>2026-09-14T11:58:37.037Z</time></trkpt><trkpt lat="59.176993" lon="11.524115"><ele>0.000000</ele><time>2026-09-14T11:58:38.038Z</time></trkpt><trkpt lat="59.177008" lon="11.524101"><ele>0.000000</ele><time>2026-09-14T11:58:39.039Z</time></trkpt><trkpt lat="59.177023" lon="11.524088"><ele>0.000000</ele><time>2026-09-14T11:58:40.040Z</time></trkpt><trkpt lat="59.177038" lon="11.524075"><ele>0.000000</ele><time>2026-09-14T11:58:41.041Z</time></trkpt><trkpt lat="59.177054" lon="11.524063"><ele>0.000000</ele><time>2026-09-14T11:58:42.042Z</time></trkpt><trkpt lat="59.177068" lon="11.524051"><ele>0.000000</ele><time>2026-09-14T11:58:43.043Z</time></trkpt><trkpt lat="59.177083" lon="11.524039"><ele>0.000000</ele><time>2026-09-14T11:58:44.044Z</time></trkpt><trkpt lat="59.177099" lon="11.524027"><ele>0.000000</ele><time>2026-09-14T11:58:45.045Z</time></trkpt><trkpt lat="59.177115" lon="11.524016"><ele>0.000000</ele><time>2026-09-14T11:58:46.046Z</time></trkpt><trkpt lat="59.177131" lon="11.524002"><ele>0.000000</ele><time>2026-09-14T11:58:47.047Z</time></trkpt><trkpt lat="59.177146" lon="11.523988"><ele>0.000000</ele><time>2026-09-14T11:58:48.048Z</time></trkpt><trkpt lat="59.177176" lon="11.523963"><ele>0.000000</ele><time>2026-09-14T11:58:50.050Z</time></trkpt><trkpt lat="59.177190" lon="11.523951"><ele>0.000000</ele><time>2026-09-14T11:58:51.051Z</time></trkpt><trkpt lat="59.177206" lon="11.523940"><ele>0.000000</ele><time>2026-09-14T11:58:52.052Z</time></trkpt><trkpt lat="59.177220" lon="11.523928"><ele>0.000000</ele><time>2026-09-14T11:58:53.053Z</time></trkpt><trkpt lat="59.177235" lon="11.523917"><ele>0.000000</ele><time>2026-09-14T11:58:54.054Z</time></trkpt><trkpt lat="59.177249" lon="11.523907"><ele>0.000000</ele><time>2026-09-14T11:58:55.055Z</time></trkpt><trkpt lat="59.177264" lon="11.523897"><ele>0.000000</ele><time>2026-09-14T11:58:56.056Z</time></trkpt><trkpt lat="59.177279" lon="11.523887"><ele>0.000000</ele><time>2026-09-14T11:58:57.057Z</time></trkpt><trkpt lat="59.177295" lon="11.523876"><ele>0.000000</ele><time>2026-09-14T11:58:58.058Z</time></trkpt><trkpt lat="59.177325" lon="11.523855"><ele>0.000000</ele><time>2026-09-14T11:59:00.000Z</time></trkpt><trkpt lat="59.177341" lon="11.523845"><ele>0.000000</ele><time>2026-09-14T11:59:01.001Z</time></trkpt><trkpt lat="59.177358" lon="11.523835"><ele>0.000000</ele><time>2026-09-14T11:59:02.002Z</time></trkpt><trkpt lat="59.177373" lon="11.523825"><ele>0.000000</ele><time>2026-09-14T11:59:03.003Z</time></trkpt><trkpt lat="59.177389" lon="11.523815"><ele>0.000000</ele><time>2026-09-14T11:59:04.004Z</time></trkpt><trkpt lat="59.177404" lon="11.523806"><ele>0.000000</ele><time>2026-09-14T11:59:05.005Z</time></trkpt><trkpt lat="59.177419" lon="11.523796"><ele>0.000000</ele><time>2026-09-14T11:59:06.006Z</time></trkpt><trkpt lat="59.177435" lon="11.523785"><ele>0.000000</ele><time>2026-09-14T11:59:07.007Z</time></trkpt><trkpt lat="59.177450" lon="11.523773"><ele>0.000000</ele><time>2026-09-14T11:59:08.008Z</time></trkpt><trkpt lat="59.177466" lon="11.523760"><ele>0.000000</ele><time>2026-09-14T11:59:09.009Z</time></trkpt><trkpt lat="59.177481" lon="11.523748"><ele>0.000000</ele><time>2026-09-14T11:59:10.010Z</time></trkpt><trkpt lat="59.177497" lon="11.523734"><ele>0.000000</ele><time>2026-09-14T11:59:11.011Z</time></trkpt><trkpt lat="59.177512" lon="11.523721"><ele>0.000000</ele><time>2026-09-14T11:59:12.012Z</time></trkpt><trkpt lat="59.177528" lon="11.523706"><ele>0.000000</ele><time>2026-09-14T11:59:13.013Z</time></trkpt><trkpt lat="59.177542" lon="11.523692"><ele>0.000000</ele><time>2026-09-14T11:59:14.014Z</time></trkpt><trkpt lat="59.177558" lon="11.523677"><ele>0.000000</ele><time>2026-09-14T11:59:15.015Z</time></trkpt><trkpt lat="59.177573" lon="11.523664"><ele>0.000000</ele><time>2026-09-14T11:59:16.016Z</time></trkpt><trkpt lat="59.177589" lon="11.523649"><ele>0.000000</ele><time>2026-09-14T11:59:17.017Z</time></trkpt><trkpt lat="59.177603" lon="11.523636"><ele>0.000000</ele><time>2026-09-14T11:59:18.018Z</time></trkpt><trkpt lat="59.177618" lon="11.523621"><ele>0.000000</ele><time>2026-09-14T11:59:19.019Z</time></trkpt><trkpt lat="59.177633" lon="11.523607"><ele>0.000000</ele><time>2026-09-14T11:59:20.020Z</time></trkpt><trkpt lat="59.177648" lon="11.523592"><ele>0.000000</ele><time>2026-09-14T11:59:21.021Z</time></trkpt><trkpt lat="59.177662" lon="11.523578"><ele>0.000000</ele><time>2026-09-14T11:59:22.022Z</time></trkpt><trkpt lat="59.177676" lon="11.523565"><ele>0.000000</ele><time>2026-09-14T11:59:23.023Z</time></trkpt><trkpt lat="59.177691" lon="11.523551"><ele>0.000000</ele><time>2026-09-14T11:59:24.024Z</time></trkpt><trkpt lat="59.177706" lon="11.523537"><ele>0.000000</ele><time>2026-09-14T11:59:25.025Z</time></trkpt><trkpt lat="59.177721" lon="11.523524"><ele>0.000000</ele><time>2026-09-14T11:59:26.026Z</time></trkpt><trkpt lat="59.177736" lon="11.523511"><ele>0.000000</ele><time>2026-09-14T11:59:27.027Z</time></trkpt><trkpt lat="59.177752" lon="11.523497"><ele>0.000000</ele><time>2026-09-14T11:59:28.028Z</time></trkpt><trkpt lat="59.177767" lon="11.523483"><ele>0.000000</ele><time>2026-09-14T11:59:29.029Z</time></trkpt><trkpt lat="59.177783" lon="11.523470"><ele>0.000000</ele><time>2026-09-14T11:59:30.030Z</time></trkpt><trkpt lat="59.177799" lon="11.523458"><ele>0.000000</ele><time>2026-09-14T11:59:31.031Z</time></trkpt><trkpt lat="59.177815" lon="11.523444"><ele>0.000000</ele><time>2026-09-14T11:59:32.032Z</time></trkpt><trkpt lat="59.177831" lon="11.523430"><ele>0.000000</ele><time>2026-09-14T11:59:33.033Z</time></trkpt><trkpt lat="59.177847" lon="11.523416"><ele>0.000000</ele><time>2026-09-14T11:59:34.034Z</time></trkpt><trkpt lat="59.177863" lon="11.523403"><ele>0.000000</ele><time>2026-09-14T11:59:35.035Z</time></trkpt><trkpt lat="59.177879" lon="11.523391"><ele>0.000000</ele><time>2026-09-14T11:59:36.036Z</time></trkpt><trkpt lat="59.177895" lon="11.523378"><ele>0.000000</ele><time>2026-09-14T11:59:37.037Z</time></trkpt><trkpt lat="59.177911" lon="11.523365"><ele>0.000000</ele><time>2026-09-14T11:59:38.038Z</time></trkpt><trkpt lat="59.177927" lon="11.523352"><ele>0.000000</ele><time>2026-09-14T11:59:39.039Z</time></trkpt><trkpt lat="59.177959" lon="11.523327"><ele>0.000000</ele><time>2026-09-14T11:59:41.041Z</time></trkpt><trkpt lat="59.177975" lon="11.523314"><ele>0.000000</ele><time>2026-09-14T11:59:42.042Z</time></trkpt><trkpt lat="59.177991" lon="11.523302"><ele>0.000000</ele><time>2026-09-14T11:59:43.043Z</time></trkpt><trkpt lat="59.178007" lon="11.523289"><ele>0.000000</ele><time>2026-09-14T11:59:44.044Z</time></trkpt><trkpt lat="59.178023" lon="11.523275"><ele>0.000000</ele><time>2026-09-14T11:59:45.045Z</time></trkpt><trkpt lat="59.178039" lon="11.523261"><ele>0.000000</ele><time>2026-09-14T11:59:46.046Z</time></trkpt><trkpt lat="59.178056" lon="11.523249"><ele>0.000000</ele><time>2026-09-14T11:59:47.047Z</time></trkpt><trkpt lat="59.178072" lon="11.523236"><ele>0.000000</ele><time>2026-09-14T11:59:48.048Z</time></trkpt><trkpt lat="59.178087" lon="11.523224"><ele>0.000000</ele><time>2026-09-14T11:59:49.049Z</time></trkpt><trkpt lat="59.178103" lon="11.523212"><ele>0.000000</ele><time>2026-09-14T11:59:50.050Z</time></trkpt><trkpt lat="59.178119" lon="11.523202"><ele>0.000000</ele><time>2026-09-14T11:59:51.051Z</time></trkpt><trkpt lat="59.178135" lon="11.523190"><ele>0.000000</ele><time>2026-09-14T11:59:52.052Z</time></trkpt><trkpt lat="59.178150" lon="11.523178"><ele>0.000000</ele><time>2026-09-14T11:59:53.053Z</time></trkpt><trkpt lat="59.178166" lon="11.523166"><ele>0.000000</ele><time>2026-09-14T11:59:54.054Z</time></trkpt><trkpt lat="59.178182" lon="11.523153"><ele>0.000000</ele><time>2026-09-14T11:59:55.055Z</time></trkpt><trkpt lat="59.178198" lon="11.523139"><ele>0.000000</ele><time>2026-09-14T11:59:56.056Z</time></trkpt><trkpt lat="59.178213" lon="11.523125"><ele>0.000000</ele><time>2026-09-14T11:59:57.057Z</time></trkpt><trkpt lat="59.178228" lon="11.523110"><ele>0.000000</ele><time>2026-09-14T11:59:58.058Z</time></trkpt><trkpt lat="59.178244" lon="11.523096"><ele>0.000000</ele><time>2026-09-14T11:59:59.059Z</time></trkpt><trkpt lat="59.178260" lon="11.523083"><ele>0.000000</ele><time>2026-09-14T12:00:00.000Z</time></trkpt><trkpt lat="59.178274" lon="11.523069"><ele>0.000000</ele><time>2026-09-14T12:00:01.001Z</time></trkpt><trkpt lat="59.178290" lon="11.523054"><ele>0.000000</ele><time>2026-09-14T12:00:02.002Z</time></trkpt><trkpt lat="59.178306" lon="11.523040"><ele>0.000000</ele><time>2026-09-14T12:00:03.003Z</time></trkpt><trkpt lat="59.178322" lon="11.523025"><ele>0.000000</ele><time>2026-09-14T12:00:04.004Z</time></trkpt><trkpt lat="59.178337" lon="11.523011"><ele>0.000000</ele><time>2026-09-14T12:00:05.005Z</time></trkpt><trkpt lat="59.178353" lon="11.522998"><ele>0.000000</ele><time>2026-09-14T12:00:06.006Z</time></trkpt><trkpt lat="59.178369" lon="11.522985"><ele>0.000000</ele><time>2026-09-14T12:00:07.007Z</time></trkpt><trkpt lat="59.178385" lon="11.522973"><ele>0.000000</ele><time>2026-09-14T12:00:08.008Z</time></trkpt><trkpt lat="59.178401" lon="11.522961"><ele>0.000000</ele><time>2026-09-14T12:00:09.009Z</time></trkpt><trkpt lat="59.178416" lon="11.522949"><ele>0.000000</ele><time>2026-09-14T12:00:10.010Z</time></trkpt><trkpt lat="59.178432" lon="11.522937"><ele>0.000000</ele><time>2026-09-14T12:00:11.011Z</time></trkpt><trkpt lat="59.178448" lon="11.522925"><ele>0.000000</ele><time>2026-09-14T12:00:12.012Z</time></trkpt><trkpt lat="59.178464" lon="11.522911"><ele>0.000000</ele><time>2026-09-14T12:00:13.013Z</time></trkpt><trkpt lat="59.178480" lon="11.522898"><ele>0.000000</ele><time>2026-09-14T12:00:14.014Z</time></trkpt><trkpt lat="59.178496" lon="11.522884"><ele>0.000000</ele><time>2026-09-14T12:00:15.015Z</time></trkpt><trkpt lat="59.178511" lon="11.522869"><ele>0.000000</ele><time>2026-09-14T12:00:16.016Z</time></trkpt><trkpt lat="59.178527" lon="11.522854"><ele>0.000000</ele><time>2026-09-14T12:00:17.017Z</time></trkpt><trkpt lat="59.178542" lon="11.522840"><ele>0.000000</ele><time>2026-09-14T12:00:18.018Z</time></trkpt><trkpt lat="59.178558" lon="11.522826"><ele>0.000000</ele><time>2026-09-14T12:00:19.019Z</time></trkpt><trkpt lat="59.178574" lon="11.522812"><ele>0.000000</ele><time>2026-09-14T12:00:20.020Z</time></trkpt><trkpt lat="59.178591" lon="11.522799"><ele>0.000000</ele><time>2026-09-14T12:00:21.021Z</time></trkpt><trkpt lat="59.178607" lon="11.522785"><ele>0.000000</ele><time>2026-09-14T12:00:22.022Z</time></trkpt><trkpt lat="59.178624" lon="11.522771"><ele>0.000000</ele><time>2026-09-14T12:00:23.023Z</time></trkpt><trkpt lat="59.178639" lon="11.522757"><ele>0.000000</ele><time>2026-09-14T12:00:24.024Z</time></trkpt><trkpt lat="59.178653" lon="11.522744"><ele>0.000000</ele><time>2026-09-14T12:00:25.025Z</time></trkpt><trkpt lat="59.178668" lon="11.522730"><ele>0.000000</ele><time>2026-09-14T12:00:26.026Z</time></trkpt><trkpt lat="59.178683" lon="11.522717"><ele>0.000000</ele><time>2026-09-14T12:00:27.027Z</time></trkpt><trkpt lat="59.178698" lon="11.522704"><ele>0.000000</ele><time>2026-09-14T12:00:28.028Z</time></trkpt><trkpt lat="59.178714" lon="11.522691"><ele>0.000000</ele><time>2026-09-14T12:00:29.029Z</time></trkpt><trkpt lat="59.178729" lon="11.522679"><ele>0.000000</ele><time>2026-09-14T12:00:30.030Z</time></trkpt><trkpt lat="59.178744" lon="11.522666"><ele>0.000000</ele><time>2026-09-14T12:00:31.031Z</time></trkpt><trkpt lat="59.178759" lon="11.522654"><ele>0.000000</ele><time>2026-09-14T12:00:32.032Z</time></trkpt><trkpt lat="59.178774" lon="11.522642"><ele>0.000000</ele><time>2026-09-14T12:00:33.033Z</time></trkpt><trkpt lat="59.178790" lon="11.522629"><ele>0.000000</ele><time>2026-09-14T12:00:34.034Z</time></trkpt><trkpt lat="59.178805" lon="11.522615"><ele>0.000000</ele><time>2026-09-14T12:00:35.035Z</time></trkpt><trkpt lat="59.178821" lon="11.522601"><ele>0.000000</ele><time>2026-09-14T12:00:36.036Z</time></trkpt><trkpt lat="59.178836" lon="11.522588"><ele>0.000000</ele><time>2026-09-14T12:00:37.037Z</time></trkpt><trkpt lat="59.178852" lon="11.522575"><ele>0.000000</ele><time>2026-09-14T12:00:38.038Z</time></trkpt><trkpt lat="59.178866" lon="11.522562"><ele>0.000000</ele><time>2026-09-14T12:00:39.039Z</time></trkpt><trkpt lat="59.178881" lon="11.522548"><ele>0.000000</ele><time>2026-09-14T12:00:40.040Z</time></trkpt><trkpt lat="59.178896" lon="11.522536"><ele>0.000000</ele><time>2026-09-14T12:00:41.041Z</time></trkpt><trkpt lat="59.178912" lon="11.522524"><ele>0.000000</ele><time>2026-09-14T12:00:42.042Z</time></trkpt><trkpt lat="59.178927" lon="11.522512"><ele>0.000000</ele><time>2026-09-14T12:00:43.043Z</time></trkpt><trkpt lat="59.178943" lon="11.522501"><ele>0.000000</ele><time>2026-09-14T12:00:44.044Z</time></trkpt><trkpt lat="59.178959" lon="11.522488"><ele>0.000000</ele><time>2026-09-14T12:00:45.045Z</time></trkpt><trkpt lat="59.178975" lon="11.522476"><ele>0.000000</ele><time>2026-09-14T12:00:46.046Z</time></trkpt><trkpt lat="59.178990" lon="11.522463"><ele>0.000000</ele><time>2026-09-14T12:00:47.047Z</time></trkpt><trkpt lat="59.179006" lon="11.522449"><ele>0.000000</ele><time>2026-09-14T12:00:48.048Z</time></trkpt><trkpt lat="59.179021" lon="11.522436"><ele>0.000000</ele><time>2026-09-14T12:00:49.049Z</time></trkpt><trkpt lat="59.179036" lon="11.522422"><ele>0.000000</ele><time>2026-09-14T12:00:50.050Z</time></trkpt><trkpt lat="59.179051" lon="11.522408"><ele>0.000000</ele><time>2026-09-14T12:00:51.051Z</time></trkpt><trkpt lat="59.179066" lon="11.522395"><ele>0.000000</ele><time>2026-09-14T12:00:52.052Z</time></trkpt><trkpt lat="59.179082" lon="11.522383"><ele>0.000000</ele><time>2026-09-14T12:00:53.053Z</time></trkpt><trkpt lat="59.179097" lon="11.522371"><ele>0.000000</ele><time>2026-09-14T12:00:54.054Z</time></trkpt><trkpt lat="59.179112" lon="11.522359"><ele>0.000000</ele><time>2026-09-14T12:00:55.055Z</time></trkpt><trkpt lat="59.179127" lon="11.522347"><ele>0.000000</ele><time>2026-09-14T12:00:56.056Z</time></trkpt><trkpt lat="59.179143" lon="11.522334"><ele>0.000000</ele><time>2026-09-14T12:00:57.057Z</time></trkpt><trkpt lat="59.179157" lon="11.522321"><ele>0.000000</ele><time>2026-09-14T12:00:58.058Z</time></trkpt><trkpt lat="59.179173" lon="11.522308"><ele>0.000000</ele><time>2026-09-14T12:00:59.059Z</time></trkpt><trkpt lat="59.179188" lon="11.522296"><ele>0.000000</ele><time>2026-09-14T12:01:00.000Z</time></trkpt><trkpt lat="59.179204" lon="11.522283"><ele>0.000000</ele><time>2026-09-14T12:01:01.001Z</time></trkpt><trkpt lat="59.179218" lon="11.522270"><ele>0.000000</ele><time>2026-09-14T12:01:02.002Z</time></trkpt><trkpt lat="59.179234" lon="11.522257"><ele>0.000000</ele><time>2026-09-14T12:01:03.003Z</time></trkpt><trkpt lat="59.179248" lon="11.522244"><ele>0.000000</ele><time>2026-09-14T12:01:04.004Z</time></trkpt><trkpt lat="59.179264" lon="11.522231"><ele>0.000000</ele><time>2026-09-14T12:01:05.005Z</time></trkpt><trkpt lat="59.179278" lon="11.522217"><ele>0.000000</ele><time>2026-09-14T12:01:06.006Z</time></trkpt><trkpt lat="59.179293" lon="11.522203"><ele>0.000000</ele><time>2026-09-14T12:01:07.007Z</time></trkpt><trkpt lat="59.179308" lon="11.522189"><ele>0.000000</ele><time>2026-09-14T12:01:08.008Z</time></trkpt><trkpt lat="59.179324" lon="11.522174"><ele>0.000000</ele><time>2026-09-14T12:01:09.009Z</time></trkpt><trkpt lat="59.179354" lon="11.522148"><ele>0.000000</ele><time>2026-09-14T12:01:11.011Z</time></trkpt><trkpt lat="59.179369" lon="11.522133"><ele>0.000000</ele><time>2026-09-14T12:01:12.012Z</time></trkpt><trkpt lat="59.179385" lon="11.522119"><ele>0.000000</ele><time>2026-09-14T12:01:13.013Z</time></trkpt><trkpt lat="59.179400" lon="11.522106"><ele>0.000000</ele><time>2026-09-14T12:01:14.014Z</time></trkpt><trkpt lat="59.179415" lon="11.522093"><ele>0.000000</ele><time>2026-09-14T12:01:15.015Z</time></trkpt><trkpt lat="59.179429" lon="11.522080"><ele>0.000000</ele><time>2026-09-14T12:01:16.016Z</time></trkpt><trkpt lat="59.179444" lon="11.522065"><ele>0.000000</ele><time>2026-09-14T12:01:17.017Z</time></trkpt><trkpt lat="59.179459" lon="11.522053"><ele>0.000000</ele><time>2026-09-14T12:01:18.018Z</time></trkpt><trkpt lat="59.179475" lon="11.522042"><ele>0.000000</ele><time>2026-09-14T12:01:19.019Z</time></trkpt><trkpt lat="59.179492" lon="11.522032"><ele>0.000000</ele><time>2026-09-14T12:01:20.020Z</time></trkpt><trkpt lat="59.179509" lon="11.522021"><ele>0.000000</ele><time>2026-09-14T12:01:21.021Z</time></trkpt><trkpt lat="59.179526" lon="11.522012"><ele>0.000000</ele><time>2026-09-14T12:01:22.022Z</time></trkpt><trkpt lat="59.179543" lon="11.522003"><ele>0.000000</ele><time>2026-09-14T12:01:23.023Z</time></trkpt><trkpt lat="59.179560" lon="11.521993"><ele>0.000000</ele><time>2026-09-14T12:01:24.024Z</time></trkpt><trkpt lat="59.179576" lon="11.521982"><ele>0.000000</ele><time>2026-09-14T12:01:25.025Z</time></trkpt><trkpt lat="59.179592" lon="11.521970"><ele>0.000000</ele><time>2026-09-14T12:01:26.026Z</time></trkpt><trkpt lat="59.179607" lon="11.521957"><ele>0.000000</ele><time>2026-09-14T12:01:27.027Z</time></trkpt><trkpt lat="59.179623" lon="11.521945"><ele>0.000000</ele><time>2026-09-14T12:01:28.028Z</time></trkpt><trkpt lat="59.179638" lon="11.521931"><ele>0.000000</ele><time>2026-09-14T12:01:29.029Z</time></trkpt><trkpt lat="59.179654" lon="11.521917"><ele>0.000000</ele><time>2026-09-14T12:01:30.030Z</time></trkpt><trkpt lat="59.179669" lon="11.521903"><ele>0.000000</ele><time>2026-09-14T12:01:31.031Z</time></trkpt><trkpt lat="59.179685" lon="11.521889"><ele>0.000000</ele><time>2026-09-14T12:01:32.032Z</time></trkpt><trkpt lat="59.179699" lon="11.521875"><ele>0.000000</ele><time>2026-09-14T12:01:33.033Z</time></trkpt><trkpt lat="59.179715" lon="11.521860"><ele>0.000000</ele><time>2026-09-14T12:01:34.034Z</time></trkpt><trkpt lat="59.179730" lon="11.521846"><ele>0.000000</ele><time>2026-09-14T12:01:35.035Z</time></trkpt><trkpt lat="59.179746" lon="11.521832"><ele>0.000000</ele><time>2026-09-14T12:01:36.036Z</time></trkpt><trkpt lat="59.179761" lon="11.521819"><ele>0.000000</ele><time>2026-09-14T12:01:37.037Z</time></trkpt><trkpt lat="59.179776" lon="11.521806"><ele>0.000000</ele><time>2026-09-14T12:01:38.038Z</time></trkpt><trkpt lat="59.179792" lon="11.521791"><ele>0.000000</ele><time>2026-09-14T12:01:39.039Z</time></trkpt><trkpt lat="59.179807" lon="11.521778"><ele>0.000000</ele><time>2026-09-14T12:01:40.040Z</time></trkpt><trkpt lat="59.179823" lon="11.521764"><ele>0.000000</ele><time>2026-09-14T12:01:41.041Z</time></trkpt><trkpt lat="59.179838" lon="11.521750"><ele>0.000000</ele><time>2026-09-14T12:01:42.042Z</time></trkpt><trkpt lat="59.179853" lon="11.521736"><ele>0.000000</ele><time>2026-09-14T12:01:43.043Z</time></trkpt><trkpt lat="59.179869" lon="11.521721"><ele>0.000000</ele><time>2026-09-14T12:01:44.044Z</time></trkpt><trkpt lat="59.179884" lon="11.521707"><ele>0.000000</ele><time>2026-09-14T12:01:45.045Z</time></trkpt><trkpt lat="59.179899" lon="11.521691"><ele>0.000000</ele><time>2026-09-14T12:01:46.046Z</time></trkpt><trkpt lat="59.179913" lon="11.521677"><ele>0.000000</ele><time>2026-09-14T12:01:47.047Z</time></trkpt><trkpt lat="59.179928" lon="11.521663"><ele>0.000000</ele><time>2026-09-14T12:01:48.048Z</time></trkpt><trkpt lat="59.179943" lon="11.521648"><ele>0.000000</ele><time>2026-09-14T12:01:49.049Z</time></trkpt><trkpt lat="59.179958" lon="11.521633"><ele>0.000000</ele><time>2026-09-14T12:01:50.050Z</time></trkpt><trkpt lat="59.179971" lon="11.521619"><ele>0.000000</ele><time>2026-09-14T12:01:51.051Z</time></trkpt><trkpt lat="59.179986" lon="11.521604"><ele>0.000000</ele><time>2026-09-14T12:01:52.052Z</time></trkpt><trkpt lat="59.180000" lon="11.521590"><ele>0.000000</ele><time>2026-09-14T12:01:53.053Z</time></trkpt><trkpt lat="59.180015" lon="11.521575"><ele>0.000000</ele><time>2026-09-14T12:01:54.054Z</time></trkpt><trkpt lat="59.180030" lon="11.521561"><ele>0.000000</ele><time>2026-09-14T12:01:55.055Z</time></trkpt><trkpt lat="59.180046" lon="11.521547"><ele>0.000000</ele><time>2026-09-14T12:01:56.056Z</time></trkpt><trkpt lat="59.180061" lon="11.521534"><ele>0.000000</ele><time>2026-09-14T12:01:57.057Z</time></trkpt><trkpt lat="59.180077" lon="11.521522"><ele>0.000000</ele><time>2026-09-14T12:01:58.058Z</time></trkpt><trkpt lat="59.180093" lon="11.521510"><ele>0.000000</ele><time>2026-09-14T12:01:59.059Z</time></trkpt><trkpt lat="59.180108" lon="11.521497"><ele>0.000000</ele><time>2026-09-14T12:02:00.000Z</time></trkpt><trkpt lat="59.180123" lon="11.521486"><ele>0.000000</ele><time>2026-09-14T12:02:01.001Z</time></trkpt><trkpt lat="59.180138" lon="11.521473"><ele>0.000000</ele><time>2026-09-14T12:02:02.002Z</time></trkpt><trkpt lat="59.180153" lon="11.521461"><ele>0.000000</ele><time>2026-09-14T12:02:03.003Z</time></trkpt><trkpt lat="59.180169" lon="11.521448"><ele>0.000000</ele><time>2026-09-14T12:02:04.004Z</time></trkpt><trkpt lat="59.180184" lon="11.521436"><ele>0.000000</ele><time>2026-09-14T12:02:05.005Z</time></trkpt><trkpt lat="59.180200" lon="11.521426"><ele>0.000000</ele><time>2026-09-14T12:02:06.006Z</time></trkpt><trkpt lat="59.180215" lon="11.521415"><ele>0.000000</ele><time>2026-09-14T12:02:07.007Z</time></trkpt><trkpt lat="59.180231" lon="11.521404"><ele>0.000000</ele><time>2026-09-14T12:02:08.008Z</time></trkpt><trkpt lat="59.180246" lon="11.521391"><ele>0.000000</ele><time>2026-09-14T12:02:09.009Z</time></trkpt><trkpt lat="59.180262" lon="11.521379"><ele>0.000000</ele><time>2026-09-14T12:02:10.010Z</time></trkpt><trkpt lat="59.180277" lon="11.521368"><ele>0.000000</ele><time>2026-09-14T12:02:11.011Z</time></trkpt><trkpt lat="59.180292" lon="11.521356"><ele>0.000000</ele><time>2026-09-14T12:02:12.012Z</time></trkpt><trkpt lat="59.180308" lon="11.521343"><ele>0.000000</ele><time>2026-09-14T12:02:13.013Z</time></trkpt><trkpt lat="59.180324" lon="11.521330"><ele>0.000000</ele><time>2026-09-14T12:02:14.014Z</time></trkpt><trkpt lat="59.180338" lon="11.521316"><ele>0.000000</ele><time>2026-09-14T12:02:15.015Z</time></trkpt><trkpt lat="59.180353" lon="11.521304"><ele>0.000000</ele><time>2026-09-14T12:02:16.016Z</time></trkpt><trkpt lat="59.180369" lon="11.521293"><ele>0.000000</ele><time>2026-09-14T12:02:17.017Z</time></trkpt><trkpt lat="59.180384" lon="11.521281"><ele>0.000000</ele><time>2026-09-14T12:02:18.018Z</time></trkpt><trkpt lat="59.180399" lon="11.521269"><ele>0.000000</ele><time>2026-09-14T12:02:19.019Z</time></trkpt><trkpt lat="59.180413" lon="11.521256"><ele>0.000000</ele><time>2026-09-14T12:02:20.020Z</time></trkpt><trkpt lat="59.180427" lon="11.521243"><ele>0.000000</ele><time>2026-09-14T12:02:21.021Z</time></trkpt><trkpt lat="59.180442" lon="11.521231"><ele>0.000000</ele><time>2026-09-14T12:02:22.022Z</time></trkpt><trkpt lat="59.180457" lon="11.521220"><ele>0.000000</ele><time>2026-09-14T12:02:23.023Z</time></trkpt><trkpt lat="59.180471" lon="11.521209"><ele>0.000000</ele><time>2026-09-14T12:02:24.024Z</time></trkpt><trkpt lat="59.180487" lon="11.521196"><ele>0.000000</ele><time>2026-09-14T12:02:25.025Z</time></trkpt><trkpt lat="59.180501" lon="11.521184"><ele>0.000000</ele><time>2026-09-14T12:02:26.026Z</time></trkpt><trkpt lat="59.180516" lon="11.521172"><ele>0.000000</ele><time>2026-09-14T12:02:27.027Z</time></trkpt><trkpt lat="59.180531" lon="11.521161"><ele>0.000000</ele><time>2026-09-14T12:02:28.028Z</time></trkpt><trkpt lat="59.180545" lon="11.521149"><ele>0.000000</ele><time>2026-09-14T12:02:29.029Z</time></trkpt><trkpt lat="59.180559" lon="11.521136"><ele>0.000000</ele><time>2026-09-14T12:02:30.030Z</time></trkpt><trkpt lat="59.180573" lon="11.521123"><ele>0.000000</ele><time>2026-09-14T12:02:31.031Z</time></trkpt><trkpt lat="59.180587" lon="11.521108"><ele>0.000000</ele><time>2026-09-14T12:02:32.032Z</time></trkpt><trkpt lat="59.180601" lon="11.521094"><ele>0.000000</ele><time>2026-09-14T12:02:33.033Z</time></trkpt><trkpt lat="59.180614" lon="11.521082"><ele>0.000000</ele><time>2026-09-14T12:02:34.034Z</time></trkpt><trkpt lat="59.180629" lon="11.521067"><ele>0.000000</ele><time>2026-09-14T12:02:35.035Z</time></trkpt><trkpt lat="59.180643" lon="11.521054"><ele>0.000000</ele><time>2026-09-14T12:02:36.036Z</time></trkpt><trkpt lat="59.180657" lon="11.521040"><ele>0.000000</ele><time>2026-09-14T12:02:37.037Z</time></trkpt><trkpt lat="59.180672" lon="11.521027"><ele>0.000000</ele><time>2026-09-14T12:02:38.038Z</time></trkpt><trkpt lat="59.180687" lon="11.521013"><ele>0.000000</ele><time>2026-09-14T12:02:39.039Z</time></trkpt><trkpt lat="59.180702" lon="11.521001"><ele>0.000000</ele><time>2026-09-14T12:02:40.040Z</time></trkpt><trkpt lat="59.180718" lon="11.520988"><ele>0.000000</ele><time>2026-09-14T12:02:41.041Z</time></trkpt><trkpt lat="59.180733" lon="11.520977"><ele>0.000000</ele><time>2026-09-14T12:02:42.042Z</time></trkpt><trkpt lat="59.180749" lon="11.520965"><ele>0.000000</ele><time>2026-09-14T12:02:43.043Z</time></trkpt><trkpt lat="59.180764" lon="11.520953"><ele>0.000000</ele><time>2026-09-14T12:02:44.044Z</time></trkpt><trkpt lat="59.180780" lon="11.520942"><ele>0.000000</ele><time>2026-09-14T12:02:45.045Z</time></trkpt><trkpt lat="59.180796" lon="11.520930"><ele>0.000000</ele><time>2026-09-14T12:02:46.046Z</time></trkpt><trkpt lat="59.180811" lon="11.520919"><ele>0.000000</ele><time>2026-09-14T12:02:47.047Z</time></trkpt><trkpt lat="59.180826" lon="11.520909"><ele>0.000000</ele><time>2026-09-14T12:02:48.048Z</time></trkpt><trkpt lat="59.180842" lon="11.520898"><ele>0.000000</ele><time>2026-09-14T12:02:49.049Z</time></trkpt><trkpt lat="59.180856" lon="11.520888"><ele>0.000000</ele><time>2026-09-14T12:02:50.050Z</time></trkpt><trkpt lat="59.180871" lon="11.520878"><ele>0.000000</ele><time>2026-09-14T12:02:51.051Z</time></trkpt><trkpt lat="59.180886" lon="11.520867"><ele>0.000000</ele><time>2026-09-14T12:02:52.052Z</time></trkpt><trkpt lat="59.180901" lon="11.520856"><ele>0.000000</ele><time>2026-09-14T12:02:53.053Z</time></trkpt><trkpt lat="59.180915" lon="11.520846"><ele>0.000000</ele><time>2026-09-14T12:02:54.054Z</time></trkpt><trkpt lat="59.180931" lon="11.520835"><ele>0.000000</ele><time>2026-09-14T12:02:55.055Z</time></trkpt><trkpt lat="59.180946" lon="11.520823"><ele>0.000000</ele><time>2026-09-14T12:02:56.056Z</time></trkpt><trkpt lat="59.180961" lon="11.520811"><ele>0.000000</ele><time>2026-09-14T12:02:57.057Z</time></trkpt><trkpt lat="59.180976" lon="11.520799"><ele>0.000000</ele><time>2026-09-14T12:02:58.058Z</time></trkpt><trkpt lat="59.180992" lon="11.520786"><ele>0.000000</ele><time>2026-09-14T12:02:59.059Z</time></trkpt><trkpt lat="59.181008" lon="11.520773"><ele>0.000000</ele><time>2026-09-14T12:03:00.000Z</time></trkpt><trkpt lat="59.181023" lon="11.520759"><ele>0.000000</ele><time>2026-09-14T12:03:01.001Z</time></trkpt><trkpt lat="59.181038" lon="11.520743"><ele>0.000000</ele><time>2026-09-14T12:03:02.002Z</time></trkpt><trkpt lat="59.181053" lon="11.520729"><ele>0.000000</ele><time>2026-09-14T12:03:03.003Z</time></trkpt><trkpt lat="59.181068" lon="11.520714"><ele>0.000000</ele><time>2026-09-14T12:03:04.004Z</time></trkpt><trkpt lat="59.181084" lon="11.520700"><ele>0.000000</ele><time>2026-09-14T12:03:05.005Z</time></trkpt><trkpt lat="59.181099" lon="11.520686"><ele>0.000000</ele><time>2026-09-14T12:03:06.006Z</time></trkpt><trkpt lat="59.181114" lon="11.520671"><ele>0.000000</ele><time>2026-09-14T12:03:07.007Z</time></trkpt><trkpt lat="59.181130" lon="11.520655"><ele>0.000000</ele><time>2026-09-14T12:03:08.008Z</time></trkpt><trkpt lat="59.181146" lon="11.520643"><ele>0.000000</ele><time>2026-09-14T12:03:09.009Z</time></trkpt><trkpt lat="59.181163" lon="11.520630"><ele>0.000000</ele><time>2026-09-14T12:03:10.010Z</time></trkpt><trkpt lat="59.181178" lon="11.520617"><ele>0.000000</ele><time>2026-09-14T12:03:11.011Z</time></trkpt><trkpt lat="59.181193" lon="11.520603"><ele>0.000000</ele><time>2026-09-14T12:03:12.012Z</time></trkpt><trkpt lat="59.181208" lon="11.520588"><ele>0.000000</ele><time>2026-09-14T12:03:13.013Z</time></trkpt><trkpt lat="59.181223" lon="11.520571"><ele>0.000000</ele><time>2026-09-14T12:03:14.014Z</time></trkpt><trkpt lat="59.181237" lon="11.520554"><ele>0.000000</ele><time>2026-09-14T12:03:15.015Z</time></trkpt><trkpt lat="59.181251" lon="11.520537"><ele>0.000000</ele><time>2026-09-14T12:03:16.016Z</time></trkpt><trkpt lat="59.181265" lon="11.520519"><ele>0.000000</ele><time>2026-09-14T12:03:17.017Z</time></trkpt><trkpt lat="59.181279" lon="11.520502"><ele>0.000000</ele><time>2026-09-14T12:03:18.018Z</time></trkpt><trkpt lat="59.181293" lon="11.520485"><ele>0.000000</ele><time>2026-09-14T12:03:19.019Z</time></trkpt><trkpt lat="59.181307" lon="11.520469"><ele>0.000000</ele><time>2026-09-14T12:03:20.020Z</time></trkpt><trkpt lat="59.181322" lon="11.520453"><ele>0.000000</ele><time>2026-09-14T12:03:21.021Z</time></trkpt><trkpt lat="59.181336" lon="11.520437"><ele>0.000000</ele><time>2026-09-14T12:03:22.022Z</time></trkpt><trkpt lat="59.181351" lon="11.520420"><ele>0.000000</ele><time>2026-09-14T12:03:23.023Z</time></trkpt><trkpt lat="59.181365" lon="11.520404"><ele>0.000000</ele><time>2026-09-14T12:03:24.024Z</time></trkpt><trkpt lat="59.181380" lon="11.520385"><ele>0.000000</ele><time>2026-09-14T12:03:25.025Z</time></trkpt><trkpt lat="59.181395" lon="11.520366"><ele>0.000000</ele><time>2026-09-14T12:03:26.026Z</time></trkpt><trkpt lat="59.181409" lon="11.520347"><ele>0.000000</ele><time>2026-09-14T12:03:27.027Z</time></trkpt><trkpt lat="59.181423" lon="11.520328"><ele>0.000000</ele><time>2026-09-14T12:03:28.028Z</time></trkpt><trkpt lat="59.181438" lon="11.520309"><ele>0.000000</ele><time>2026-09-14T12:03:29.029Z</time></trkpt><trkpt lat="59.181451" lon="11.520290"><ele>0.000000</ele><time>2026-09-14T12:03:30.030Z</time></trkpt><trkpt lat="59.181465" lon="11.520270"><ele>0.000000</ele><time>2026-09-14T12:03:31.031Z</time></trkpt><trkpt lat="59.181477" lon="11.520250"><ele>0.000000</ele><time>2026-09-14T12:03:32.032Z</time></trkpt><trkpt lat="59.181491" lon="11.520229"><ele>0.000000</ele><time>2026-09-14T12:03:33.033Z</time></trkpt><trkpt lat="59.181505" lon="11.520209"><ele>0.000000</ele><time>2026-09-14T12:03:34.034Z</time></trkpt><trkpt lat="59.181519" lon="11.520190"><ele>0.000000</ele><time>2026-09-14T12:03:35.035Z</time></trkpt><trkpt lat="59.181534" lon="11.520173"><ele>0.000000</ele><time>2026-09-14T12:03:36.036Z</time></trkpt><trkpt lat="59.181549" lon="11.520156"><ele>0.000000</ele><time>2026-09-14T12:03:37.037Z</time></trkpt><trkpt lat="59.181565" lon="11.520139"><ele>0.000000</ele><time>2026-09-14T12:03:38.038Z</time></trkpt><trkpt lat="59.181579" lon="11.520122"><ele>0.000000</ele><time>2026-09-14T12:03:39.039Z</time></trkpt><trkpt lat="59.181595" lon="11.520105"><ele>0.000000</ele><time>2026-09-14T12:03:40.040Z</time></trkpt><trkpt lat="59.181609" lon="11.520088"><ele>0.000000</ele><time>2026-09-14T12:03:41.041Z</time></trkpt><trkpt lat="59.181624" lon="11.520071"><ele>0.000000</ele><time>2026-09-14T12:03:42.042Z</time></trkpt><trkpt lat="59.181639" lon="11.520055"><ele>0.000000</ele><time>2026-09-14T12:03:43.043Z</time></trkpt><trkpt lat="59.181655" lon="11.520038"><ele>0.000000</ele><time>2026-09-14T12:03:44.044Z</time></trkpt><trkpt lat="59.181669" lon="11.520022"><ele>0.000000</ele><time>2026-09-14T12:03:45.045Z</time></trkpt><trkpt lat="59.181683" lon="11.520004"><ele>0.000000</ele><time>2026-09-14T12:03:46.046Z</time></trkpt><trkpt lat="59.181697" lon="11.519987"><ele>0.000000</ele><time>2026-09-14T12:03:47.047Z</time></trkpt><trkpt lat="59.181712" lon="11.519970"><ele>0.000000</ele><time>2026-09-14T12:03:48.048Z</time></trkpt><trkpt lat="59.181726" lon="11.519954"><ele>0.000000</ele><time>2026-09-14T12:03:49.049Z</time></trkpt><trkpt lat="59.181741" lon="11.519937"><ele>0.000000</ele><time>2026-09-14T12:03:50.050Z</time></trkpt><trkpt lat="59.181756" lon="11.519920"><ele>0.000000</ele><time>2026-09-14T12:03:51.051Z</time></trkpt><trkpt lat="59.181771" lon="11.519900"><ele>0.000000</ele><time>2026-09-14T12:03:52.052Z</time></trkpt><trkpt lat="59.181784" lon="11.519881"><ele>0.000000</ele><time>2026-09-14T12:03:53.053Z</time></trkpt><trkpt lat="59.181797" lon="11.519864"><ele>0.000000</ele><time>2026-09-14T12:03:54.054Z</time></trkpt><trkpt lat="59.181812" lon="11.519847"><ele>0.000000</ele><time>2026-09-14T12:03:55.055Z</time></trkpt><trkpt lat="59.181827" lon="11.519832"><ele>0.000000</ele><time>2026-09-14T12:03:56.056Z</time></trkpt><trkpt lat="59.181843" lon="11.519816"><ele>0.000000</ele><time>2026-09-14T12:03:57.057Z</time></trkpt><trkpt lat="59.181859" lon="11.519802"><ele>0.000000</ele><time>2026-09-14T12:03:58.058Z</time></trkpt><trkpt lat="59.181875" lon="11.519787"><ele>0.000000</ele><time>2026-09-14T12:03:59.059Z</time></trkpt><trkpt lat="59.181891" lon="11.519773"><ele>0.000000</ele><time>2026-09-14T12:04:00.000Z</time></trkpt><trkpt lat="59.181909" lon="11.519759"><ele>0.000000</ele><time>2026-09-14T12:04:01.001Z</time></trkpt><trkpt lat="59.181924" lon="11.519745"><ele>0.000000</ele><time>2026-09-14T12:04:02.002Z</time></trkpt><trkpt lat="59.181941" lon="11.519729"><ele>0.000000</ele><time>2026-09-14T12:04:03.003Z</time></trkpt><trkpt lat="59.181958" lon="11.519713"><ele>0.000000</ele><time>2026-09-14T12:04:04.004Z</time></trkpt><trkpt lat="59.181975" lon="11.519698"><ele>0.000000</ele><time>2026-09-14T12:04:05.005Z</time></trkpt><trkpt lat="59.181990" lon="11.519681"><ele>0.000000</ele><time>2026-09-14T12:04:06.006Z</time></trkpt><trkpt lat="59.182007" lon="11.519665"><ele>0.000000</ele><time>2026-09-14T12:04:07.007Z</time></trkpt><trkpt lat="59.182023" lon="11.519650"><ele>0.000000</ele><time>2026-09-14T12:04:08.008Z</time></trkpt><trkpt lat="59.182039" lon="11.519634"><ele>0.000000</ele><time>2026-09-14T12:04:09.009Z</time></trkpt><trkpt lat="59.182056" lon="11.519618"><ele>0.000000</ele><time>2026-09-14T12:04:10.010Z</time></trkpt><trkpt lat="59.182072" lon="11.519599"><ele>0.000000</ele><time>2026-09-14T12:04:11.011Z</time></trkpt><trkpt lat="59.182087" lon="11.519583"><ele>0.000000</ele><time>2026-09-14T12:04:12.012Z</time></trkpt><trkpt lat="59.182102" lon="11.519566"><ele>0.000000</ele><time>2026-09-14T12:04:13.013Z</time></trkpt><trkpt lat="59.182118" lon="11.519548"><ele>0.000000</ele><time>2026-09-14T12:04:14.014Z</time></trkpt><trkpt lat="59.182132" lon="11.519531"><ele>0.000000</ele><time>2026-09-14T12:04:15.015Z</time></trkpt><trkpt lat="59.182149" lon="11.519513"><ele>0.000000</ele><time>2026-09-14T12:04:16.016Z</time></trkpt><trkpt lat="59.182167" lon="11.519496"><ele>0.000000</ele><time>2026-09-14T12:04:17.017Z</time></trkpt><trkpt lat="59.182184" lon="11.519479"><ele>0.000000</ele><time>2026-09-14T12:04:18.018Z</time></trkpt><trkpt lat="59.182200" lon="11.519464"><ele>0.000000</ele><time>2026-09-14T12:04:19.019Z</time></trkpt><trkpt lat="59.182217" lon="11.519450"><ele>0.000000</ele><time>2026-09-14T12:04:20.020Z</time></trkpt><trkpt lat="59.182234" lon="11.519436"><ele>0.000000</ele><time>2026-09-14T12:04:21.021Z</time></trkpt><trkpt lat="59.182250" lon="11.519422"><ele>0.000000</ele><time>2026-09-14T12:04:22.022Z</time></trkpt><trkpt lat="59.182267" lon="11.519406"><ele>0.000000</ele><time>2026-09-14T12:04:23.023Z</time></trkpt><trkpt lat="59.182283" lon="11.519392"><ele>0.000000</ele><time>2026-09-14T12:04:24.024Z</time></trkpt><trkpt lat="59.182299" lon="11.519376"><ele>0.000000</ele><time>2026-09-14T12:04:25.025Z</time></trkpt><trkpt lat="59.182315" lon="11.519360"><ele>0.000000</ele><time>2026-09-14T12:04:26.026Z</time></trkpt><trkpt lat="59.182331" lon="11.519342"><ele>0.000000</ele><time>2026-09-14T12:04:27.027Z</time></trkpt><trkpt lat="59.182345" lon="11.519323"><ele>0.000000</ele><time>2026-09-14T12:04:28.028Z</time></trkpt><trkpt lat="59.182360" lon="11.519305"><ele>0.000000</ele><time>2026-09-14T12:04:29.029Z</time></trkpt><trkpt lat="59.182374" lon="11.519287"><ele>0.000000</ele><time>2026-09-14T12:04:30.030Z</time></trkpt><trkpt lat="59.182387" lon="11.519267"><ele>0.000000</ele><time>2026-09-14T12:04:31.031Z</time></trkpt><trkpt lat="59.182401" lon="11.519247"><ele>0.000000</ele><time>2026-09-14T12:04:32.032Z</time></trkpt><trkpt lat="59.182414" lon="11.519227"><ele>0.000000</ele><time>2026-09-14T12:04:33.033Z</time></trkpt><trkpt lat="59.182428" lon="11.519208"><ele>0.000000</ele><time>2026-09-14T12:04:34.034Z</time></trkpt><trkpt lat="59.182441" lon="11.519189"><ele>0.000000</ele><time>2026-09-14T12:04:35.035Z</time></trkpt><trkpt lat="59.182455" lon="11.519170"><ele>0.000000</ele><time>2026-09-14T12:04:36.036Z</time></trkpt><trkpt lat="59.182469" lon="11.519152"><ele>0.000000</ele><time>2026-09-14T12:04:36.036Z</time></trkpt><trkpt lat="59.182483" lon="11.519134"><ele>0.000000</ele><time>2026-09-14T12:04:37.037Z</time></trkpt><trkpt lat="59.182499" lon="11.519117"><ele>0.000000</ele><time>2026-09-14T12:04:38.038Z</time></trkpt><trkpt lat="59.182513" lon="11.519101"><ele>0.000000</ele><time>2026-09-14T12:04:39.039Z</time></trkpt><trkpt lat="59.182527" lon="11.519084"><ele>0.000000</ele><time>2026-09-14T12:04:40.040Z</time></trkpt><trkpt lat="59.182540" lon="11.519069"><ele>0.000000</ele><time>2026-09-14T12:04:41.041Z</time></trkpt><trkpt lat="59.182552" lon="11.519053"><ele>0.000000</ele><time>2026-09-14T12:04:42.042Z</time></trkpt><trkpt lat="59.182564" lon="11.519039"><ele>0.000000</ele><time>2026-09-14T12:04:43.043Z</time></trkpt><trkpt lat="59.182576" lon="11.519025"><ele>0.000000</ele><time>2026-09-14T12:04:44.044Z</time></trkpt><trkpt lat="59.182587" lon="11.519012"><ele>0.000000</ele><time>2026-09-14T12:04:45.045Z</time></trkpt><trkpt lat="59.182598" lon="11.519000"><ele>0.000000</ele><time>2026-09-14T12:04:46.046Z</time></trkpt><trkpt lat="59.182608" lon="11.518987"><ele>0.000000</ele><time>2026-09-14T12:04:47.047Z</time></trkpt><trkpt lat="59.182618" lon="11.518976"><ele>0.000000</ele><time>2026-09-14T12:04:48.048Z</time></trkpt><trkpt lat="59.182627" lon="11.518965"><ele>0.000000</ele><time>2026-09-14T12:04:49.049Z</time></trkpt><trkpt lat="59.182636" lon="11.518954"><ele>0.000000</ele><time>2026-09-14T12:04:50.050Z</time></trkpt><trkpt lat="59.182645" lon="11.518945"><ele>0.000000</ele><time>2026-09-14T12:04:51.051Z</time></trkpt><trkpt lat="59.182654" lon="11.518936"><ele>0.000000</ele><time>2026-09-14T12:04:52.052Z</time></trkpt><trkpt lat="59.182662" lon="11.518927"><ele>0.000000</ele><time>2026-09-14T12:04:53.053Z</time></trkpt><trkpt lat="59.182670" lon="11.518918"><ele>0.000000</ele><time>2026-09-14T12:04:54.054Z</time></trkpt><trkpt lat="59.182686" lon="11.518899"><ele>0.000000</ele><time>2026-09-14T12:04:56.056Z</time></trkpt><trkpt lat="59.182700" lon="11.518882"><ele>0.000000</ele><time>2026-09-14T12:04:58.058Z</time></trkpt><trkpt lat="59.182713" lon="11.518866"><ele>0.000000</ele><time>2026-09-14T12:05:00.000Z</time></trkpt><trkpt lat="59.182726" lon="11.518850"><ele>0.000000</ele><time>2026-09-14T12:05:02.002Z</time></trkpt><trkpt lat="59.182738" lon="11.518835"><ele>0.000000</ele><time>2026-09-14T12:05:04.004Z</time></trkpt><trkpt lat="59.182749" lon="11.518822"><ele>0.000000</ele><time>2026-09-14T12:05:06.006Z</time></trkpt><trkpt lat="59.182760" lon="11.518808"><ele>0.000000</ele><time>2026-09-14T12:05:08.008Z</time></trkpt><trkpt lat="59.182771" lon="11.518796"><ele>0.000000</ele><time>2026-09-14T12:05:10.010Z</time></trkpt><trkpt lat="59.182781" lon="11.518785"><ele>0.000000</ele><time>2026-09-14T12:05:12.012Z</time></trkpt><trkpt lat="59.182792" lon="11.518775"><ele>0.000000</ele><time>2026-09-14T12:05:14.014Z</time></trkpt><trkpt lat="59.182802" lon="11.518767"><ele>0.000000</ele><time>2026-09-14T12:05:16.016Z</time></trkpt><trkpt lat="59.182812" lon="11.518758"><ele>0.000000</ele><time>2026-09-14T12:05:18.018Z</time></trkpt><trkpt lat="59.182821" lon="11.518748"><ele>0.000000</ele><time>2026-09-14T12:05:20.020Z</time></trkpt><trkpt lat="59.182831" lon="11.518738"><ele>0.000000</ele><time>2026-09-14T12:05:22.022Z</time></trkpt><trkpt lat="59.182841" lon="11.518728"><ele>0.000000</ele><time>2026-09-14T12:05:24.024Z</time></trkpt><trkpt lat="59.182854" lon="11.518711"><ele>0.000000</ele><time>2026-09-14T12:05:27.027Z</time></trkpt><trkpt lat="59.182863" lon="11.518692"><ele>0.000000</ele><time>2026-09-14T12:05:30.030Z</time></trkpt><trkpt lat="59.182867" lon="11.518682"><ele>0.000000</ele><time>2026-09-14T12:05:31.031Z</time></trkpt><trkpt lat="59.182876" lon="11.518664"><ele>0.000000</ele><time>2026-09-14T12:05:33.033Z</time></trkpt><trkpt lat="59.182888" lon="11.518644"><ele>0.000000</ele><time>2026-09-14T12:05:35.035Z</time></trkpt><trkpt lat="59.182902" lon="11.518623"><ele>0.000000</ele><time>2026-09-14T12:05:37.037Z</time></trkpt><trkpt lat="59.182910" lon="11.518612"><ele>0.000000</ele><time>2026-09-14T12:05:38.038Z</time></trkpt><trkpt lat="59.182918" lon="11.518599"><ele>0.000000</ele><time>2026-09-14T12:05:39.039Z</time></trkpt><trkpt lat="59.182926" lon="11.518587"><ele>0.000000</ele><time>2026-09-14T12:05:40.040Z</time></trkpt><trkpt lat="59.182935" lon="11.518573"><ele>0.000000</ele><time>2026-09-14T12:05:41.041Z</time></trkpt><trkpt lat="59.182944" lon="11.518560"><ele>0.000000</ele><time>2026-09-14T12:05:42.042Z</time></trkpt><trkpt lat="59.182953" lon="11.518545"><ele>0.000000</ele><time>2026-09-14T12:05:43.043Z</time></trkpt><trkpt lat="59.182963" lon="11.518530"><ele>0.000000</ele><time>2026-09-14T12:05:44.044Z</time></trkpt><trkpt lat="59.182973" lon="11.518513"><ele>0.000000</ele><time>2026-09-14T12:05:45.045Z</time></trkpt><trkpt lat="59.182984" lon="11.518498"><ele>0.000000</ele><time>2026-09-14T12:05:46.046Z</time></trkpt><trkpt lat="59.182997" lon="11.518480"><ele>0.000000</ele><time>2026-09-14T12:05:47.047Z</time></trkpt><trkpt lat="59.183009" lon="11.518462"><ele>0.000000</ele><time>2026-09-14T12:05:48.048Z</time></trkpt><trkpt lat="59.183022" lon="11.518444"><ele>0.000000</ele><time>2026-09-14T12:05:49.049Z</time></trkpt><trkpt lat="59.183034" lon="11.518425"><ele>0.000000</ele><time>2026-09-14T12:05:50.050Z</time></trkpt><trkpt lat="59.183047" lon="11.518406"><ele>0.000000</ele><time>2026-09-14T12:05:51.051Z</time></trkpt><trkpt lat="59.183061" lon="11.518388"><ele>0.000000</ele><time>2026-09-14T12:05:52.052Z</time></trkpt><trkpt lat="59.183075" lon="11.518371"><ele>0.000000</ele><time>2026-09-14T12:05:53.053Z</time></trkpt><trkpt lat="59.183090" lon="11.518354"><ele>0.000000</ele><time>2026-09-14T12:05:54.054Z</time></trkpt><trkpt lat="59.183104" lon="11.518337"><ele>0.000000</ele><time>2026-09-14T12:05:55.055Z</time></trkpt><trkpt lat="59.183119" lon="11.518319"><ele>0.000000</ele><time>2026-09-14T12:05:56.056Z</time></trkpt><trkpt lat="59.183133" lon="11.518300"><ele>0.000000</ele><time>2026-09-14T12:05:57.057Z</time></trkpt><trkpt lat="59.183148" lon="11.518281"><ele>0.000000</ele><time>2026-09-14T12:05:58.058Z</time></trkpt><trkpt lat="59.183162" lon="11.518262"><ele>0.000000</ele><time>2026-09-14T12:05:59.059Z</time></trkpt><trkpt lat="59.183177" lon="11.518243"><ele>0.000000</ele><time>2026-09-14T12:06:00.000Z</time></trkpt><trkpt lat="59.183191" lon="11.518224"><ele>0.000000</ele><time>2026-09-14T12:06:01.001Z</time></trkpt><trkpt lat="59.183205" lon="11.518205"><ele>0.000000</ele><time>2026-09-14T12:06:02.002Z</time></trkpt><trkpt lat="59.183218" lon="11.518187"><ele>0.000000</ele><time>2026-09-14T12:06:03.003Z</time></trkpt><trkpt lat="59.183230" lon="11.518170"><ele>0.000000</ele><time>2026-09-14T12:06:04.004Z</time></trkpt><trkpt lat="59.183242" lon="11.518154"><ele>0.000000</ele><time>2026-09-14T12:06:05.005Z</time></trkpt><trkpt lat="59.183253" lon="11.518138"><ele>0.000000</ele><time>2026-09-14T12:06:06.006Z</time></trkpt><trkpt lat="59.183264" lon="11.518123"><ele>0.000000</ele><time>2026-09-14T12:06:07.007Z</time></trkpt><trkpt lat="59.183275" lon="11.518106"><ele>0.000000</ele><time>2026-09-14T12:06:08.008Z</time></trkpt><trkpt lat="59.183286" lon="11.518092"><ele>0.000000</ele><time>2026-09-14T12:06:09.009Z</time></trkpt><trkpt lat="59.183297" lon="11.518077"><ele>0.000000</ele><time>2026-09-14T12:06:10.010Z</time></trkpt><trkpt lat="59.183316" lon="11.518049"><ele>0.000000</ele><time>2026-09-14T12:06:12.012Z</time></trkpt><trkpt lat="59.183324" lon="11.518037"><ele>0.000000</ele><time>2026-09-14T12:06:13.013Z</time></trkpt><trkpt lat="59.183332" lon="11.518025"><ele>0.000000</ele><time>2026-09-14T12:06:14.014Z</time></trkpt><trkpt lat="59.183339" lon="11.518014"><ele>0.000000</ele><time>2026-09-14T12:06:15.015Z</time></trkpt><trkpt lat="59.183347" lon="11.518004"><ele>0.000000</ele><time>2026-09-14T12:06:16.016Z</time></trkpt><trkpt lat="59.183354" lon="11.517993"><ele>0.000000</ele><time>2026-09-14T12:06:17.017Z</time></trkpt><trkpt lat="59.183368" lon="11.517972"><ele>0.000000</ele><time>2026-09-14T12:06:19.019Z</time></trkpt><trkpt lat="59.183382" lon="11.517954"><ele>0.000000</ele><time>2026-09-14T12:06:21.021Z</time></trkpt><trkpt lat="59.183395" lon="11.517939"><ele>0.000000</ele><time>2026-09-14T12:06:23.023Z</time></trkpt><trkpt lat="59.183408" lon="11.517927"><ele>0.000000</ele><time>2026-09-14T12:06:25.025Z</time></trkpt><trkpt lat="59.183421" lon="11.517917"><ele>0.000000</ele><time>2026-09-14T12:06:27.027Z</time></trkpt><trkpt lat="59.183433" lon="11.517909"><ele>0.000000</ele><time>2026-09-14T12:06:29.029Z</time></trkpt><trkpt lat="59.183446" lon="11.517902"><ele>0.000000</ele><time>2026-09-14T12:06:31.031Z</time></trkpt><trkpt lat="59.183458" lon="11.517894"><ele>0.000000</ele><time>2026-09-14T12:06:33.033Z</time></trkpt><trkpt lat="59.183469" lon="11.517887"><ele>0.000000</ele><time>2026-09-14T12:06:35.035Z</time></trkpt><trkpt lat="59.183480" lon="11.517879"><ele>0.000000</ele><time>2026-09-14T12:06:37.037Z</time></trkpt><trkpt lat="59.183490" lon="11.517871"><ele>0.000000</ele><time>2026-09-14T12:06:39.039Z</time></trkpt><trkpt lat="59.183507" lon="11.517861"><ele>0.000000</ele><time>2026-09-14T12:06:42.042Z</time></trkpt><trkpt lat="59.183519" lon="11.517851"><ele>0.000000</ele><time>2026-09-14T12:06:46.046Z</time></trkpt><trkpt lat="59.183525" lon="11.517839"><ele>0.000000</ele><time>2026-09-14T12:06:48.048Z</time></trkpt><trkpt lat="59.183538" lon="11.517822"><ele>0.000000</ele><time>2026-09-14T12:06:52.052Z</time></trkpt><trkpt lat="59.183548" lon="11.517808"><ele>0.000000</ele><time>2026-09-14T12:06:54.054Z</time></trkpt><trkpt lat="59.183560" lon="11.517788"><ele>0.000000</ele><time>2026-09-14T12:06:56.056Z</time></trkpt><trkpt lat="59.183575" lon="11.517764"><ele>0.000000</ele><time>2026-09-14T12:06:58.058Z</time></trkpt><trkpt lat="59.183584" lon="11.517748"><ele>0.000000</ele><time>2026-09-14T12:06:59.059Z</time></trkpt><trkpt lat="59.183594" lon="11.517734"><ele>0.000000</ele><time>2026-09-14T12:07:00.000Z</time></trkpt><trkpt lat="59.183604" lon="11.517719"><ele>0.000000</ele><time>2026-09-14T12:07:01.001Z</time></trkpt><trkpt lat="59.183615" lon="11.517703"><ele>0.000000</ele><time>2026-09-14T12:07:02.002Z</time></trkpt><trkpt lat="59.183626" lon="11.517686"><ele>0.000000</ele><time>2026-09-14T12:07:03.003Z</time></trkpt><trkpt lat="59.183637" lon="11.517669"><ele>0.000000</ele><time>2026-09-14T12:07:04.004Z</time></trkpt><trkpt lat="59.183649" lon="11.517651"><ele>0.000000</ele><time>2026-09-14T12:07:05.005Z</time></trkpt><trkpt lat="59.183661" lon="11.517634"><ele>0.000000</ele><time>2026-09-14T12:07:06.006Z</time></trkpt><trkpt lat="59.183673" lon="11.517616"><ele>0.000000</ele><time>2026-09-14T12:07:07.007Z</time></trkpt><trkpt lat="59.183686" lon="11.517597"><ele>0.000000</ele><time>2026-09-14T12:07:08.008Z</time></trkpt><trkpt lat="59.183699" lon="11.517578"><ele>0.000000</ele><time>2026-09-14T12:07:09.009Z</time></trkpt><trkpt lat="59.183712" lon="11.517559"><ele>0.000000</ele><time>2026-09-14T12:07:10.010Z</time></trkpt><trkpt lat="59.183726" lon="11.517539"><ele>0.000000</ele><time>2026-09-14T12:07:11.011Z</time></trkpt><trkpt lat="59.183740" lon="11.517518"><ele>0.000000</ele><time>2026-09-14T12:07:12.012Z</time></trkpt><trkpt lat="59.183755" lon="11.517498"><ele>0.000000</ele><time>2026-09-14T12:07:13.013Z</time></trkpt><trkpt lat="59.183769" lon="11.517479"><ele>0.000000</ele><time>2026-09-14T12:07:14.014Z</time></trkpt><trkpt lat="59.183784" lon="11.517460"><ele>0.000000</ele><time>2026-09-14T12:07:15.015Z</time></trkpt><trkpt lat="59.183798" lon="11.517442"><ele>0.000000</ele><time>2026-09-14T12:07:16.016Z</time></trkpt><trkpt lat="59.183813" lon="11.517424"><ele>0.000000</ele><time>2026-09-14T12:07:17.017Z</time></trkpt><trkpt lat="59.183828" lon="11.517406"><ele>0.000000</ele><time>2026-09-14T12:07:18.018Z</time></trkpt><trkpt lat="59.183843" lon="11.517388"><ele>0.000000</ele><time>2026-09-14T12:07:19.019Z</time></trkpt><trkpt lat="59.183857" lon="11.517370"><ele>0.000000</ele><time>2026-09-14T12:07:20.020Z</time></trkpt><trkpt lat="59.183872" lon="11.517351"><ele>0.000000</ele><time>2026-09-14T12:07:21.021Z</time></trkpt><trkpt lat="59.183886" lon="11.517333"><ele>0.000000</ele><time>2026-09-14T12:07:22.022Z</time></trkpt><trkpt lat="59.183901" lon="11.517314"><ele>0.000000</ele><time>2026-09-14T12:07:23.023Z</time></trkpt><trkpt lat="59.183915" lon="11.517296"><ele>0.000000</ele><time>2026-09-14T12:07:24.024Z</time></trkpt><trkpt lat="59.183930" lon="11.517277"><ele>0.000000</ele><time>2026-09-14T12:07:25.025Z</time></trkpt><trkpt lat="59.183946" lon="11.517261"><ele>0.000000</ele><time>2026-09-14T12:07:26.026Z</time></trkpt><trkpt lat="59.183963" lon="11.517244"><ele>0.000000</ele><time>2026-09-14T12:07:27.027Z</time></trkpt><trkpt lat="59.183978" lon="11.517227"><ele>0.000000</ele><time>2026-09-14T12:07:28.028Z</time></trkpt><trkpt lat="59.183993" lon="11.517210"><ele>0.000000</ele><time>2026-09-14T12:07:29.029Z</time></trkpt><trkpt lat="59.184008" lon="11.517194"><ele>0.000000</ele><time>2026-09-14T12:07:30.030Z</time></trkpt><trkpt lat="59.184024" lon="11.517176"><ele>0.000000</ele><time>2026-09-14T12:07:31.031Z</time></trkpt><trkpt lat="59.184040" lon="11.517159"><ele>0.000000</ele><time>2026-09-14T12:07:32.032Z</time></trkpt><trkpt lat="59.184055" lon="11.517141"><ele>0.000000</ele><time>2026-09-14T12:07:33.033Z</time></trkpt><trkpt lat="59.184070" lon="11.517124"><ele>0.000000</ele><time>2026-09-14T12:07:34.034Z</time></trkpt><trkpt lat="59.184085" lon="11.517106"><ele>0.000000</ele><time>2026-09-14T12:07:35.035Z</time></trkpt><trkpt lat="59.184099" lon="11.517089"><ele>0.000000</ele><time>2026-09-14T12:07:36.036Z</time></trkpt><trkpt lat="59.184114" lon="11.517070"><ele>0.000000</ele><time>2026-09-14T12:07:37.037Z</time></trkpt><trkpt lat="59.184129" lon="11.517053"><ele>0.000000</ele><time>2026-09-14T12:07:38.038Z</time></trkpt><trkpt lat="59.184144" lon="11.517035"><ele>0.000000</ele><time>2026-09-14T12:07:39.039Z</time></trkpt><trkpt lat="59.184158" lon="11.517016"><ele>0.000000</ele><time>2026-09-14T12:07:40.040Z</time></trkpt><trkpt lat="59.184173" lon="11.516998"><ele>0.000000</ele><time>2026-09-14T12:07:41.041Z</time></trkpt><trkpt lat="59.184188" lon="11.516978"><ele>0.000000</ele><time>2026-09-14T12:07:42.042Z</time></trkpt><trkpt lat="59.184203" lon="11.516960"><ele>0.000000</ele><time>2026-09-14T12:07:43.043Z</time></trkpt><trkpt lat="59.184217" lon="11.516939"><ele>0.000000</ele><time>2026-09-14T12:07:44.044Z</time></trkpt><trkpt lat="59.184231" lon="11.516918"><ele>0.000000</ele><time>2026-09-14T12:07:45.045Z</time></trkpt><trkpt lat="59.184245" lon="11.516896"><ele>0.000000</ele><time>2026-09-14T12:07:46.046Z</time></trkpt><trkpt lat="59.184258" lon="11.516875"><ele>0.000000</ele><time>2026-09-14T12:07:47.047Z</time></trkpt><trkpt lat="59.184271" lon="11.516853"><ele>0.000000</ele><time>2026-09-14T12:07:48.048Z</time></trkpt><trkpt lat="59.184284" lon="11.516832"><ele>0.000000</ele><time>2026-09-14T12:07:49.049Z</time></trkpt><trkpt lat="59.184297" lon="11.516809"><ele>0.000000</ele><time>2026-09-14T12:07:50.050Z</time></trkpt><trkpt lat="59.184311" lon="11.516788"><ele>0.000000</ele><time>2026-09-14T12:07:51.051Z</time></trkpt><trkpt lat="59.184325" lon="11.516767"><ele>0.000000</ele><time>2026-09-14T12:07:52.052Z</time></trkpt><trkpt lat="59.184339" lon="11.516748"><ele>0.000000</ele><time>2026-09-14T12:07:53.053Z</time></trkpt><trkpt lat="59.184353" lon="11.516728"><ele>0.000000</ele><time>2026-09-14T12:07:54.054Z</time></trkpt><trkpt lat="59.184368" lon="11.516710"><ele>0.000000</ele><time>2026-09-14T12:07:55.055Z</time></trkpt><trkpt lat="59.184382" lon="11.516691"><ele>0.000000</ele><time>2026-09-14T12:07:56.056Z</time></trkpt><trkpt lat="59.184396" lon="11.516670"><ele>0.000000</ele><time>2026-09-14T12:07:57.057Z</time></trkpt><trkpt lat="59.184410" lon="11.516650"><ele>0.000000</ele><time>2026-09-14T12:07:58.058Z</time></trkpt><trkpt lat="59.184424" lon="11.516629"><ele>0.000000</ele><time>2026-09-14T12:07:59.059Z</time></trkpt><trkpt lat="59.184438" lon="11.516609"><ele>0.000000</ele><time>2026-09-14T12:08:00.000Z</time></trkpt><trkpt lat="59.184453" lon="11.516588"><ele>0.000000</ele><time>2026-09-14T12:08:01.001Z</time></trkpt><trkpt lat="59.184469" lon="11.516568"><ele>0.000000</ele><time>2026-09-14T12:08:02.002Z</time></trkpt><trkpt lat="59.184485" lon="11.516548"><ele>0.000000</ele><time>2026-09-14T12:08:03.003Z</time></trkpt><trkpt lat="59.184501" lon="11.516530"><ele>0.000000</ele><time>2026-09-14T12:08:04.004Z</time></trkpt><trkpt lat="59.184517" lon="11.516511"><ele>0.000000</ele><time>2026-09-14T12:08:05.005Z</time></trkpt><trkpt lat="59.184533" lon="11.516492"><ele>0.000000</ele><time>2026-09-14T12:08:06.006Z</time></trkpt><trkpt lat="59.184549" lon="11.516473"><ele>0.000000</ele><time>2026-09-14T12:08:07.007Z</time></trkpt><trkpt lat="59.184563" lon="11.516452"><ele>0.000000</ele><time>2026-09-14T12:08:08.008Z</time></trkpt><trkpt lat="59.184578" lon="11.516428"><ele>0.000000</ele><time>2026-09-14T12:08:09.009Z</time></trkpt><trkpt lat="59.184592" lon="11.516406"><ele>0.000000</ele><time>2026-09-14T12:08:10.010Z</time></trkpt><trkpt lat="59.184606" lon="11.516386"><ele>0.000000</ele><time>2026-09-14T12:08:11.011Z</time></trkpt><trkpt lat="59.184621" lon="11.516364"><ele>0.000000</ele><time>2026-09-14T12:08:12.012Z</time></trkpt><trkpt lat="59.184635" lon="11.516343"><ele>0.000000</ele><time>2026-09-14T12:08:13.013Z</time></trkpt><trkpt lat="59.184649" lon="11.516322"><ele>0.000000</ele><time>2026-09-14T12:08:14.014Z</time></trkpt><trkpt lat="59.184664" lon="11.516303"><ele>0.000000</ele><time>2026-09-14T12:08:15.015Z</time></trkpt><trkpt lat="59.184680" lon="11.516284"><ele>0.000000</ele><time>2026-09-14T12:08:16.016Z</time></trkpt><trkpt lat="59.184695" lon="11.516266"><ele>0.000000</ele><time>2026-09-14T12:08:17.017Z</time></trkpt><trkpt lat="59.184712" lon="11.516247"><ele>0.000000</ele><time>2026-09-14T12:08:18.018Z</time></trkpt><trkpt lat="59.184727" lon="11.516231"><ele>0.000000</ele><time>2026-09-14T12:08:19.019Z</time></trkpt><trkpt lat="59.184743" lon="11.516213"><ele>0.000000</ele><time>2026-09-14T12:08:20.020Z</time></trkpt><trkpt lat="59.184759" lon="11.516195"><ele>0.000000</ele><time>2026-09-14T12:08:21.021Z</time></trkpt><trkpt lat="59.184774" lon="11.516177"><ele>0.000000</ele><time>2026-09-14T12:08:22.022Z</time></trkpt><trkpt lat="59.184790" lon="11.516159"><ele>0.000000</ele><time>2026-09-14T12:08:23.023Z</time></trkpt><trkpt lat="59.184805" lon="11.516141"><ele>0.000000</ele><time>2026-09-14T12:08:24.024Z</time></trkpt><trkpt lat="59.184820" lon="11.516123"><ele>0.000000</ele><time>2026-09-14T12:08:25.025Z</time></trkpt><trkpt lat="59.184834" lon="11.516104"><ele>0.000000</ele><time>2026-09-14T12:08:26.026Z</time></trkpt><trkpt lat="59.184849" lon="11.516082"><ele>0.000000</ele><time>2026-09-14T12:08:27.027Z</time></trkpt><trkpt lat="59.184864" lon="11.516061"><ele>0.000000</ele><time>2026-09-14T12:08:28.028Z</time></trkpt><trkpt lat="59.184879" lon="11.516039"><ele>0.000000</ele><time>2026-09-14T12:08:29.029Z</time></trkpt><trkpt lat="59.184895" lon="11.516018"><ele>0.000000</ele><time>2026-09-14T12:08:30.030Z</time></trkpt><trkpt lat="59.184910" lon="11.515997"><ele>0.000000</ele><time>2026-09-14T12:08:31.031Z</time></trkpt><trkpt lat="59.184925" lon="11.515976"><ele>0.000000</ele><time>2026-09-14T12:08:32.032Z</time></trkpt><trkpt lat="59.184941" lon="11.515955"><ele>0.000000</ele><time>2026-09-14T12:08:33.033Z</time></trkpt><trkpt lat="59.184956" lon="11.515934"><ele>0.000000</ele><time>2026-09-14T12:08:34.034Z</time></trkpt><trkpt lat="59.184971" lon="11.515914"><ele>0.000000</ele><time>2026-09-14T12:08:35.035Z</time></trkpt><trkpt lat="59.184987" lon="11.515892"><ele>0.000000</ele><time>2026-09-14T12:08:36.036Z</time></trkpt><trkpt lat="59.185003" lon="11.515871"><ele>0.000000</ele><time>2026-09-14T12:08:37.037Z</time></trkpt><trkpt lat="59.185019" lon="11.515848"><ele>0.000000</ele><time>2026-09-14T12:08:38.038Z</time></trkpt><trkpt lat="59.185033" lon="11.515827"><ele>0.000000</ele><time>2026-09-14T12:08:39.039Z</time></trkpt><trkpt lat="59.185048" lon="11.515806"><ele>0.000000</ele><time>2026-09-14T12:08:40.040Z</time></trkpt><trkpt lat="59.185063" lon="11.515785"><ele>0.000000</ele><time>2026-09-14T12:08:41.041Z</time></trkpt><trkpt lat="59.185078" lon="11.515764"><ele>0.000000</ele><time>2026-09-14T12:08:42.042Z</time></trkpt><trkpt lat="59.185094" lon="11.515745"><ele>0.000000</ele><time>2026-09-14T12:08:43.043Z</time></trkpt><trkpt lat="59.185110" lon="11.515725"><ele>0.000000</ele><time>2026-09-14T12:08:44.044Z</time></trkpt><trkpt lat="59.185126" lon="11.515704"><ele>0.000000</ele><time>2026-09-14T12:08:45.045Z</time></trkpt><trkpt lat="59.185141" lon="11.515684"><ele>0.000000</ele><time>2026-09-14T12:08:46.046Z</time></trkpt><trkpt lat="59.185157" lon="11.515663"><ele>0.000000</ele><time>2026-09-14T12:08:47.047Z</time></trkpt><trkpt lat="59.185171" lon="11.515642"><ele>0.000000</ele><time>2026-09-14T12:08:48.048Z</time></trkpt><trkpt lat="59.185185" lon="11.515620"><ele>0.000000</ele><time>2026-09-14T12:08:49.049Z</time></trkpt><trkpt lat="59.185199" lon="11.515600"><ele>0.000000</ele><time>2026-09-14T12:08:50.050Z</time></trkpt><trkpt lat="59.185214" lon="11.515580"><ele>0.000000</ele><time>2026-09-14T12:08:51.051Z</time></trkpt><trkpt lat="59.185229" lon="11.515561"><ele>0.000000</ele><time>2026-09-14T12:08:52.052Z</time></trkpt><trkpt lat="59.185245" lon="11.515542"><ele>0.000000</ele><time>2026-09-14T12:08:53.053Z</time></trkpt><trkpt lat="59.185259" lon="11.515524"><ele>0.000000</ele><time>2026-09-14T12:08:54.054Z</time></trkpt><trkpt lat="59.185275" lon="11.515505"><ele>0.000000</ele><time>2026-09-14T12:08:55.055Z</time></trkpt><trkpt lat="59.185289" lon="11.515486"><ele>0.000000</ele><time>2026-09-14T12:08:56.056Z</time></trkpt><trkpt lat="59.185304" lon="11.515467"><ele>0.000000</ele><time>2026-09-14T12:08:57.057Z</time></trkpt><trkpt lat="59.185319" lon="11.515447"><ele>0.000000</ele><time>2026-09-14T12:08:58.058Z</time></trkpt><trkpt lat="59.185335" lon="11.515426"><ele>0.000000</ele><time>2026-09-14T12:08:59.059Z</time></trkpt><trkpt lat="59.185350" lon="11.515405"><ele>0.000000</ele><time>2026-09-14T12:09:00.000Z</time></trkpt><trkpt lat="59.185365" lon="11.515385"><ele>0.000000</ele><time>2026-09-14T12:09:01.001Z</time></trkpt><trkpt lat="59.185380" lon="11.515364"><ele>0.000000</ele><time>2026-09-14T12:09:02.002Z</time></trkpt><trkpt lat="59.185395" lon="11.515343"><ele>0.000000</ele><time>2026-09-14T12:09:03.003Z</time></trkpt><trkpt lat="59.185411" lon="11.515323"><ele>0.000000</ele><time>2026-09-14T12:09:04.004Z</time></trkpt><trkpt lat="59.185427" lon="11.515305"><ele>0.000000</ele><time>2026-09-14T12:09:05.005Z</time></trkpt><trkpt lat="59.185442" lon="11.515286"><ele>0.000000</ele><time>2026-09-14T12:09:06.006Z</time></trkpt><trkpt lat="59.185456" lon="11.515267"><ele>0.000000</ele><time>2026-09-14T12:09:07.007Z</time></trkpt><trkpt lat="59.185472" lon="11.515248"><ele>0.000000</ele><time>2026-09-14T12:09:08.008Z</time></trkpt><trkpt lat="59.185488" lon="11.515230"><ele>0.000000</ele><time>2026-09-14T12:09:09.009Z</time></trkpt><trkpt lat="59.185503" lon="11.515211"><ele>0.000000</ele><time>2026-09-14T12:09:10.010Z</time></trkpt><trkpt lat="59.185518" lon="11.515193"><ele>0.000000</ele><time>2026-09-14T12:09:11.011Z</time></trkpt><trkpt lat="59.185532" lon="11.515175"><ele>0.000000</ele><time>2026-09-14T12:09:12.012Z</time></trkpt><trkpt lat="59.185546" lon="11.515157"><ele>0.000000</ele><time>2026-09-14T12:09:13.013Z</time></trkpt><trkpt lat="59.185559" lon="11.515139"><ele>0.000000</ele><time>2026-09-14T12:09:14.014Z</time></trkpt><trkpt lat="59.185573" lon="11.515123"><ele>0.000000</ele><time>2026-09-14T12:09:15.015Z</time></trkpt><trkpt lat="59.185585" lon="11.515107"><ele>0.000000</ele><time>2026-09-14T12:09:16.016Z</time></trkpt><trkpt lat="59.185598" lon="11.515092"><ele>0.000000</ele><time>2026-09-14T12:09:17.017Z</time></trkpt><trkpt lat="59.185609" lon="11.515077"><ele>0.000000</ele><time>2026-09-14T12:09:18.018Z</time></trkpt><trkpt lat="59.185620" lon="11.515062"><ele>0.000000</ele><time>2026-09-14T12:09:19.019Z</time></trkpt><trkpt lat="59.185630" lon="11.515047"><ele>0.000000</ele><time>2026-09-14T12:09:20.020Z</time></trkpt><trkpt lat="59.185639" lon="11.515033"><ele>0.000000</ele><time>2026-09-14T12:09:21.021Z</time></trkpt><trkpt lat="59.185648" lon="11.515019"><ele>0.000000</ele><time>2026-09-14T12:09:22.022Z</time></trkpt><trkpt lat="59.185656" lon="11.515005"><ele>0.000000</ele><time>2026-09-14T12:09:23.023Z</time></trkpt><trkpt lat="59.185663" lon="11.514992"><ele>0.000000</ele><time>2026-09-14T12:09:24.024Z</time></trkpt><trkpt lat="59.185671" lon="11.514977"><ele>0.000000</ele><time>2026-09-14T12:09:25.025Z</time></trkpt><trkpt lat="59.185687" lon="11.514946"><ele>0.000000</ele><time>2026-09-14T12:09:27.027Z</time></trkpt><trkpt lat="59.185703" lon="11.514915"><ele>0.000000</ele><time>2026-09-14T12:09:29.029Z</time></trkpt><trkpt lat="59.185711" lon="11.514897"><ele>0.000000</ele><time>2026-09-14T12:09:30.030Z</time></trkpt><trkpt lat="59.185721" lon="11.514880"><ele>0.000000</ele><time>2026-09-14T12:09:31.031Z</time></trkpt><trkpt lat="59.185731" lon="11.514863"><ele>0.000000</ele><time>2026-09-14T12:09:32.032Z</time></trkpt><trkpt lat="59.185743" lon="11.514847"><ele>0.000000</ele><time>2026-09-14T12:09:33.033Z</time></trkpt><trkpt lat="59.185763" lon="11.514816"><ele>0.000000</ele><time>2026-09-14T12:09:35.035Z</time></trkpt><trkpt lat="59.185775" lon="11.514801"><ele>0.000000</ele><time>2026-09-14T12:09:36.036Z</time></trkpt><trkpt lat="59.185788" lon="11.514786"><ele>0.000000</ele><time>2026-09-14T12:09:37.037Z</time></trkpt><trkpt lat="59.185800" lon="11.514772"><ele>0.000000</ele><time>2026-09-14T12:09:38.038Z</time></trkpt><trkpt lat="59.185813" lon="11.514756"><ele>0.000000</ele><time>2026-09-14T12:09:39.039Z</time></trkpt><trkpt lat="59.185826" lon="11.514741"><ele>0.000000</ele><time>2026-09-14T12:09:40.040Z</time></trkpt><trkpt lat="59.185839" lon="11.514724"><ele>0.000000</ele><time>2026-09-14T12:09:41.041Z</time></trkpt><trkpt lat="59.185851" lon="11.514708"><ele>0.000000</ele><time>2026-09-14T12:09:42.042Z</time></trkpt><trkpt lat="59.185864" lon="11.514690"><ele>0.000000</ele><time>2026-09-14T12:09:43.043Z</time></trkpt><trkpt lat="59.185878" lon="11.514674"><ele>0.000000</ele><time>2026-09-14T12:09:44.044Z</time></trkpt><trkpt lat="59.185892" lon="11.514657"><ele>0.000000</ele><time>2026-09-14T12:09:45.045Z</time></trkpt><trkpt lat="59.185906" lon="11.514638"><ele>0.000000</ele><time>2026-09-14T12:09:46.046Z</time></trkpt><trkpt lat="59.185920" lon="11.514620"><ele>0.000000</ele><time>2026-09-14T12:09:47.047Z</time></trkpt><trkpt lat="59.185935" lon="11.514602"><ele>0.000000</ele><time>2026-09-14T12:09:48.048Z</time></trkpt><trkpt lat="59.185949" lon="11.514583"><ele>0.000000</ele><time>2026-09-14T12:09:49.049Z</time></trkpt><trkpt lat="59.185964" lon="11.514564"><ele>0.000000</ele><time>2026-09-14T12:09:50.050Z</time></trkpt><trkpt lat="59.185979" lon="11.514545"><ele>0.000000</ele><time>2026-09-14T12:09:51.051Z</time></trkpt><trkpt lat="59.185994" lon="11.514526"><ele>0.000000</ele><time>2026-09-14T12:09:52.052Z</time></trkpt><trkpt lat="59.186009" lon="11.514506"><ele>0.000000</ele><time>2026-09-14T12:09:53.053Z</time></trkpt><trkpt lat="59.186024" lon="11.514485"><ele>0.000000</ele><time>2026-09-14T12:09:54.054Z</time></trkpt><trkpt lat="59.186039" lon="11.514465"><ele>0.000000</ele><time>2026-09-14T12:09:55.055Z</time></trkpt><trkpt lat="59.186053" lon="11.514442"><ele>0.000000</ele><time>2026-09-14T12:09:56.056Z</time></trkpt><trkpt lat="59.186068" lon="11.514420"><ele>0.000000</ele><time>2026-09-14T12:09:57.057Z</time></trkpt><trkpt lat="59.186084" lon="11.514397"><ele>0.000000</ele><time>2026-09-14T12:09:58.058Z</time></trkpt><trkpt lat="59.186098" lon="11.514373"><ele>0.000000</ele><time>2026-09-14T12:09:59.059Z</time></trkpt><trkpt lat="59.186113" lon="11.514348"><ele>0.000000</ele><time>2026-09-14T12:10:00.000Z</time></trkpt><trkpt lat="59.186127" lon="11.514324"><ele>0.000000</ele><time>2026-09-14T12:10:01.001Z</time></trkpt><trkpt lat="59.186143" lon="11.514301"><ele>0.000000</ele><time>2026-09-14T12:10:02.002Z</time></trkpt><trkpt lat="59.186159" lon="11.514278"><ele>0.000000</ele><time>2026-09-14T12:10:03.003Z</time></trkpt><trkpt lat="59.186175" lon="11.514256"><ele>0.000000</ele><time>2026-09-14T12:10:04.004Z</time></trkpt><trkpt lat="59.186191" lon="11.514233"><ele>0.000000</ele><time>2026-09-14T12:10:05.005Z</time></trkpt><trkpt lat="59.186205" lon="11.514210"><ele>0.000000</ele><time>2026-09-14T12:10:06.006Z</time></trkpt><trkpt lat="59.186219" lon="11.514186"><ele>0.000000</ele><time>2026-09-14T12:10:07.007Z</time></trkpt><trkpt lat="59.186233" lon="11.514164"><ele>0.000000</ele><time>2026-09-14T12:10:08.008Z</time></trkpt><trkpt lat="59.186247" lon="11.514141"><ele>0.000000</ele><time>2026-09-14T12:10:09.009Z</time></trkpt><trkpt lat="59.186261" lon="11.514118"><ele>0.000000</ele><time>2026-09-14T12:10:10.010Z</time></trkpt><trkpt lat="59.186275" lon="11.514095"><ele>0.000000</ele><time>2026-09-14T12:10:11.011Z</time></trkpt><trkpt lat="59.186289" lon="11.514073"><ele>0.000000</ele><time>2026-09-14T12:10:12.012Z</time></trkpt><trkpt lat="59.186302" lon="11.514052"><ele>0.000000</ele><time>2026-09-14T12:10:13.013Z</time></trkpt><trkpt lat="59.186316" lon="11.514032"><ele>0.000000</ele><time>2026-09-14T12:10:14.014Z</time></trkpt><trkpt lat="59.186329" lon="11.514013"><ele>0.000000</ele><time>2026-09-14T12:10:15.015Z</time></trkpt><trkpt lat="59.186342" lon="11.513995"><ele>0.000000</ele><time>2026-09-14T12:10:16.016Z</time></trkpt><trkpt lat="59.186355" lon="11.513976"><ele>0.000000</ele><time>2026-09-14T12:10:17.017Z</time></trkpt><trkpt lat="59.186368" lon="11.513957"><ele>0.000000</ele><time>2026-09-14T12:10:18.018Z</time></trkpt><trkpt lat="59.186381" lon="11.513938"><ele>0.000000</ele><time>2026-09-14T12:10:19.019Z</time></trkpt><trkpt lat="59.186394" lon="11.513921"><ele>0.000000</ele><time>2026-09-14T12:10:20.020Z</time></trkpt><trkpt lat="59.186408" lon="11.513902"><ele>0.000000</ele><time>2026-09-14T12:10:21.021Z</time></trkpt><trkpt lat="59.186422" lon="11.513884"><ele>0.000000</ele><time>2026-09-14T12:10:22.022Z</time></trkpt><trkpt lat="59.186436" lon="11.513866"><ele>0.000000</ele><time>2026-09-14T12:10:23.023Z</time></trkpt><trkpt lat="59.186451" lon="11.513847"><ele>0.000000</ele><time>2026-09-14T12:10:24.024Z</time></trkpt><trkpt lat="59.186465" lon="11.513828"><ele>0.000000</ele><time>2026-09-14T12:10:25.025Z</time></trkpt><trkpt lat="59.186480" lon="11.513807"><ele>0.000000</ele><time>2026-09-14T12:10:26.026Z</time></trkpt><trkpt lat="59.186494" lon="11.513786"><ele>0.000000</ele><time>2026-09-14T12:10:27.027Z</time></trkpt><trkpt lat="59.186508" lon="11.513764"><ele>0.000000</ele><time>2026-09-14T12:10:28.028Z</time></trkpt><trkpt lat="59.186521" lon="11.513743"><ele>0.000000</ele><time>2026-09-14T12:10:29.029Z</time></trkpt><trkpt lat="59.186536" lon="11.513720"><ele>0.000000</ele><time>2026-09-14T12:10:30.030Z</time></trkpt><trkpt lat="59.186549" lon="11.513698"><ele>0.000000</ele><time>2026-09-14T12:10:31.031Z</time></trkpt><trkpt lat="59.186562" lon="11.513676"><ele>0.000000</ele><time>2026-09-14T12:10:32.032Z</time></trkpt><trkpt lat="59.186576" lon="11.513652"><ele>0.000000</ele><time>2026-09-14T12:10:33.033Z</time></trkpt><trkpt lat="59.186589" lon="11.513627"><ele>0.000000</ele><time>2026-09-14T12:10:34.034Z</time></trkpt><trkpt lat="59.186602" lon="11.513601"><ele>0.000000</ele><time>2026-09-14T12:10:35.035Z</time></trkpt><trkpt lat="59.186614" lon="11.513575"><ele>0.000000</ele><time>2026-09-14T12:10:36.036Z</time></trkpt><trkpt lat="59.186627" lon="11.513547"><ele>0.000000</ele><time>2026-09-14T12:10:37.037Z</time></trkpt><trkpt lat="59.186640" lon="11.513521"><ele>0.000000</ele><time>2026-09-14T12:10:38.038Z</time></trkpt><trkpt lat="59.186654" lon="11.513494"><ele>0.000000</ele><time>2026-09-14T12:10:39.039Z</time></trkpt><trkpt lat="59.186667" lon="11.513468"><ele>0.000000</ele><time>2026-09-14T12:10:40.040Z</time></trkpt><trkpt lat="59.186680" lon="11.513441"><ele>0.000000</ele><time>2026-09-14T12:10:41.041Z</time></trkpt><trkpt lat="59.186692" lon="11.513415"><ele>0.000000</ele><time>2026-09-14T12:10:42.042Z</time></trkpt><trkpt lat="59.186706" lon="11.513389"><ele>0.000000</ele><time>2026-09-14T12:10:43.043Z</time></trkpt><trkpt lat="59.186720" lon="11.513363"><ele>0.000000</ele><time>2026-09-14T12:10:44.044Z</time></trkpt><trkpt lat="59.186734" lon="11.513337"><ele>0.000000</ele><time>2026-09-14T12:10:45.045Z</time></trkpt><trkpt lat="59.186749" lon="11.513310"><ele>0.000000</ele><time>2026-09-14T12:10:46.046Z</time></trkpt><trkpt lat="59.186774" lon="11.513261"><ele>0.000000</ele><time>2026-09-14T12:10:48.048Z</time></trkpt><trkpt lat="59.186787" lon="11.513236"><ele>0.000000</ele><time>2026-09-14T12:10:49.049Z</time></trkpt><trkpt lat="59.186801" lon="11.513211"><ele>0.000000</ele><time>2026-09-14T12:10:50.050Z</time></trkpt><trkpt lat="59.186814" lon="11.513187"><ele>0.000000</ele><time>2026-09-14T12:10:51.051Z</time></trkpt><trkpt lat="59.186826" lon="11.513162"><ele>0.000000</ele><time>2026-09-14T12:10:52.052Z</time></trkpt><trkpt lat="59.186840" lon="11.513137"><ele>0.000000</ele><time>2026-09-14T12:10:53.053Z</time></trkpt><trkpt lat="59.186854" lon="11.513113"><ele>0.000000</ele><time>2026-09-14T12:10:54.054Z</time></trkpt><trkpt lat="59.186868" lon="11.513090"><ele>0.000000</ele><time>2026-09-14T12:10:55.055Z</time></trkpt><trkpt lat="59.186882" lon="11.513068"><ele>0.000000</ele><time>2026-09-14T12:10:56.056Z</time></trkpt><trkpt lat="59.186896" lon="11.513045"><ele>0.000000</ele><time>2026-09-14T12:10:57.057Z</time></trkpt><trkpt lat="59.186911" lon="11.513022"><ele>0.000000</ele><time>2026-09-14T12:10:58.058Z</time></trkpt><trkpt lat="59.186925" lon="11.512999"><ele>0.000000</ele><time>2026-09-14T12:10:59.059Z</time></trkpt><trkpt lat="59.186937" lon="11.512975"><ele>0.000000</ele><time>2026-09-14T12:11:00.000Z</time></trkpt><trkpt lat="59.186950" lon="11.512950"><ele>0.000000</ele><time>2026-09-14T12:11:01.001Z</time></trkpt><trkpt lat="59.186962" lon="11.512925"><ele>0.000000</ele><time>2026-09-14T12:11:02.002Z</time></trkpt><trkpt lat="59.186974" lon="11.512899"><ele>0.000000</ele><time>2026-09-14T12:11:03.003Z</time></trkpt><trkpt lat="59.186986" lon="11.512874"><ele>0.000000</ele><time>2026-09-14T12:11:04.004Z</time></trkpt><trkpt lat="59.186998" lon="11.512849"><ele>0.000000</ele><time>2026-09-14T12:11:05.005Z</time></trkpt><trkpt lat="59.187011" lon="11.512824"><ele>0.000000</ele><time>2026-09-14T12:11:06.006Z</time></trkpt><trkpt lat="59.187024" lon="11.512800"><ele>0.000000</ele><time>2026-09-14T12:11:07.007Z</time></trkpt><trkpt lat="59.187037" lon="11.512775"><ele>0.000000</ele><time>2026-09-14T12:11:08.008Z</time></trkpt><trkpt lat="59.187049" lon="11.512751"><ele>0.000000</ele><time>2026-09-14T12:11:09.009Z</time></trkpt><trkpt lat="59.187062" lon="11.512725"><ele>0.000000</ele><time>2026-09-14T12:11:10.010Z</time></trkpt><trkpt lat="59.187075" lon="11.512700"><ele>0.000000</ele><time>2026-09-14T12:11:11.011Z</time></trkpt><trkpt lat="59.187088" lon="11.512677"><ele>0.000000</ele><time>2026-09-14T12:11:12.012Z</time></trkpt><trkpt lat="59.187102" lon="11.512653"><ele>0.000000</ele><time>2026-09-14T12:11:13.013Z</time></trkpt><trkpt lat="59.187115" lon="11.512631"><ele>0.000000</ele><time>2026-09-14T12:11:14.014Z</time></trkpt><trkpt lat="59.187129" lon="11.512608"><ele>0.000000</ele><time>2026-09-14T12:11:15.015Z</time></trkpt><trkpt lat="59.187142" lon="11.512586"><ele>0.000000</ele><time>2026-09-14T12:11:16.016Z</time></trkpt><trkpt lat="59.187156" lon="11.512563"><ele>0.000000</ele><time>2026-09-14T12:11:17.017Z</time></trkpt><trkpt lat="59.187169" lon="11.512539"><ele>0.000000</ele><time>2026-09-14T12:11:18.018Z</time></trkpt><trkpt lat="59.187182" lon="11.512516"><ele>0.000000</ele><time>2026-09-14T12:11:19.019Z</time></trkpt><trkpt lat="59.187196" lon="11.512491"><ele>0.000000</ele><time>2026-09-14T12:11:20.020Z</time></trkpt><trkpt lat="59.187210" lon="11.512466"><ele>0.000000</ele><time>2026-09-14T12:11:21.021Z</time></trkpt><trkpt lat="59.187223" lon="11.512441"><ele>0.000000</ele><time>2026-09-14T12:11:22.022Z</time></trkpt><trkpt lat="59.187237" lon="11.512413"><ele>0.000000</ele><time>2026-09-14T12:11:23.023Z</time></trkpt><trkpt lat="59.187251" lon="11.512387"><ele>0.000000</ele><time>2026-09-14T12:11:24.024Z</time></trkpt><trkpt lat="59.187264" lon="11.512362"><ele>0.000000</ele><time>2026-09-14T12:11:25.025Z</time></trkpt><trkpt lat="59.187278" lon="11.512336"><ele>0.000000</ele><time>2026-09-14T12:11:26.026Z</time></trkpt><trkpt lat="59.187291" lon="11.512311"><ele>0.000000</ele><time>2026-09-14T12:11:27.027Z</time></trkpt><trkpt lat="59.187305" lon="11.512285"><ele>0.000000</ele><time>2026-09-14T12:11:28.028Z</time></trkpt><trkpt lat="59.187318" lon="11.512261"><ele>0.000000</ele><time>2026-09-14T12:11:29.029Z</time></trkpt><trkpt lat="59.187331" lon="11.512236"><ele>0.000000</ele><time>2026-09-14T12:11:30.030Z</time></trkpt><trkpt lat="59.187344" lon="11.512211"><ele>0.000000</ele><time>2026-09-14T12:11:31.031Z</time></trkpt><trkpt lat="59.187357" lon="11.512185"><ele>0.000000</ele><time>2026-09-14T12:11:32.032Z</time></trkpt><trkpt lat="59.187370" lon="11.512159"><ele>0.000000</ele><time>2026-09-14T12:11:33.033Z</time></trkpt><trkpt lat="59.187383" lon="11.512133"><ele>0.000000</ele><time>2026-09-14T12:11:34.034Z</time></trkpt><trkpt lat="59.187396" lon="11.512105"><ele>0.000000</ele><time>2026-09-14T12:11:35.035Z</time></trkpt><trkpt lat="59.187408" lon="11.512079"><ele>0.000000</ele><time>2026-09-14T12:11:36.036Z</time></trkpt><trkpt lat="59.187422" lon="11.512051"><ele>0.000000</ele><time>2026-09-14T12:11:37.037Z</time></trkpt><trkpt lat="59.187435" lon="11.512026"><ele>0.000000</ele><time>2026-09-14T12:11:38.038Z</time></trkpt><trkpt lat="59.187450" lon="11.512001"><ele>0.000000</ele><time>2026-09-14T12:11:39.039Z</time></trkpt><trkpt lat="59.187464" lon="11.511978"><ele>0.000000</ele><time>2026-09-14T12:11:40.040Z</time></trkpt><trkpt lat="59.187479" lon="11.511956"><ele>0.000000</ele><time>2026-09-14T12:11:41.041Z</time></trkpt><trkpt lat="59.187496" lon="11.511934"><ele>0.000000</ele><time>2026-09-14T12:11:42.042Z</time></trkpt><trkpt lat="59.187511" lon="11.511913"><ele>0.000000</ele><time>2026-09-14T12:11:43.043Z</time></trkpt><trkpt lat="59.187527" lon="11.511892"><ele>0.000000</ele><time>2026-09-14T12:11:44.044Z</time></trkpt><trkpt lat="59.187541" lon="11.511871"><ele>0.000000</ele><time>2026-09-14T12:11:45.045Z</time></trkpt><trkpt lat="59.187556" lon="11.511850"><ele>0.000000</ele><time>2026-09-14T12:11:46.046Z</time></trkpt><trkpt lat="59.187570" lon="11.511830"><ele>0.000000</ele><time>2026-09-14T12:11:47.047Z</time></trkpt><trkpt lat="59.187584" lon="11.511807"><ele>0.000000</ele><time>2026-09-14T12:11:48.048Z</time></trkpt><trkpt lat="59.187599" lon="11.511785"><ele>0.000000</ele><time>2026-09-14T12:11:49.049Z</time></trkpt><trkpt lat="59.187613" lon="11.511763"><ele>0.000000</ele><time>2026-09-14T12:11:50.050Z</time></trkpt><trkpt lat="59.187628" lon="11.511740"><ele>0.000000</ele><time>2026-09-14T12:11:51.051Z</time></trkpt><trkpt lat="59.187642" lon="11.511718"><ele>0.000000</ele><time>2026-09-14T12:11:52.052Z</time></trkpt><trkpt lat="59.187657" lon="11.511694"><ele>0.000000</ele><time>2026-09-14T12:11:53.053Z</time></trkpt><trkpt lat="59.187672" lon="11.511671"><ele>0.000000</ele><time>2026-09-14T12:11:54.054Z</time></trkpt><trkpt lat="59.187685" lon="11.511646"><ele>0.000000</ele><time>2026-09-14T12:11:55.055Z</time></trkpt><trkpt lat="59.187698" lon="11.511621"><ele>0.000000</ele><time>2026-09-14T12:11:56.056Z</time></trkpt><trkpt lat="59.187711" lon="11.511597"><ele>0.000000</ele><time>2026-09-14T12:11:57.057Z</time></trkpt><trkpt lat="59.187725" lon="11.511572"><ele>0.000000</ele><time>2026-09-14T12:11:58.058Z</time></trkpt><trkpt lat="59.187738" lon="11.511546"><ele>0.000000</ele><time>2026-09-14T12:11:59.059Z</time></trkpt><trkpt lat="59.187752" lon="11.511519"><ele>0.000000</ele><time>2026-09-14T12:12:00.000Z</time></trkpt><trkpt lat="59.187765" lon="11.511494"><ele>0.000000</ele><time>2026-09-14T12:12:01.001Z</time></trkpt><trkpt lat="59.187779" lon="11.511469"><ele>0.000000</ele><time>2026-09-14T12:12:02.002Z</time></trkpt><trkpt lat="59.187792" lon="11.511445"><ele>0.000000</ele><time>2026-09-14T12:12:03.003Z</time></trkpt><trkpt lat="59.187806" lon="11.511421"><ele>0.000000</ele><time>2026-09-14T12:12:04.004Z</time></trkpt><trkpt lat="59.187820" lon="11.511397"><ele>0.000000</ele><time>2026-09-14T12:12:05.005Z</time></trkpt><trkpt lat="59.187834" lon="11.511374"><ele>0.000000</ele><time>2026-09-14T12:12:06.006Z</time></trkpt><trkpt lat="59.187848" lon="11.511349"><ele>0.000000</ele><time>2026-09-14T12:12:07.007Z</time></trkpt><trkpt lat="59.187861" lon="11.511327"><ele>0.000000</ele><time>2026-09-14T12:12:08.008Z</time></trkpt><trkpt lat="59.187875" lon="11.511303"><ele>0.000000</ele><time>2026-09-14T12:12:09.009Z</time></trkpt><trkpt lat="59.187890" lon="11.511279"><ele>0.000000</ele><time>2026-09-14T12:12:10.010Z</time></trkpt><trkpt lat="59.187905" lon="11.511255"><ele>0.000000</ele><time>2026-09-14T12:12:11.011Z</time></trkpt><trkpt lat="59.187919" lon="11.511232"><ele>0.000000</ele><time>2026-09-14T12:12:12.012Z</time></trkpt><trkpt lat="59.187934" lon="11.511209"><ele>0.000000</ele><time>2026-09-14T12:12:13.013Z</time></trkpt><trkpt lat="59.187949" lon="11.511188"><ele>0.000000</ele><time>2026-09-14T12:12:14.014Z</time></trkpt><trkpt lat="59.187964" lon="11.511167"><ele>0.000000</ele><time>2026-09-14T12:12:15.015Z</time></trkpt><trkpt lat="59.187979" lon="11.511145"><ele>0.000000</ele><time>2026-09-14T12:12:16.016Z</time></trkpt><trkpt lat="59.187993" lon="11.511123"><ele>0.000000</ele><time>2026-09-14T12:12:17.017Z</time></trkpt><trkpt lat="59.188008" lon="11.511100"><ele>0.000000</ele><time>2026-09-14T12:12:18.018Z</time></trkpt><trkpt lat="59.188022" lon="11.511078"><ele>0.000000</ele><time>2026-09-14T12:12:19.019Z</time></trkpt><trkpt lat="59.188037" lon="11.511055"><ele>0.000000</ele><time>2026-09-14T12:12:20.020Z</time></trkpt><trkpt lat="59.188051" lon="11.511032"><ele>0.000000</ele><time>2026-09-14T12:12:21.021Z</time></trkpt><trkpt lat="59.188065" lon="11.511008"><ele>0.000000</ele><time>2026-09-14T12:12:22.022Z</time></trkpt><trkpt lat="59.188078" lon="11.510986"><ele>0.000000</ele><time>2026-09-14T12:12:23.023Z</time></trkpt><trkpt lat="59.188091" lon="11.510962"><ele>0.000000</ele><time>2026-09-14T12:12:24.024Z</time></trkpt><trkpt lat="59.188105" lon="11.510938"><ele>0.000000</ele><time>2026-09-14T12:12:25.025Z</time></trkpt><trkpt lat="59.188117" lon="11.510915"><ele>0.000000</ele><time>2026-09-14T12:12:26.026Z</time></trkpt><trkpt lat="59.188130" lon="11.510890"><ele>0.000000</ele><time>2026-09-14T12:12:27.027Z</time></trkpt><trkpt lat="59.188143" lon="11.510867"><ele>0.000000</ele><time>2026-09-14T12:12:28.028Z</time></trkpt><trkpt lat="59.188156" lon="11.510843"><ele>0.000000</ele><time>2026-09-14T12:12:29.029Z</time></trkpt><trkpt lat="59.188169" lon="11.510822"><ele>0.000000</ele><time>2026-09-14T12:12:30.030Z</time></trkpt><trkpt lat="59.188182" lon="11.510799"><ele>0.000000</ele><time>2026-09-14T12:12:31.031Z</time></trkpt><trkpt lat="59.188196" lon="11.510779"><ele>0.000000</ele><time>2026-09-14T12:12:32.032Z</time></trkpt><trkpt lat="59.188209" lon="11.510758"><ele>0.000000</ele><time>2026-09-14T12:12:33.033Z</time></trkpt><trkpt lat="59.188223" lon="11.510736"><ele>0.000000</ele><time>2026-09-14T12:12:34.034Z</time></trkpt><trkpt lat="59.188235" lon="11.510714"><ele>0.000000</ele><time>2026-09-14T12:12:35.035Z</time></trkpt><trkpt lat="59.188247" lon="11.510693"><ele>0.000000</ele><time>2026-09-14T12:12:36.036Z</time></trkpt><trkpt lat="59.188261" lon="11.510671"><ele>0.000000</ele><time>2026-09-14T12:12:37.037Z</time></trkpt><trkpt lat="59.188274" lon="11.510649"><ele>0.000000</ele><time>2026-09-14T12:12:38.038Z</time></trkpt><trkpt lat="59.188287" lon="11.510627"><ele>0.000000</ele><time>2026-09-14T12:12:39.039Z</time></trkpt><trkpt lat="59.188299" lon="11.510604"><ele>0.000000</ele><time>2026-09-14T12:12:40.040Z</time></trkpt><trkpt lat="59.188311" lon="11.510581"><ele>0.000000</ele><time>2026-09-14T12:12:41.041Z</time></trkpt><trkpt lat="59.188324" lon="11.510557"><ele>0.000000</ele><time>2026-09-14T12:12:42.042Z</time></trkpt><trkpt lat="59.188336" lon="11.510534"><ele>0.000000</ele><time>2026-09-14T12:12:43.043Z</time></trkpt><trkpt lat="59.188349" lon="11.510511"><ele>0.000000</ele><time>2026-09-14T12:12:44.044Z</time></trkpt><trkpt lat="59.188361" lon="11.510487"><ele>0.000000</ele><time>2026-09-14T12:12:45.045Z</time></trkpt><trkpt lat="59.188374" lon="11.510464"><ele>0.000000</ele><time>2026-09-14T12:12:46.046Z</time></trkpt><trkpt lat="59.188387" lon="11.510440"><ele>0.000000</ele><time>2026-09-14T12:12:47.047Z</time></trkpt><trkpt lat="59.188399" lon="11.510417"><ele>0.000000</ele><time>2026-09-14T12:12:48.048Z</time></trkpt><trkpt lat="59.188412" lon="11.510393"><ele>0.000000</ele><time>2026-09-14T12:12:49.049Z</time></trkpt><trkpt lat="59.188425" lon="11.510370"><ele>0.000000</ele><time>2026-09-14T12:12:50.050Z</time></trkpt><trkpt lat="59.188438" lon="11.510346"><ele>0.000000</ele><time>2026-09-14T12:12:51.051Z</time></trkpt><trkpt lat="59.188451" lon="11.510323"><ele>0.000000</ele><time>2026-09-14T12:12:52.052Z</time></trkpt><trkpt lat="59.188464" lon="11.510300"><ele>0.000000</ele><time>2026-09-14T12:12:53.053Z</time></trkpt><trkpt lat="59.188477" lon="11.510277"><ele>0.000000</ele><time>2026-09-14T12:12:54.054Z</time></trkpt><trkpt lat="59.188490" lon="11.510255"><ele>0.000000</ele><time>2026-09-14T12:12:55.055Z</time></trkpt><trkpt lat="59.188504" lon="11.510233"><ele>0.000000</ele><time>2026-09-14T12:12:56.056Z</time></trkpt><trkpt lat="59.188516" lon="11.510211"><ele>0.000000</ele><time>2026-09-14T12:12:57.057Z</time></trkpt><trkpt lat="59.188529" lon="11.510189"><ele>0.000000</ele><time>2026-09-14T12:12:58.058Z</time></trkpt><trkpt lat="59.188542" lon="11.510168"><ele>0.000000</ele><time>2026-09-14T12:12:59.059Z</time></trkpt><trkpt lat="59.188556" lon="11.510145"><ele>0.000000</ele><time>2026-09-14T12:13:00.000Z</time></trkpt><trkpt lat="59.188569" lon="11.510124"><ele>0.000000</ele><time>2026-09-14T12:13:01.001Z</time></trkpt><trkpt lat="59.188582" lon="11.510102"><ele>0.000000</ele><time>2026-09-14T12:13:02.002Z</time></trkpt><trkpt lat="59.188596" lon="11.510081"><ele>0.000000</ele><time>2026-09-14T12:13:03.003Z</time></trkpt><trkpt lat="59.188609" lon="11.510058"><ele>0.000000</ele><time>2026-09-14T12:13:04.004Z</time></trkpt><trkpt lat="59.188621" lon="11.510036"><ele>0.000000</ele><time>2026-09-14T12:13:05.005Z</time></trkpt><trkpt lat="59.188634" lon="11.510013"><ele>0.000000</ele><time>2026-09-14T12:13:06.006Z</time></trkpt><trkpt lat="59.188647" lon="11.509991"><ele>0.000000</ele><time>2026-09-14T12:13:07.007Z</time></trkpt><trkpt lat="59.188660" lon="11.509971"><ele>0.000000</ele><time>2026-09-14T12:13:08.008Z</time></trkpt><trkpt lat="59.188673" lon="11.509950"><ele>0.000000</ele><time>2026-09-14T12:13:09.009Z</time></trkpt><trkpt lat="59.188687" lon="11.509930"><ele>0.000000</ele><time>2026-09-14T12:13:10.010Z</time></trkpt><trkpt lat="59.188701" lon="11.509909"><ele>0.000000</ele><time>2026-09-14T12:13:11.011Z</time></trkpt><trkpt lat="59.188716" lon="11.509887"><ele>0.000000</ele><time>2026-09-14T12:13:12.012Z</time></trkpt><trkpt lat="59.188729" lon="11.509865"><ele>0.000000</ele><time>2026-09-14T12:13:13.013Z</time></trkpt><trkpt lat="59.188744" lon="11.509845"><ele>0.000000</ele><time>2026-09-14T12:13:14.014Z</time></trkpt><trkpt lat="59.188758" lon="11.509822"><ele>0.000000</ele><time>2026-09-14T12:13:15.015Z</time></trkpt><trkpt lat="59.188771" lon="11.509802"><ele>0.000000</ele><time>2026-09-14T12:13:16.016Z</time></trkpt><trkpt lat="59.188786" lon="11.509782"><ele>0.000000</ele><time>2026-09-14T12:13:17.017Z</time></trkpt><trkpt lat="59.188800" lon="11.509762"><ele>0.000000</ele><time>2026-09-14T12:13:18.018Z</time></trkpt><trkpt lat="59.188814" lon="11.509742"><ele>0.000000</ele><time>2026-09-14T12:13:19.019Z</time></trkpt><trkpt lat="59.188827" lon="11.509723"><ele>0.000000</ele><time>2026-09-14T12:13:20.020Z</time></trkpt><trkpt lat="59.188841" lon="11.509704"><ele>0.000000</ele><time>2026-09-14T12:13:21.021Z</time></trkpt><trkpt lat="59.188853" lon="11.509683"><ele>0.000000</ele><time>2026-09-14T12:13:22.022Z</time></trkpt><trkpt lat="59.188866" lon="11.509663"><ele>0.000000</ele><time>2026-09-14T12:13:23.023Z</time></trkpt><trkpt lat="59.188879" lon="11.509644"><ele>0.000000</ele><time>2026-09-14T12:13:24.024Z</time></trkpt><trkpt lat="59.188893" lon="11.509626"><ele>0.000000</ele><time>2026-09-14T12:13:25.025Z</time></trkpt><trkpt lat="59.188908" lon="11.509607"><ele>0.000000</ele><time>2026-09-14T12:13:26.026Z</time></trkpt><trkpt lat="59.188921" lon="11.509589"><ele>0.000000</ele><time>2026-09-14T12:13:27.027Z</time></trkpt><trkpt lat="59.188935" lon="11.509569"><ele>0.000000</ele><time>2026-09-14T12:13:28.028Z</time></trkpt><trkpt lat="59.188949" lon="11.509551"><ele>0.000000</ele><time>2026-09-14T12:13:29.029Z</time></trkpt><trkpt lat="59.188963" lon="11.509533"><ele>0.000000</ele><time>2026-09-14T12:13:30.030Z</time></trkpt><trkpt lat="59.188977" lon="11.509514"><ele>0.000000</ele><time>2026-09-14T12:13:31.031Z</time></trkpt><trkpt lat="59.188991" lon="11.509495"><ele>0.000000</ele><time>2026-09-14T12:13:32.032Z</time></trkpt><trkpt lat="59.189005" lon="11.509476"><ele>0.000000</ele><time>2026-09-14T12:13:33.033Z</time></trkpt><trkpt lat="59.189019" lon="11.509458"><ele>0.000000</ele><time>2026-09-14T12:13:34.034Z</time></trkpt><trkpt lat="59.189033" lon="11.509440"><ele>0.000000</ele><time>2026-09-14T12:13:35.035Z</time></trkpt><trkpt lat="59.189047" lon="11.509422"><ele>0.000000</ele><time>2026-09-14T12:13:36.036Z</time></trkpt><trkpt lat="59.189061" lon="11.509404"><ele>0.000000</ele><time>2026-09-14T12:13:37.037Z</time></trkpt><trkpt lat="59.189074" lon="11.509387"><ele>0.000000</ele><time>2026-09-14T12:13:38.038Z</time></trkpt><trkpt lat="59.189088" lon="11.509369"><ele>0.000000</ele><time>2026-09-14T12:13:39.039Z</time></trkpt><trkpt lat="59.189102" lon="11.509351"><ele>0.000000</ele><time>2026-09-14T12:13:40.040Z</time></trkpt><trkpt lat="59.189116" lon="11.509333"><ele>0.000000</ele><time>2026-09-14T12:13:41.041Z</time></trkpt><trkpt lat="59.189130" lon="11.509315"><ele>0.000000</ele><time>2026-09-14T12:13:42.042Z</time></trkpt><trkpt lat="59.189144" lon="11.509298"><ele>0.000000</ele><time>2026-09-14T12:13:43.043Z</time></trkpt><trkpt lat="59.189159" lon="11.509281"><ele>0.000000</ele><time>2026-09-14T12:13:44.044Z</time></trkpt><trkpt lat="59.189174" lon="11.509263"><ele>0.000000</ele><time>2026-09-14T12:13:45.045Z</time></trkpt><trkpt lat="59.189189" lon="11.509247"><ele>0.000000</ele><time>2026-09-14T12:13:46.046Z</time></trkpt><trkpt lat="59.189203" lon="11.509232"><ele>0.000000</ele><time>2026-09-14T12:13:47.047Z</time></trkpt><trkpt lat="59.189217" lon="11.509217"><ele>0.000000</ele><time>2026-09-14T12:13:48.048Z</time></trkpt><trkpt lat="59.189231" lon="11.509203"><ele>0.000000</ele><time>2026-09-14T12:13:49.049Z</time></trkpt><trkpt lat="59.189244" lon="11.509190"><ele>0.000000</ele><time>2026-09-14T12:13:50.050Z</time></trkpt><trkpt lat="59.189257" lon="11.509181"><ele>0.000000</ele><time>2026-09-14T12:13:51.051Z</time></trkpt><trkpt lat="59.189269" lon="11.509173"><ele>0.000000</ele><time>2026-09-14T12:13:52.052Z</time></trkpt><trkpt lat="59.189281" lon="11.509166"><ele>0.000000</ele><time>2026-09-14T12:13:53.053Z</time></trkpt><trkpt lat="59.189293" lon="11.509159"><ele>0.000000</ele><time>2026-09-14T12:13:54.054Z</time></trkpt><trkpt lat="59.189313" lon="11.509146"><ele>0.000000</ele><time>2026-09-14T12:13:56.056Z</time></trkpt><trkpt lat="59.189322" lon="11.509142"><ele>0.000000</ele><time>2026-09-14T12:13:57.057Z</time></trkpt><trkpt lat="59.189340" lon="11.509132"><ele>0.000000</ele><time>2026-09-14T12:13:59.059Z</time></trkpt><trkpt lat="59.189347" lon="11.509129"><ele>0.000000</ele><time>2026-09-14T12:14:00.000Z</time></trkpt><trkpt lat="59.189355" lon="11.509124"><ele>0.000000</ele><time>2026-09-14T12:14:01.001Z</time></trkpt><trkpt lat="59.189362" lon="11.509116"><ele>0.000000</ele><time>2026-09-14T12:14:02.002Z</time></trkpt><trkpt lat="59.189377" lon="11.509098"><ele>0.000000</ele><time>2026-09-14T12:14:04.004Z</time></trkpt><trkpt lat="59.189391" lon="11.509078"><ele>0.000000</ele><time>2026-09-14T12:14:06.006Z</time></trkpt><trkpt lat="59.189398" lon="11.509065"><ele>0.000000</ele><time>2026-09-14T12:14:07.007Z</time></trkpt><trkpt lat="59.189412" lon="11.509039"><ele>0.000000</ele><time>2026-09-14T12:14:09.009Z</time></trkpt><trkpt lat="59.189427" lon="11.509008"><ele>0.000000</ele><time>2026-09-14T12:14:11.011Z</time></trkpt><trkpt lat="59.189444" lon="11.508976"><ele>0.000000</ele><time>2026-09-14T12:14:13.013Z</time></trkpt><trkpt lat="59.189452" lon="11.508959"><ele>0.000000</ele><time>2026-09-14T12:14:14.014Z</time></trkpt><trkpt lat="59.189461" lon="11.508941"><ele>0.000000</ele><time>2026-09-14T12:14:15.015Z</time></trkpt><trkpt lat="59.189469" lon="11.508923"><ele>0.000000</ele><time>2026-09-14T12:14:16.016Z</time></trkpt><trkpt lat="59.189478" lon="11.508903"><ele>0.000000</ele><time>2026-09-14T12:14:17.017Z</time></trkpt><trkpt lat="59.189487" lon="11.508884"><ele>0.000000</ele><time>2026-09-14T12:14:18.018Z</time></trkpt><trkpt lat="59.189497" lon="11.508864"><ele>0.000000</ele><time>2026-09-14T12:14:19.019Z</time></trkpt><trkpt lat="59.189507" lon="11.508845"><ele>0.000000</ele><time>2026-09-14T12:14:20.020Z</time></trkpt><trkpt lat="59.189518" lon="11.508826"><ele>0.000000</ele><time>2026-09-14T12:14:21.021Z</time></trkpt><trkpt lat="59.189529" lon="11.508807"><ele>0.000000</ele><time>2026-09-14T12:14:22.022Z</time></trkpt><trkpt lat="59.189540" lon="11.508789"><ele>0.000000</ele><time>2026-09-14T12:14:23.023Z</time></trkpt><trkpt lat="59.189553" lon="11.508769"><ele>0.000000</ele><time>2026-09-14T12:14:24.024Z</time></trkpt><trkpt lat="59.189565" lon="11.508750"><ele>0.000000</ele><time>2026-09-14T12:14:25.025Z</time></trkpt><trkpt lat="59.189578" lon="11.508731"><ele>0.000000</ele><time>2026-09-14T12:14:26.026Z</time></trkpt><trkpt lat="59.189590" lon="11.508713"><ele>0.000000</ele><time>2026-09-14T12:14:27.027Z</time></trkpt><trkpt lat="59.189604" lon="11.508694"><ele>0.000000</ele><time>2026-09-14T12:14:28.028Z</time></trkpt><trkpt lat="59.189616" lon="11.508676"><ele>0.000000</ele><time>2026-09-14T12:14:29.029Z</time></trkpt><trkpt lat="59.189631" lon="11.508657"><ele>0.000000</ele><time>2026-09-14T12:14:30.030Z</time></trkpt><trkpt lat="59.189643" lon="11.508638"><ele>0.000000</ele><time>2026-09-14T12:14:31.031Z</time></trkpt><trkpt lat="59.189657" lon="11.508618"><ele>0.000000</ele><time>2026-09-14T12:14:32.032Z</time></trkpt><trkpt lat="59.189670" lon="11.508600"><ele>0.000000</ele><time>2026-09-14T12:14:33.033Z</time></trkpt><trkpt lat="59.189685" lon="11.508580"><ele>0.000000</ele><time>2026-09-14T12:14:34.034Z</time></trkpt><trkpt lat="59.189700" lon="11.508562"><ele>0.000000</ele><time>2026-09-14T12:14:35.035Z</time></trkpt><trkpt lat="59.189714" lon="11.508543"><ele>0.000000</ele><time>2026-09-14T12:14:36.036Z</time></trkpt><trkpt lat="59.189728" lon="11.508524"><ele>0.000000</ele><time>2026-09-14T12:14:37.037Z</time></trkpt><trkpt lat="59.189742" lon="11.508504"><ele>0.000000</ele><time>2026-09-14T12:14:38.038Z</time></trkpt><trkpt lat="59.189756" lon="11.508484"><ele>0.000000</ele><time>2026-09-14T12:14:39.039Z</time></trkpt><trkpt lat="59.189769" lon="11.508462"><ele>0.000000</ele><time>2026-09-14T12:14:40.040Z</time></trkpt><trkpt lat="59.189780" lon="11.508441"><ele>0.000000</ele><time>2026-09-14T12:14:41.041Z</time></trkpt><trkpt lat="59.189792" lon="11.508419"><ele>0.000000</ele><time>2026-09-14T12:14:42.042Z</time></trkpt><trkpt lat="59.189803" lon="11.508399"><ele>0.000000</ele><time>2026-09-14T12:14:43.043Z</time></trkpt><trkpt lat="59.189815" lon="11.508376"><ele>0.000000</ele><time>2026-09-14T12:14:44.044Z</time></trkpt><trkpt lat="59.189826" lon="11.508352"><ele>0.000000</ele><time>2026-09-14T12:14:45.045Z</time></trkpt><trkpt lat="59.189838" lon="11.508329"><ele>0.000000</ele><time>2026-09-14T12:14:46.046Z</time></trkpt><trkpt lat="59.189850" lon="11.508307"><ele>0.000000</ele><time>2026-09-14T12:14:47.047Z</time></trkpt><trkpt lat="59.189862" lon="11.508283"><ele>0.000000</ele><time>2026-09-14T12:14:48.048Z</time></trkpt><trkpt lat="59.189873" lon="11.508260"><ele>0.000000</ele><time>2026-09-14T12:14:49.049Z</time></trkpt><trkpt lat="59.189884" lon="11.508237"><ele>0.000000</ele><time>2026-09-14T12:14:50.050Z</time></trkpt><trkpt lat="59.189896" lon="11.508213"><ele>0.000000</ele><time>2026-09-14T12:14:51.051Z</time></trkpt><trkpt lat="59.189908" lon="11.508190"><ele>0.000000</ele><time>2026-09-14T12:14:52.052Z</time></trkpt><trkpt lat="59.189920" lon="11.508167"><ele>0.000000</ele><time>2026-09-14T12:14:53.053Z</time></trkpt><trkpt lat="59.189933" lon="11.508146"><ele>0.000000</ele><time>2026-09-14T12:14:54.054Z</time></trkpt><trkpt lat="59.189946" lon="11.508123"><ele>0.000000</ele><time>2026-09-14T12:14:55.055Z</time></trkpt><trkpt lat="59.189958" lon="11.508101"><ele>0.000000</ele><time>2026-09-14T12:14:56.056Z</time></trkpt><trkpt lat="59.189970" lon="11.508077"><ele>0.000000</ele><time>2026-09-14T12:14:57.057Z</time></trkpt><trkpt lat="59.189981" lon="11.508054"><ele>0.000000</ele><time>2026-09-14T12:14:58.058Z</time></trkpt><trkpt lat="59.189992" lon="11.508030"><ele>0.000000</ele><time>2026-09-14T12:14:59.059Z</time></trkpt><trkpt lat="59.190002" lon="11.508006"><ele>0.000000</ele><time>2026-09-14T12:15:00.000Z</time></trkpt><trkpt lat="59.190014" lon="11.507981"><ele>0.000000</ele><time>2026-09-14T12:15:01.001Z</time></trkpt><trkpt lat="59.190024" lon="11.507957"><ele>0.000000</ele><time>2026-09-14T12:15:02.002Z</time></trkpt><trkpt lat="59.190036" lon="11.507932"><ele>0.000000</ele><time>2026-09-14T12:15:03.003Z</time></trkpt><trkpt lat="59.190046" lon="11.507907"><ele>0.000000</ele><time>2026-09-14T12:15:04.004Z</time></trkpt><trkpt lat="59.190056" lon="11.507880"><ele>0.000000</ele><time>2026-09-14T12:15:05.005Z</time></trkpt><trkpt lat="59.190065" lon="11.507855"><ele>0.000000</ele><time>2026-09-14T12:15:06.006Z</time></trkpt><trkpt lat="59.190074" lon="11.507827"><ele>0.000000</ele><time>2026-09-14T12:15:07.007Z</time></trkpt><trkpt lat="59.190083" lon="11.507801"><ele>0.000000</ele><time>2026-09-14T12:15:08.008Z</time></trkpt><trkpt lat="59.190092" lon="11.507774"><ele>0.000000</ele><time>2026-09-14T12:15:09.009Z</time></trkpt><trkpt lat="59.190102" lon="11.507748"><ele>0.000000</ele><time>2026-09-14T12:15:10.010Z</time></trkpt><trkpt lat="59.190111" lon="11.507721"><ele>0.000000</ele><time>2026-09-14T12:15:11.011Z</time></trkpt><trkpt lat="59.190121" lon="11.507697"><ele>0.000000</ele><time>2026-09-14T12:15:12.012Z</time></trkpt><trkpt lat="59.190132" lon="11.507671"><ele>0.000000</ele><time>2026-09-14T12:15:13.013Z</time></trkpt><trkpt lat="59.190142" lon="11.507646"><ele>0.000000</ele><time>2026-09-14T12:15:14.014Z</time></trkpt><trkpt lat="59.190152" lon="11.507619"><ele>0.000000</ele><time>2026-09-14T12:15:15.015Z</time></trkpt><trkpt lat="59.190163" lon="11.507593"><ele>0.000000</ele><time>2026-09-14T12:15:16.016Z</time></trkpt><trkpt lat="59.190174" lon="11.507566"><ele>0.000000</ele><time>2026-09-14T12:15:17.017Z</time></trkpt><trkpt lat="59.190186" lon="11.507541"><ele>0.000000</ele><time>2026-09-14T12:15:18.018Z</time></trkpt><trkpt lat="59.190198" lon="11.507516"><ele>0.000000</ele><time>2026-09-14T12:15:19.019Z</time></trkpt><trkpt lat="59.190209" lon="11.507493"><ele>0.000000</ele><time>2026-09-14T12:15:20.020Z</time></trkpt><trkpt lat="59.190221" lon="11.507468"><ele>0.000000</ele><time>2026-09-14T12:15:21.021Z</time></trkpt><trkpt lat="59.190231" lon="11.507444"><ele>0.000000</ele><time>2026-09-14T12:15:22.022Z</time></trkpt><trkpt lat="59.190242" lon="11.507419"><ele>0.000000</ele><time>2026-09-14T12:15:23.023Z</time></trkpt><trkpt lat="59.190254" lon="11.507394"><ele>0.000000</ele><time>2026-09-14T12:15:24.024Z</time></trkpt><trkpt lat="59.190266" lon="11.507370"><ele>0.000000</ele><time>2026-09-14T12:15:25.025Z</time></trkpt><trkpt lat="59.190277" lon="11.507346"><ele>0.000000</ele><time>2026-09-14T12:15:26.026Z</time></trkpt><trkpt lat="59.190289" lon="11.507323"><ele>0.000000</ele><time>2026-09-14T12:15:27.027Z</time></trkpt><trkpt lat="59.190299" lon="11.507300"><ele>0.000000</ele><time>2026-09-14T12:15:28.028Z</time></trkpt><trkpt lat="59.190309" lon="11.507276"><ele>0.000000</ele><time>2026-09-14T12:15:29.029Z</time></trkpt><trkpt lat="59.190320" lon="11.507252"><ele>0.000000</ele><time>2026-09-14T12:15:30.030Z</time></trkpt><trkpt lat="59.190330" lon="11.507226"><ele>0.000000</ele><time>2026-09-14T12:15:31.031Z</time></trkpt><trkpt lat="59.190339" lon="11.507201"><ele>0.000000</ele><time>2026-09-14T12:15:32.032Z</time></trkpt><trkpt lat="59.190349" lon="11.507176"><ele>0.000000</ele><time>2026-09-14T12:15:33.033Z</time></trkpt><trkpt lat="59.190360" lon="11.507151"><ele>0.000000</ele><time>2026-09-14T12:15:34.034Z</time></trkpt><trkpt lat="59.190370" lon="11.507127"><ele>0.000000</ele><time>2026-09-14T12:15:35.035Z</time></trkpt><trkpt lat="59.190380" lon="11.507102"><ele>0.000000</ele><time>2026-09-14T12:15:36.036Z</time></trkpt><trkpt lat="59.190391" lon="11.507078"><ele>0.000000</ele><time>2026-09-14T12:15:37.037Z</time></trkpt><trkpt lat="59.190403" lon="11.507053"><ele>0.000000</ele><time>2026-09-14T12:15:38.038Z</time></trkpt><trkpt lat="59.190414" lon="11.507029"><ele>0.000000</ele><time>2026-09-14T12:15:39.039Z</time></trkpt><trkpt lat="59.190426" lon="11.507004"><ele>0.000000</ele><time>2026-09-14T12:15:40.040Z</time></trkpt><trkpt lat="59.190437" lon="11.506980"><ele>0.000000</ele><time>2026-09-14T12:15:41.041Z</time></trkpt><trkpt lat="59.190449" lon="11.506957"><ele>0.000000</ele><time>2026-09-14T12:15:42.042Z</time></trkpt><trkpt lat="59.190460" lon="11.506933"><ele>0.000000</ele><time>2026-09-14T12:15:43.043Z</time></trkpt><trkpt lat="59.190473" lon="11.506911"><ele>0.000000</ele><time>2026-09-14T12:15:44.044Z</time></trkpt><trkpt lat="59.190483" lon="11.506890"><ele>0.000000</ele><time>2026-09-14T12:15:45.045Z</time></trkpt><trkpt lat="59.190495" lon="11.506869"><ele>0.000000</ele><time>2026-09-14T12:15:46.046Z</time></trkpt><trkpt lat="59.190507" lon="11.506847"><ele>0.000000</ele><time>2026-09-14T12:15:47.047Z</time></trkpt><trkpt lat="59.190519" lon="11.506825"><ele>0.000000</ele><time>2026-09-14T12:15:48.048Z</time></trkpt><trkpt lat="59.190530" lon="11.506804"><ele>0.000000</ele><time>2026-09-14T12:15:49.049Z</time></trkpt><trkpt lat="59.190541" lon="11.506783"><ele>0.000000</ele><time>2026-09-14T12:15:50.050Z</time></trkpt><trkpt lat="59.190553" lon="11.506761"><ele>0.000000</ele><time>2026-09-14T12:15:51.051Z</time></trkpt><trkpt lat="59.190564" lon="11.506739"><ele>0.000000</ele><time>2026-09-14T12:15:52.052Z</time></trkpt><trkpt lat="59.190576" lon="11.506715"><ele>0.000000</ele><time>2026-09-14T12:15:53.053Z</time></trkpt><trkpt lat="59.190587" lon="11.506694"><ele>0.000000</ele><time>2026-09-14T12:15:54.054Z</time></trkpt><trkpt lat="59.190600" lon="11.506671"><ele>0.000000</ele><time>2026-09-14T12:15:55.055Z</time></trkpt><trkpt lat="59.190610" lon="11.506650"><ele>0.000000</ele><time>2026-09-14T12:15:56.056Z</time></trkpt><trkpt lat="59.190620" lon="11.506628"><ele>0.000000</ele><time>2026-09-14T12:15:57.057Z</time></trkpt><trkpt lat="59.190629" lon="11.506606"><ele>0.000000</ele><time>2026-09-14T12:15:58.058Z</time></trkpt><trkpt lat="59.190639" lon="11.506584"><ele>0.000000</ele><time>2026-09-14T12:15:59.059Z</time></trkpt><trkpt lat="59.190650" lon="11.506564"><ele>0.000000</ele><time>2026-09-14T12:16:00.000Z</time></trkpt><trkpt lat="59.190662" lon="11.506545"><ele>0.000000</ele><time>2026-09-14T12:16:01.001Z</time></trkpt><trkpt lat="59.190673" lon="11.506529"><ele>0.000000</ele><time>2026-09-14T12:16:02.002Z</time></trkpt><trkpt lat="59.190687" lon="11.506511"><ele>0.000000</ele><time>2026-09-14T12:16:03.003Z</time></trkpt><trkpt lat="59.190700" lon="11.506495"><ele>0.000000</ele><time>2026-09-14T12:16:04.004Z</time></trkpt><trkpt lat="59.190712" lon="11.506478"><ele>0.000000</ele><time>2026-09-14T12:16:05.005Z</time></trkpt><trkpt lat="59.190725" lon="11.506462"><ele>0.000000</ele><time>2026-09-14T12:16:06.006Z</time></trkpt><trkpt lat="59.190739" lon="11.506447"><ele>0.000000</ele><time>2026-09-14T12:16:07.007Z</time></trkpt><trkpt lat="59.190752" lon="11.506431"><ele>0.000000</ele><time>2026-09-14T12:16:08.008Z</time></trkpt><trkpt lat="59.190766" lon="11.506415"><ele>0.000000</ele><time>2026-09-14T12:16:09.009Z</time></trkpt><trkpt lat="59.190780" lon="11.506400"><ele>0.000000</ele><time>2026-09-14T12:16:10.010Z</time></trkpt><trkpt lat="59.190793" lon="11.506386"><ele>0.000000</ele><time>2026-09-14T12:16:11.011Z</time></trkpt><trkpt lat="59.190806" lon="11.506372"><ele>0.000000</ele><time>2026-09-14T12:16:12.012Z</time></trkpt><trkpt lat="59.190818" lon="11.506359"><ele>0.000000</ele><time>2026-09-14T12:16:13.013Z</time></trkpt><trkpt lat="59.190831" lon="11.506345"><ele>0.000000</ele><time>2026-09-14T12:16:14.014Z</time></trkpt><trkpt lat="59.190856" lon="11.506319"><ele>0.000000</ele><time>2026-09-14T12:16:16.016Z</time></trkpt><trkpt lat="59.190868" lon="11.506312"><ele>0.000000</ele><time>2026-09-14T12:16:17.017Z</time></trkpt><trkpt lat="59.190881" lon="11.506306"><ele>0.000000</ele><time>2026-09-14T12:16:18.018Z</time></trkpt><trkpt lat="59.190906" lon="11.506290"><ele>0.000000</ele><time>2026-09-14T12:16:20.020Z</time></trkpt><trkpt lat="59.190931" lon="11.506277"><ele>0.000000</ele><time>2026-09-14T12:16:22.022Z</time></trkpt><trkpt lat="59.190955" lon="11.506266"><ele>0.000000</ele><time>2026-09-14T12:16:24.024Z</time></trkpt><trkpt lat="59.190967" lon="11.506262"><ele>0.000000</ele><time>2026-09-14T12:16:25.025Z</time></trkpt><trkpt lat="59.190978" lon="11.506259"><ele>0.000000</ele><time>2026-09-14T12:16:26.026Z</time></trkpt><trkpt lat="59.190989" lon="11.506256"><ele>0.000000</ele><time>2026-09-14T12:16:27.027Z</time></trkpt><trkpt lat="59.191001" lon="11.506253"><ele>0.000000</ele><time>2026-09-14T12:16:28.028Z</time></trkpt><trkpt lat="59.191011" lon="11.506251"><ele>0.000000</ele><time>2026-09-14T12:16:29.029Z</time></trkpt><trkpt lat="59.191022" lon="11.506250"><ele>0.000000</ele><time>2026-09-14T12:16:30.030Z</time></trkpt><trkpt lat="59.191032" lon="11.506249"><ele>0.000000</ele><time>2026-09-14T12:16:31.031Z</time></trkpt><trkpt lat="59.191042" lon="11.506249"><ele>0.000000</ele><time>2026-09-14T12:16:32.032Z</time></trkpt><trkpt lat="59.191052" lon="11.506249"><ele>0.000000</ele><time>2026-09-14T12:16:33.033Z</time></trkpt><trkpt lat="59.191063" lon="11.506247"><ele>0.000000</ele><time>2026-09-14T12:16:34.034Z</time></trkpt><trkpt lat="59.191084" lon="11.506245"><ele>0.000000</ele><time>2026-09-14T12:16:36.036Z</time></trkpt><trkpt lat="59.191103" lon="11.506244"><ele>0.000000</ele><time>2026-09-14T12:16:38.038Z</time></trkpt><trkpt lat="59.191120" lon="11.506241"><ele>0.000000</ele><time>2026-09-14T12:16:40.040Z</time></trkpt><trkpt lat="59.191134" lon="11.506235"><ele>0.000000</ele><time>2026-09-14T12:16:42.042Z</time></trkpt><trkpt lat="59.191146" lon="11.506227"><ele>0.000000</ele><time>2026-09-14T12:16:44.044Z</time></trkpt><trkpt lat="59.191156" lon="11.506219"><ele>0.000000</ele><time>2026-09-14T12:16:46.046Z</time></trkpt><trkpt lat="59.191165" lon="11.506212"><ele>0.000000</ele><time>2026-09-14T12:16:48.048Z</time></trkpt><trkpt lat="59.191175" lon="11.506204"><ele>0.000000</ele><time>2026-09-14T12:16:50.050Z</time></trkpt><trkpt lat="59.191185" lon="11.506197"><ele>0.000000</ele><time>2026-09-14T12:16:52.052Z</time></trkpt><trkpt lat="59.191198" lon="11.506188"><ele>0.000000</ele><time>2026-09-14T12:16:55.055Z</time></trkpt><trkpt lat="59.191211" lon="11.506181"><ele>0.000000</ele><time>2026-09-14T12:16:58.058Z</time></trkpt><trkpt lat="59.191224" lon="11.506175"><ele>0.000000</ele><time>2026-09-14T12:17:01.001Z</time></trkpt><trkpt lat="59.191235" lon="11.506171"><ele>0.000000</ele><time>2026-09-14T12:17:04.004Z</time></trkpt><trkpt lat="59.191246" lon="11.506168"><ele>0.000000</ele><time>2026-09-14T12:17:07.007Z</time></trkpt><trkpt lat="59.191259" lon="11.506163"><ele>0.000000</ele><time>2026-09-14T12:17:11.011Z</time></trkpt><trkpt lat="59.191268" lon="11.506157"><ele>0.000000</ele><time>2026-09-14T12:17:14.014Z</time></trkpt><trkpt lat="59.191279" lon="11.506143"><ele>0.000000</ele><time>2026-09-14T12:17:18.018Z</time></trkpt><trkpt lat="59.191286" lon="11.506131"><ele>0.000000</ele><time>2026-09-14T12:17:20.020Z</time></trkpt><trkpt lat="59.191294" lon="11.506118"><ele>0.000000</ele><time>2026-09-14T12:17:22.022Z</time></trkpt><trkpt lat="59.191307" lon="11.506100"><ele>0.000000</ele><time>2026-09-14T12:17:24.024Z</time></trkpt><trkpt lat="59.191322" lon="11.506084"><ele>0.000000</ele><time>2026-09-14T12:17:26.026Z</time></trkpt><trkpt lat="59.191333" lon="11.506075"><ele>0.000000</ele><time>2026-09-14T12:17:27.027Z</time></trkpt><trkpt lat="59.191342" lon="11.506067"><ele>0.000000</ele><time>2026-09-14T12:17:28.028Z</time></trkpt><trkpt lat="59.191353" lon="11.506058"><ele>0.000000</ele><time>2026-09-14T12:17:29.029Z</time></trkpt><trkpt lat="59.191373" lon="11.506040"><ele>0.000000</ele><time>2026-09-14T12:17:31.031Z</time></trkpt><trkpt lat="59.191385" lon="11.506031"><ele>0.000000</ele><time>2026-09-14T12:17:32.032Z</time></trkpt><trkpt lat="59.191397" lon="11.506021"><ele>0.000000</ele><time>2026-09-14T12:17:33.033Z</time></trkpt><trkpt lat="59.191418" lon="11.506002"><ele>0.000000</ele><time>2026-09-14T12:17:35.035Z</time></trkpt><trkpt lat="59.191431" lon="11.505991"><ele>0.000000</ele><time>2026-09-14T12:17:36.036Z</time></trkpt><trkpt lat="59.191443" lon="11.505980"><ele>0.000000</ele><time>2026-09-14T12:17:37.037Z</time></trkpt><trkpt lat="59.191456" lon="11.505968"><ele>0.000000</ele><time>2026-09-14T12:17:38.038Z</time></trkpt><trkpt lat="59.191480" lon="11.505945"><ele>0.000000</ele><time>2026-09-14T12:17:39.039Z</time></trkpt><trkpt lat="59.191503" lon="11.505920"><ele>0.000000</ele><time>2026-09-14T12:17:41.041Z</time></trkpt><trkpt lat="59.191516" lon="11.505906"><ele>0.000000</ele><time>2026-09-14T12:17:42.042Z</time></trkpt><trkpt lat="59.191528" lon="11.505893"><ele>0.000000</ele><time>2026-09-14T12:17:43.043Z</time></trkpt><trkpt lat="59.191539" lon="11.505881"><ele>0.000000</ele><time>2026-09-14T12:17:44.044Z</time></trkpt><trkpt lat="59.191550" lon="11.505869"><ele>0.000000</ele><time>2026-09-14T12:17:45.045Z</time></trkpt><trkpt lat="59.191560" lon="11.505857"><ele>0.000000</ele><time>2026-09-14T12:17:46.046Z</time></trkpt><trkpt lat="59.191570" lon="11.505845"><ele>0.000000</ele><time>2026-09-14T12:17:47.047Z</time></trkpt><trkpt lat="59.191579" lon="11.505834"><ele>0.000000</ele><time>2026-09-14T12:17:48.048Z</time></trkpt><trkpt lat="59.191590" lon="11.505824"><ele>0.000000</ele><time>2026-09-14T12:17:49.049Z</time></trkpt><trkpt lat="59.191608" lon="11.505803"><ele>0.000000</ele><time>2026-09-14T12:17:51.051Z</time></trkpt><trkpt lat="59.191622" lon="11.505780"><ele>0.000000</ele><time>2026-09-14T12:17:53.053Z</time></trkpt><trkpt lat="59.191634" lon="11.505758"><ele>0.000000</ele><time>2026-09-14T12:17:55.055Z</time></trkpt><trkpt lat="59.191642" lon="11.505735"><ele>0.000000</ele><time>2026-09-14T12:17:57.057Z</time></trkpt><trkpt lat="59.191648" lon="11.505713"><ele>0.000000</ele><time>2026-09-14T12:17:59.059Z</time></trkpt><trkpt lat="59.191652" lon="11.505691"><ele>0.000000</ele><time>2026-09-14T12:18:01.001Z</time></trkpt><trkpt lat="59.191652" lon="11.505669"><ele>0.000000</ele><time>2026-09-14T12:18:03.003Z</time></trkpt><trkpt lat="59.191653" lon="11.505648"><ele>0.000000</ele><time>2026-09-14T12:18:05.005Z</time></trkpt><trkpt lat="59.191655" lon="11.505620"><ele>0.000000</ele><time>2026-09-14T12:18:08.008Z</time></trkpt><trkpt lat="59.191655" lon="11.505589"><ele>0.000000</ele><time>2026-09-14T12:18:12.012Z</time></trkpt><trkpt lat="59.191654" lon="11.505574"><ele>0.000000</ele><time>2026-09-14T12:18:14.014Z</time></trkpt><trkpt lat="59.191656" lon="11.505548"><ele>0.000000</ele><time>2026-09-14T12:18:20.020Z</time></trkpt><trkpt lat="59.191660" lon="11.505531"><ele>0.000000</ele><time>2026-09-14T12:18:28.028Z</time></trkpt><trkpt lat="59.191650" lon="11.505538"><ele>0.000000</ele><time>2026-09-14T12:19:07.007Z</time></trkpt><trkpt lat="59.191642" lon="11.505547"><ele>0.000000</ele><time>2026-09-14T12:19:22.022Z</time></trkpt><trkpt lat="59.191636" lon="11.505548"><ele>0.000000</ele><time>2026-09-14T12:19:25.025Z</time></trkpt><trkpt lat="59.191629" lon="11.505554"><ele>0.000000</ele><time>2026-09-14T12:19:27.027Z</time></trkpt><trkpt lat="59.191620" lon="11.505559"><ele>0.000000</ele><time>2026-09-14T12:19:29.029Z</time></trkpt><trkpt lat="59.191615" lon="11.505565"><ele>0.000000</ele><time>2026-09-14T12:19:30.030Z</time></trkpt><trkpt lat="59.191608" lon="11.505574"><ele>0.000000</ele><time>2026-09-14T12:19:31.031Z</time></trkpt><trkpt lat="59.191596" lon="11.505590"><ele>0.000000</ele><time>2026-09-14T12:19:33.033Z</time></trkpt><trkpt lat="59.191587" lon="11.505602"><ele>0.000000</ele><time>2026-09-14T12:19:34.034Z</time></trkpt><trkpt lat="59.191572" lon="11.505624"><ele>0.000000</ele><time>2026-09-14T12:19:36.036Z</time></trkpt><trkpt lat="59.191554" lon="11.505651"><ele>0.000000</ele><time>2026-09-14T12:19:38.038Z</time></trkpt><trkpt lat="59.191543" lon="11.505671"><ele>0.000000</ele><time>2026-09-14T12:19:39.039Z</time></trkpt><trkpt lat="59.191533" lon="11.505688"><ele>0.000000</ele><time>2026-09-14T12:19:40.040Z</time></trkpt><trkpt lat="59.191524" lon="11.505706"><ele>0.000000</ele><time>2026-09-14T12:19:41.041Z</time></trkpt><trkpt lat="59.191514" lon="11.505723"><ele>0.000000</ele><time>2026-09-14T12:19:42.042Z</time></trkpt><trkpt lat="59.191505" lon="11.505738"><ele>0.000000</ele><time>2026-09-14T12:19:43.043Z</time></trkpt><trkpt lat="59.191497" lon="11.505753"><ele>0.000000</ele><time>2026-09-14T12:19:44.044Z</time></trkpt><trkpt lat="59.191488" lon="11.505768"><ele>0.000000</ele><time>2026-09-14T12:19:45.045Z</time></trkpt><trkpt lat="59.191479" lon="11.505783"><ele>0.000000</ele><time>2026-09-14T12:19:46.046Z</time></trkpt><trkpt lat="59.191462" lon="11.505810"><ele>0.000000</ele><time>2026-09-14T12:19:48.048Z</time></trkpt><trkpt lat="59.191453" lon="11.505826"><ele>0.000000</ele><time>2026-09-14T12:19:49.049Z</time></trkpt><trkpt lat="59.191435" lon="11.505854"><ele>0.000000</ele><time>2026-09-14T12:19:51.051Z</time></trkpt><trkpt lat="59.191417" lon="11.505881"><ele>0.000000</ele><time>2026-09-14T12:19:53.053Z</time></trkpt><trkpt lat="59.191407" lon="11.505895"><ele>0.000000</ele><time>2026-09-14T12:19:54.054Z</time></trkpt><trkpt lat="59.191397" lon="11.505909"><ele>0.000000</ele><time>2026-09-14T12:19:55.055Z</time></trkpt><trkpt lat="59.191380" lon="11.505933"><ele>0.000000</ele><time>2026-09-14T12:19:57.057Z</time></trkpt><trkpt lat="59.191370" lon="11.505945"><ele>0.000000</ele><time>2026-09-14T12:19:58.058Z</time></trkpt><trkpt lat="59.191350" lon="11.505969"><ele>0.000000</ele><time>2026-09-14T12:20:00.000Z</time></trkpt><trkpt lat="59.191329" lon="11.505992"><ele>0.000000</ele><time>2026-09-14T12:20:02.002Z</time></trkpt><trkpt lat="59.191318" lon="11.506003"><ele>0.000000</ele><time>2026-09-14T12:20:03.003Z</time></trkpt><trkpt lat="59.191299" lon="11.506026"><ele>0.000000</ele><time>2026-09-14T12:20:05.005Z</time></trkpt><trkpt lat="59.191289" lon="11.506037"><ele>0.000000</ele><time>2026-09-14T12:20:06.006Z</time></trkpt><trkpt lat="59.191279" lon="11.506046"><ele>0.000000</ele><time>2026-09-14T12:20:07.007Z</time></trkpt><trkpt lat="59.191268" lon="11.506055"><ele>0.000000</ele><time>2026-09-14T12:20:08.008Z</time></trkpt><trkpt lat="59.191258" lon="11.506063"><ele>0.000000</ele><time>2026-09-14T12:20:09.009Z</time></trkpt><trkpt lat="59.191248" lon="11.506070"><ele>0.000000</ele><time>2026-09-14T12:20:10.010Z</time></trkpt><trkpt lat="59.191236" lon="11.506077"><ele>0.000000</ele><time>2026-09-14T12:20:11.011Z</time></trkpt><trkpt lat="59.191225" lon="11.506086"><ele>0.000000</ele><time>2026-09-14T12:20:12.012Z</time></trkpt><trkpt lat="59.191213" lon="11.506095"><ele>0.000000</ele><time>2026-09-14T12:20:13.013Z</time></trkpt><trkpt lat="59.191189" lon="11.506108"><ele>0.000000</ele><time>2026-09-14T12:20:15.015Z</time></trkpt><trkpt lat="59.191175" lon="11.506113"><ele>0.000000</ele><time>2026-09-14T12:20:16.016Z</time></trkpt><trkpt lat="59.191161" lon="11.506118"><ele>0.000000</ele><time>2026-09-14T12:20:17.017Z</time></trkpt><trkpt lat="59.191147" lon="11.506121"><ele>0.000000</ele><time>2026-09-14T12:20:18.018Z</time></trkpt><trkpt lat="59.191133" lon="11.506124"><ele>0.000000</ele><time>2026-09-14T12:20:19.019Z</time></trkpt><trkpt lat="59.191118" lon="11.506127"><ele>0.000000</ele><time>2026-09-14T12:20:20.020Z</time></trkpt><trkpt lat="59.191103" lon="11.506130"><ele>0.000000</ele><time>2026-09-14T12:20:21.021Z</time></trkpt><trkpt lat="59.191088" lon="11.506134"><ele>0.000000</ele><time>2026-09-14T12:20:22.022Z</time></trkpt><trkpt lat="59.191074" lon="11.506138"><ele>0.000000</ele><time>2026-09-14T12:20:23.023Z</time></trkpt><trkpt lat="59.191058" lon="11.506144"><ele>0.000000</ele><time>2026-09-14T12:20:24.024Z</time></trkpt><trkpt lat="59.191043" lon="11.506148"><ele>0.000000</ele><time>2026-09-14T12:20:25.025Z</time></trkpt><trkpt lat="59.191027" lon="11.506153"><ele>0.000000</ele><time>2026-09-14T12:20:26.026Z</time></trkpt><trkpt lat="59.191013" lon="11.506159"><ele>0.000000</ele><time>2026-09-14T12:20:27.027Z</time></trkpt><trkpt lat="59.190997" lon="11.506166"><ele>0.000000</ele><time>2026-09-14T12:20:28.028Z</time></trkpt><trkpt lat="59.190968" lon="11.506181"><ele>0.000000</ele><time>2026-09-14T12:20:30.030Z</time></trkpt><trkpt lat="59.190955" lon="11.506192"><ele>0.000000</ele><time>2026-09-14T12:20:31.031Z</time></trkpt><trkpt lat="59.190941" lon="11.506205"><ele>0.000000</ele><time>2026-09-14T12:20:32.032Z</time></trkpt><trkpt lat="59.190928" lon="11.506218"><ele>0.000000</ele><time>2026-09-14T12:20:33.033Z</time></trkpt><trkpt lat="59.190915" lon="11.506232"><ele>0.000000</ele><time>2026-09-14T12:20:34.034Z</time></trkpt><trkpt lat="59.190902" lon="11.506246"><ele>0.000000</ele><time>2026-09-14T12:20:35.035Z</time></trkpt><trkpt lat="59.190889" lon="11.506260"><ele>0.000000</ele><time>2026-09-14T12:20:36.036Z</time></trkpt><trkpt lat="59.190876" lon="11.506275"><ele>0.000000</ele><time>2026-09-14T12:20:37.037Z</time></trkpt><trkpt lat="59.190863" lon="11.506290"><ele>0.000000</ele><time>2026-09-14T12:20:38.038Z</time></trkpt><trkpt lat="59.190851" lon="11.506305"><ele>0.000000</ele><time>2026-09-14T12:20:39.039Z</time></trkpt><trkpt lat="59.190840" lon="11.506321"><ele>0.000000</ele><time>2026-09-14T12:20:40.040Z</time></trkpt><trkpt lat="59.190830" lon="11.506336"><ele>0.000000</ele><time>2026-09-14T12:20:41.041Z</time></trkpt><trkpt lat="59.190820" lon="11.506351"><ele>0.000000</ele><time>2026-09-14T12:20:42.042Z</time></trkpt><trkpt lat="59.190811" lon="11.506366"><ele>0.000000</ele><time>2026-09-14T12:20:43.043Z</time></trkpt><trkpt lat="59.190802" lon="11.506381"><ele>0.000000</ele><time>2026-09-14T12:20:44.044Z</time></trkpt><trkpt lat="59.190792" lon="11.506396"><ele>0.000000</ele><time>2026-09-14T12:20:45.045Z</time></trkpt><trkpt lat="59.190782" lon="11.506411"><ele>0.000000</ele><time>2026-09-14T12:20:46.046Z</time></trkpt><trkpt lat="59.190764" lon="11.506441"><ele>0.000000</ele><time>2026-09-14T12:20:48.048Z</time></trkpt><trkpt lat="59.190754" lon="11.506458"><ele>0.000000</ele><time>2026-09-14T12:20:49.049Z</time></trkpt><trkpt lat="59.190744" lon="11.506473"><ele>0.000000</ele><time>2026-09-14T12:20:50.050Z</time></trkpt><trkpt lat="59.190733" lon="11.506489"><ele>0.000000</ele><time>2026-09-14T12:20:51.051Z</time></trkpt><trkpt lat="59.190711" lon="11.506519"><ele>0.000000</ele><time>2026-09-14T12:20:53.053Z</time></trkpt><trkpt lat="59.190699" lon="11.506534"><ele>0.000000</ele><time>2026-09-14T12:20:54.054Z</time></trkpt><trkpt lat="59.190687" lon="11.506550"><ele>0.000000</ele><time>2026-09-14T12:20:55.055Z</time></trkpt><trkpt lat="59.190675" lon="11.506568"><ele>0.000000</ele><time>2026-09-14T12:20:56.056Z</time></trkpt><trkpt lat="59.190663" lon="11.506587"><ele>0.000000</ele><time>2026-09-14T12:20:57.057Z</time></trkpt><trkpt lat="59.190650" lon="11.506606"><ele>0.000000</ele><time>2026-09-14T12:20:58.058Z</time></trkpt><trkpt lat="59.190627" lon="11.506642"><ele>0.000000</ele><time>2026-09-14T12:21:00.000Z</time></trkpt><trkpt lat="59.190616" lon="11.506662"><ele>0.000000</ele><time>2026-09-14T12:21:01.001Z</time></trkpt><trkpt lat="59.190603" lon="11.506683"><ele>0.000000</ele><time>2026-09-14T12:21:02.002Z</time></trkpt><trkpt lat="59.190592" lon="11.506704"><ele>0.000000</ele><time>2026-09-14T12:21:03.003Z</time></trkpt><trkpt lat="59.190580" lon="11.506726"><ele>0.000000</ele><time>2026-09-14T12:21:04.004Z</time></trkpt><trkpt lat="59.190569" lon="11.506746"><ele>0.000000</ele><time>2026-09-14T12:21:05.005Z</time></trkpt><trkpt lat="59.190556" lon="11.506768"><ele>0.000000</ele><time>2026-09-14T12:21:06.006Z</time></trkpt><trkpt lat="59.190545" lon="11.506789"><ele>0.000000</ele><time>2026-09-14T12:21:07.007Z</time></trkpt><trkpt lat="59.190532" lon="11.506811"><ele>0.000000</ele><time>2026-09-14T12:21:08.008Z</time></trkpt><trkpt lat="59.190520" lon="11.506831"><ele>0.000000</ele><time>2026-09-14T12:21:09.009Z</time></trkpt><trkpt lat="59.190506" lon="11.506852"><ele>0.000000</ele><time>2026-09-14T12:21:10.010Z</time></trkpt><trkpt lat="59.190483" lon="11.506893"><ele>0.000000</ele><time>2026-09-14T12:21:12.012Z</time></trkpt><trkpt lat="59.190471" lon="11.506913"><ele>0.000000</ele><time>2026-09-14T12:21:13.013Z</time></trkpt><trkpt lat="59.190458" lon="11.506933"><ele>0.000000</ele><time>2026-09-14T12:21:14.014Z</time></trkpt><trkpt lat="59.190446" lon="11.506954"><ele>0.000000</ele><time>2026-09-14T12:21:15.015Z</time></trkpt><trkpt lat="59.190435" lon="11.506976"><ele>0.000000</ele><time>2026-09-14T12:21:16.016Z</time></trkpt><trkpt lat="59.190425" lon="11.506998"><ele>0.000000</ele><time>2026-09-14T12:21:17.017Z</time></trkpt><trkpt lat="59.190416" lon="11.507021"><ele>0.000000</ele><time>2026-09-14T12:21:18.018Z</time></trkpt><trkpt lat="59.190406" lon="11.507045"><ele>0.000000</ele><time>2026-09-14T12:21:19.019Z</time></trkpt><trkpt lat="59.190396" lon="11.507068"><ele>0.000000</ele><time>2026-09-14T12:21:20.020Z</time></trkpt><trkpt lat="59.190386" lon="11.507092"><ele>0.000000</ele><time>2026-09-14T12:21:21.021Z</time></trkpt><trkpt lat="59.190376" lon="11.507116"><ele>0.000000</ele><time>2026-09-14T12:21:22.022Z</time></trkpt><trkpt lat="59.190365" lon="11.507139"><ele>0.000000</ele><time>2026-09-14T12:21:23.023Z</time></trkpt><trkpt lat="59.190355" lon="11.507162"><ele>0.000000</ele><time>2026-09-14T12:21:24.024Z</time></trkpt><trkpt lat="59.190345" lon="11.507185"><ele>0.000000</ele><time>2026-09-14T12:21:25.025Z</time></trkpt><trkpt lat="59.190335" lon="11.507209"><ele>0.000000</ele><time>2026-09-14T12:21:26.026Z</time></trkpt><trkpt lat="59.190324" lon="11.507232"><ele>0.000000</ele><time>2026-09-14T12:21:27.027Z</time></trkpt><trkpt lat="59.190314" lon="11.507255"><ele>0.000000</ele><time>2026-09-14T12:21:28.028Z</time></trkpt><trkpt lat="59.190303" lon="11.507276"><ele>0.000000</ele><time>2026-09-14T12:21:29.029Z</time></trkpt><trkpt lat="59.190293" lon="11.507298"><ele>0.000000</ele><time>2026-09-14T12:21:30.030Z</time></trkpt><trkpt lat="59.190281" lon="11.507317"><ele>0.000000</ele><time>2026-09-14T12:21:31.031Z</time></trkpt><trkpt lat="59.190269" lon="11.507336"><ele>0.000000</ele><time>2026-09-14T12:21:32.032Z</time></trkpt><trkpt lat="59.190257" lon="11.507354"><ele>0.000000</ele><time>2026-09-14T12:21:33.033Z</time></trkpt><trkpt lat="59.190245" lon="11.507370"><ele>0.000000</ele><time>2026-09-14T12:21:34.034Z</time></trkpt><trkpt lat="59.190232" lon="11.507388"><ele>0.000000</ele><time>2026-09-14T12:21:35.035Z</time></trkpt><trkpt lat="59.190221" lon="11.507406"><ele>0.000000</ele><time>2026-09-14T12:21:36.036Z</time></trkpt><trkpt lat="59.190209" lon="11.507426"><ele>0.000000</ele><time>2026-09-14T12:21:37.037Z</time></trkpt><trkpt lat="59.190199" lon="11.507445"><ele>0.000000</ele><time>2026-09-14T12:21:38.038Z</time></trkpt><trkpt lat="59.190189" lon="11.507466"><ele>0.000000</ele><time>2026-09-14T12:21:39.039Z</time></trkpt><trkpt lat="59.190179" lon="11.507487"><ele>0.000000</ele><time>2026-09-14T12:21:39.039Z</time></trkpt><trkpt lat="59.190170" lon="11.507508"><ele>0.000000</ele><time>2026-09-14T12:21:40.040Z</time></trkpt><trkpt lat="59.190162" lon="11.507531"><ele>0.000000</ele><time>2026-09-14T12:21:41.041Z</time></trkpt><trkpt lat="59.190153" lon="11.507555"><ele>0.000000</ele><time>2026-09-14T12:21:42.042Z</time></trkpt><trkpt lat="59.190145" lon="11.507580"><ele>0.000000</ele><time>2026-09-14T12:21:43.043Z</time></trkpt><trkpt lat="59.190136" lon="11.507605"><ele>0.000000</ele><time>2026-09-14T12:21:44.044Z</time></trkpt><trkpt lat="59.190127" lon="11.507631"><ele>0.000000</ele><time>2026-09-14T12:21:45.045Z</time></trkpt><trkpt lat="59.190118" lon="11.507657"><ele>0.000000</ele><time>2026-09-14T12:21:46.046Z</time></trkpt><trkpt lat="59.190109" lon="11.507682"><ele>0.000000</ele><time>2026-09-14T12:21:47.047Z</time></trkpt><trkpt lat="59.190099" lon="11.507707"><ele>0.000000</ele><time>2026-09-14T12:21:48.048Z</time></trkpt><trkpt lat="59.190089" lon="11.507734"><ele>0.000000</ele><time>2026-09-14T12:21:49.049Z</time></trkpt><trkpt lat="59.190079" lon="11.507760"><ele>0.000000</ele><time>2026-09-14T12:21:50.050Z</time></trkpt><trkpt lat="59.190068" lon="11.507787"><ele>0.000000</ele><time>2026-09-14T12:21:51.051Z</time></trkpt><trkpt lat="59.190057" lon="11.507810"><ele>0.000000</ele><time>2026-09-14T12:21:52.052Z</time></trkpt><trkpt lat="59.190047" lon="11.507835"><ele>0.000000</ele><time>2026-09-14T12:21:53.053Z</time></trkpt><trkpt lat="59.190037" lon="11.507860"><ele>0.000000</ele><time>2026-09-14T12:21:54.054Z</time></trkpt><trkpt lat="59.190028" lon="11.507887"><ele>0.000000</ele><time>2026-09-14T12:21:55.055Z</time></trkpt><trkpt lat="59.190019" lon="11.507914"><ele>0.000000</ele><time>2026-09-14T12:21:56.056Z</time></trkpt><trkpt lat="59.190010" lon="11.507941"><ele>0.000000</ele><time>2026-09-14T12:21:57.057Z</time></trkpt><trkpt lat="59.190000" lon="11.507967"><ele>0.000000</ele><time>2026-09-14T12:21:58.058Z</time></trkpt><trkpt lat="59.189991" lon="11.507995"><ele>0.000000</ele><time>2026-09-14T12:21:59.059Z</time></trkpt><trkpt lat="59.189981" lon="11.508020"><ele>0.000000</ele><time>2026-09-14T12:22:00.000Z</time></trkpt><trkpt lat="59.189972" lon="11.508046"><ele>0.000000</ele><time>2026-09-14T12:22:01.001Z</time></trkpt><trkpt lat="59.189963" lon="11.508070"><ele>0.000000</ele><time>2026-09-14T12:22:02.002Z</time></trkpt><trkpt lat="59.189953" lon="11.508096"><ele>0.000000</ele><time>2026-09-14T12:22:03.003Z</time></trkpt><trkpt lat="59.189944" lon="11.508120"><ele>0.000000</ele><time>2026-09-14T12:22:04.004Z</time></trkpt><trkpt lat="59.189933" lon="11.508143"><ele>0.000000</ele><time>2026-09-14T12:22:05.005Z</time></trkpt><trkpt lat="59.189922" lon="11.508165"><ele>0.000000</ele><time>2026-09-14T12:22:06.006Z</time></trkpt><trkpt lat="59.189911" lon="11.508187"><ele>0.000000</ele><time>2026-09-14T12:22:07.007Z</time></trkpt><trkpt lat="59.189900" lon="11.508207"><ele>0.000000</ele><time>2026-09-14T12:22:08.008Z</time></trkpt><trkpt lat="59.189888" lon="11.508228"><ele>0.000000</ele><time>2026-09-14T12:22:09.009Z</time></trkpt><trkpt lat="59.189877" lon="11.508247"><ele>0.000000</ele><time>2026-09-14T12:22:10.010Z</time></trkpt><trkpt lat="59.189866" lon="11.508267"><ele>0.000000</ele><time>2026-09-14T12:22:11.011Z</time></trkpt><trkpt lat="59.189854" lon="11.508286"><ele>0.000000</ele><time>2026-09-14T12:22:12.012Z</time></trkpt><trkpt lat="59.189841" lon="11.508304"><ele>0.000000</ele><time>2026-09-14T12:22:13.013Z</time></trkpt><trkpt lat="59.189818" lon="11.508339"><ele>0.000000</ele><time>2026-09-14T12:22:15.015Z</time></trkpt><trkpt lat="59.189805" lon="11.508356"><ele>0.000000</ele><time>2026-09-14T12:22:16.016Z</time></trkpt><trkpt lat="59.189792" lon="11.508373"><ele>0.000000</ele><time>2026-09-14T12:22:17.017Z</time></trkpt><trkpt lat="59.189780" lon="11.508388"><ele>0.000000</ele><time>2026-09-14T12:22:18.018Z</time></trkpt><trkpt lat="59.189767" lon="11.508404"><ele>0.000000</ele><time>2026-09-14T12:22:19.019Z</time></trkpt><trkpt lat="59.189754" lon="11.508422"><ele>0.000000</ele><time>2026-09-14T12:22:20.020Z</time></trkpt><trkpt lat="59.189741" lon="11.508439"><ele>0.000000</ele><time>2026-09-14T12:22:21.021Z</time></trkpt><trkpt lat="59.189730" lon="11.508455"><ele>0.000000</ele><time>2026-09-14T12:22:22.022Z</time></trkpt><trkpt lat="59.189716" lon="11.508472"><ele>0.000000</ele><time>2026-09-14T12:22:23.023Z</time></trkpt><trkpt lat="59.189702" lon="11.508488"><ele>0.000000</ele><time>2026-09-14T12:22:24.024Z</time></trkpt><trkpt lat="59.189688" lon="11.508505"><ele>0.000000</ele><time>2026-09-14T12:22:25.025Z</time></trkpt><trkpt lat="59.189674" lon="11.508523"><ele>0.000000</ele><time>2026-09-14T12:22:26.026Z</time></trkpt><trkpt lat="59.189661" lon="11.508540"><ele>0.000000</ele><time>2026-09-14T12:22:27.027Z</time></trkpt><trkpt lat="59.189647" lon="11.508559"><ele>0.000000</ele><time>2026-09-14T12:22:28.028Z</time></trkpt><trkpt lat="59.189633" lon="11.508577"><ele>0.000000</ele><time>2026-09-14T12:22:29.029Z</time></trkpt><trkpt lat="59.189620" lon="11.508597"><ele>0.000000</ele><time>2026-09-14T12:22:30.030Z</time></trkpt><trkpt lat="59.189607" lon="11.508616"><ele>0.000000</ele><time>2026-09-14T12:22:31.031Z</time></trkpt><trkpt lat="59.189592" lon="11.508634"><ele>0.000000</ele><time>2026-09-14T12:22:32.032Z</time></trkpt><trkpt lat="59.189578" lon="11.508651"><ele>0.000000</ele><time>2026-09-14T12:22:33.033Z</time></trkpt><trkpt lat="59.189564" lon="11.508669"><ele>0.000000</ele><time>2026-09-14T12:22:34.034Z</time></trkpt><trkpt lat="59.189550" lon="11.508685"><ele>0.000000</ele><time>2026-09-14T12:22:35.035Z</time></trkpt><trkpt lat="59.189536" lon="11.508702"><ele>0.000000</ele><time>2026-09-14T12:22:36.036Z</time></trkpt><trkpt lat="59.189522" lon="11.508718"><ele>0.000000</ele><time>2026-09-14T12:22:37.037Z</time></trkpt><trkpt lat="59.189509" lon="11.508734"><ele>0.000000</ele><time>2026-09-14T12:22:38.038Z</time></trkpt><trkpt lat="59.189496" lon="11.508748"><ele>0.000000</ele><time>2026-09-14T12:22:39.039Z</time></trkpt><trkpt lat="59.189483" lon="11.508763"><ele>0.000000</ele><time>2026-09-14T12:22:40.040Z</time></trkpt><trkpt lat="59.189470" lon="11.508779"><ele>0.000000</ele><time>2026-09-14T12:22:41.041Z</time></trkpt><trkpt lat="59.189457" lon="11.508795"><ele>0.000000</ele><time>2026-09-14T12:22:42.042Z</time></trkpt><trkpt lat="59.189445" lon="11.508810"><ele>0.000000</ele><time>2026-09-14T12:22:43.043Z</time></trkpt><trkpt lat="59.189432" lon="11.508826"><ele>0.000000</ele><time>2026-09-14T12:22:44.044Z</time></trkpt><trkpt lat="59.189420" lon="11.508843"><ele>0.000000</ele><time>2026-09-14T12:22:45.045Z</time></trkpt><trkpt lat="59.189407" lon="11.508859"><ele>0.000000</ele><time>2026-09-14T12:22:46.046Z</time></trkpt><trkpt lat="59.189395" lon="11.508875"><ele>0.000000</ele><time>2026-09-14T12:22:47.047Z</time></trkpt><trkpt lat="59.189382" lon="11.508892"><ele>0.000000</ele><time>2026-09-14T12:22:48.048Z</time></trkpt><trkpt lat="59.189368" lon="11.508908"><ele>0.000000</ele><time>2026-09-14T12:22:49.049Z</time></trkpt><trkpt lat="59.189355" lon="11.508923"><ele>0.000000</ele><time>2026-09-14T12:22:50.050Z</time></trkpt><trkpt lat="59.189341" lon="11.508940"><ele>0.000000</ele><time>2026-09-14T12:22:51.051Z</time></trkpt><trkpt lat="59.189326" lon="11.508958"><ele>0.000000</ele><time>2026-09-14T12:22:52.052Z</time></trkpt><trkpt lat="59.189313" lon="11.508975"><ele>0.000000</ele><time>2026-09-14T12:22:53.053Z</time></trkpt><trkpt lat="59.189300" lon="11.508991"><ele>0.000000</ele><time>2026-09-14T12:22:54.054Z</time></trkpt><trkpt lat="59.189287" lon="11.509010"><ele>0.000000</ele><time>2026-09-14T12:22:55.055Z</time></trkpt><trkpt lat="59.189274" lon="11.509029"><ele>0.000000</ele><time>2026-09-14T12:22:56.056Z</time></trkpt><trkpt lat="59.189260" lon="11.509050"><ele>0.000000</ele><time>2026-09-14T12:22:57.057Z</time></trkpt><trkpt lat="59.189247" lon="11.509070"><ele>0.000000</ele><time>2026-09-14T12:22:58.058Z</time></trkpt><trkpt lat="59.189234" lon="11.509090"><ele>0.000000</ele><time>2026-09-14T12:22:59.059Z</time></trkpt><trkpt lat="59.189222" lon="11.509109"><ele>0.000000</ele><time>2026-09-14T12:23:00.000Z</time></trkpt><trkpt lat="59.189208" lon="11.509129"><ele>0.000000</ele><time>2026-09-14T12:23:01.001Z</time></trkpt><trkpt lat="59.189195" lon="11.509152"><ele>0.000000</ele><time>2026-09-14T12:23:02.002Z</time></trkpt><trkpt lat="59.189181" lon="11.509174"><ele>0.000000</ele><time>2026-09-14T12:23:03.003Z</time></trkpt><trkpt lat="59.189169" lon="11.509194"><ele>0.000000</ele><time>2026-09-14T12:23:04.004Z</time></trkpt><trkpt lat="59.189155" lon="11.509213"><ele>0.000000</ele><time>2026-09-14T12:23:05.005Z</time></trkpt><trkpt lat="59.189142" lon="11.509231"><ele>0.000000</ele><time>2026-09-14T12:23:06.006Z</time></trkpt><trkpt lat="59.189128" lon="11.509249"><ele>0.000000</ele><time>2026-09-14T12:23:07.007Z</time></trkpt><trkpt lat="59.189113" lon="11.509266"><ele>0.000000</ele><time>2026-09-14T12:23:08.008Z</time></trkpt><trkpt lat="59.189099" lon="11.509282"><ele>0.000000</ele><time>2026-09-14T12:23:09.009Z</time></trkpt><trkpt lat="59.189085" lon="11.509298"><ele>0.000000</ele><time>2026-09-14T12:23:10.010Z</time></trkpt><trkpt lat="59.189071" lon="11.509314"><ele>0.000000</ele><time>2026-09-14T12:23:11.011Z</time></trkpt><trkpt lat="59.189055" lon="11.509332"><ele>0.000000</ele><time>2026-09-14T12:23:12.012Z</time></trkpt><trkpt lat="59.189040" lon="11.509348"><ele>0.000000</ele><time>2026-09-14T12:23:13.013Z</time></trkpt><trkpt lat="59.189025" lon="11.509366"><ele>0.000000</ele><time>2026-09-14T12:23:14.014Z</time></trkpt><trkpt lat="59.189011" lon="11.509384"><ele>0.000000</ele><time>2026-09-14T12:23:15.015Z</time></trkpt><trkpt lat="59.188997" lon="11.509402"><ele>0.000000</ele><time>2026-09-14T12:23:16.016Z</time></trkpt><trkpt lat="59.188982" lon="11.509420"><ele>0.000000</ele><time>2026-09-14T12:23:17.017Z</time></trkpt><trkpt lat="59.188969" lon="11.509439"><ele>0.000000</ele><time>2026-09-14T12:23:18.018Z</time></trkpt><trkpt lat="59.188957" lon="11.509457"><ele>0.000000</ele><time>2026-09-14T12:23:19.019Z</time></trkpt><trkpt lat="59.188945" lon="11.509475"><ele>0.000000</ele><time>2026-09-14T12:23:20.020Z</time></trkpt><trkpt lat="59.188936" lon="11.509494"><ele>0.000000</ele><time>2026-09-14T12:23:21.021Z</time></trkpt><trkpt lat="59.188927" lon="11.509512"><ele>0.000000</ele><time>2026-09-14T12:23:22.022Z</time></trkpt><trkpt lat="59.188920" lon="11.509530"><ele>0.000000</ele><time>2026-09-14T12:23:23.023Z</time></trkpt><trkpt lat="59.188914" lon="11.509549"><ele>0.000000</ele><time>2026-09-14T12:23:24.024Z</time></trkpt><trkpt lat="59.188910" lon="11.509568"><ele>0.000000</ele><time>2026-09-14T12:23:25.025Z</time></trkpt><trkpt lat="59.188902" lon="11.509603"><ele>0.000000</ele><time>2026-09-14T12:23:27.027Z</time></trkpt><trkpt lat="59.188899" lon="11.509639"><ele>0.000000</ele><time>2026-09-14T12:23:29.029Z</time></trkpt><trkpt lat="59.188900" lon="11.509673"><ele>0.000000</ele><time>2026-09-14T12:23:31.031Z</time></trkpt><trkpt lat="59.188901" lon="11.509701"><ele>0.000000</ele><time>2026-09-14T12:23:33.033Z</time></trkpt><trkpt lat="59.188900" lon="11.509722"><ele>0.000000</ele><time>2026-09-14T12:23:35.035Z</time></trkpt><trkpt lat="59.188897" lon="11.509731"><ele>0.000000</ele><time>2026-09-14T12:24:07.007Z</time></trkpt><trkpt lat="59.188894" lon="11.509731"><ele>0.000000</ele><time>2026-09-14T12:24:08.008Z</time></trkpt><trkpt lat="59.188889" lon="11.509727"><ele>0.000000</ele><time>2026-09-14T12:24:10.010Z</time></trkpt><trkpt lat="59.188880" lon="11.509731"><ele>0.000000</ele><time>2026-09-14T12:24:12.012Z</time></trkpt><trkpt lat="59.188870" lon="11.509741"><ele>0.000000</ele><time>2026-09-14T12:24:13.013Z</time></trkpt><trkpt lat="59.188861" lon="11.509750"><ele>0.000000</ele><time>2026-09-14T12:24:14.014Z</time></trkpt><trkpt lat="59.188843" lon="11.509765"><ele>0.000000</ele><time>2026-09-14T12:24:16.016Z</time></trkpt><trkpt lat="59.188820" lon="11.509785"><ele>0.000000</ele><time>2026-09-14T12:24:18.018Z</time></trkpt><trkpt lat="59.188796" lon="11.509807"><ele>0.000000</ele><time>2026-09-14T12:24:20.020Z</time></trkpt><trkpt lat="59.188782" lon="11.509821"><ele>0.000000</ele><time>2026-09-14T12:24:21.021Z</time></trkpt><trkpt lat="59.188769" lon="11.509834"><ele>0.000000</ele><time>2026-09-14T12:24:22.022Z</time></trkpt><trkpt lat="59.188754" lon="11.509846"><ele>0.000000</ele><time>2026-09-14T12:24:23.023Z</time></trkpt><trkpt lat="59.188741" lon="11.509858"><ele>0.000000</ele><time>2026-09-14T12:24:24.024Z</time></trkpt><trkpt lat="59.188729" lon="11.509871"><ele>0.000000</ele><time>2026-09-14T12:24:25.025Z</time></trkpt><trkpt lat="59.188716" lon="11.509884"><ele>0.000000</ele><time>2026-09-14T12:24:26.026Z</time></trkpt><trkpt lat="59.188704" lon="11.509896"><ele>0.000000</ele><time>2026-09-14T12:24:27.027Z</time></trkpt><trkpt lat="59.188693" lon="11.509909"><ele>0.000000</ele><time>2026-09-14T12:24:28.028Z</time></trkpt><trkpt lat="59.188683" lon="11.509923"><ele>0.000000</ele><time>2026-09-14T12:24:29.029Z</time></trkpt><trkpt lat="59.188673" lon="11.509937"><ele>0.000000</ele><time>2026-09-14T12:24:30.030Z</time></trkpt><trkpt lat="59.188664" lon="11.509951"><ele>0.000000</ele><time>2026-09-14T12:24:31.031Z</time></trkpt><trkpt lat="59.188656" lon="11.509964"><ele>0.000000</ele><time>2026-09-14T12:24:32.032Z</time></trkpt><trkpt lat="59.188648" lon="11.509978"><ele>0.000000</ele><time>2026-09-14T12:24:33.033Z</time></trkpt><trkpt lat="59.188633" lon="11.510005"><ele>0.000000</ele><time>2026-09-14T12:24:35.035Z</time></trkpt><trkpt lat="59.188621" lon="11.510030"><ele>0.000000</ele><time>2026-09-14T12:24:37.037Z</time></trkpt><trkpt lat="59.188610" lon="11.510052"><ele>0.000000</ele><time>2026-09-14T12:24:39.039Z</time></trkpt><trkpt lat="59.188600" lon="11.510071"><ele>0.000000</ele><time>2026-09-14T12:24:41.041Z</time></trkpt><trkpt lat="59.188590" lon="11.510087"><ele>0.000000</ele><time>2026-09-14T12:24:43.043Z</time></trkpt><trkpt lat="59.188580" lon="11.510100"><ele>0.000000</ele><time>2026-09-14T12:24:45.045Z</time></trkpt><trkpt lat="59.188571" lon="11.510113"><ele>0.000000</ele><time>2026-09-14T12:24:47.047Z</time></trkpt><trkpt lat="59.188563" lon="11.510124"><ele>0.000000</ele><time>2026-09-14T12:24:49.049Z</time></trkpt><trkpt lat="59.188554" lon="11.510134"><ele>0.000000</ele><time>2026-09-14T12:24:51.051Z</time></trkpt><trkpt lat="59.188546" lon="11.510145"><ele>0.000000</ele><time>2026-09-14T12:24:53.053Z</time></trkpt><trkpt lat="59.188538" lon="11.510155"><ele>0.000000</ele><time>2026-09-14T12:24:55.055Z</time></trkpt><trkpt lat="59.188531" lon="11.510164"><ele>0.000000</ele><time>2026-09-14T12:24:57.057Z</time></trkpt><trkpt lat="59.188521" lon="11.510177"><ele>0.000000</ele><time>2026-09-14T12:25:00.000Z</time></trkpt><trkpt lat="59.188511" lon="11.510189"><ele>0.000000</ele><time>2026-09-14T12:25:03.003Z</time></trkpt><trkpt lat="59.188502" lon="11.510200"><ele>0.000000</ele><time>2026-09-14T12:25:06.006Z</time></trkpt><trkpt lat="59.188493" lon="11.510211"><ele>0.000000</ele><time>2026-09-14T12:25:09.009Z</time></trkpt><trkpt lat="59.188483" lon="11.510221"><ele>0.000000</ele><time>2026-09-14T12:25:12.012Z</time></trkpt><trkpt lat="59.188472" lon="11.510235"><ele>0.000000</ele><time>2026-09-14T12:25:15.015Z</time></trkpt><trkpt lat="59.188457" lon="11.510254"><ele>0.000000</ele><time>2026-09-14T12:25:22.022Z</time></trkpt><trkpt lat="59.188450" lon="11.510257"><ele>0.000000</ele><time>2026-09-14T12:25:24.024Z</time></trkpt><trkpt lat="59.188440" lon="11.510263"><ele>0.000000</ele><time>2026-09-14T12:25:28.028Z</time></trkpt><trkpt lat="59.188433" lon="11.510270"><ele>0.000000</ele><time>2026-09-14T12:25:30.030Z</time></trkpt><trkpt lat="59.188425" lon="11.510282"><ele>0.000000</ele><time>2026-09-14T12:25:32.032Z</time></trkpt><trkpt lat="59.188418" lon="11.510293"><ele>0.000000</ele><time>2026-09-14T12:25:33.033Z</time></trkpt><trkpt lat="59.188404" lon="11.510313"><ele>0.000000</ele><time>2026-09-14T12:25:35.035Z</time></trkpt><trkpt lat="59.188387" lon="11.510339"><ele>0.000000</ele><time>2026-09-14T12:25:37.037Z</time></trkpt><trkpt lat="59.188375" lon="11.510355"><ele>0.000000</ele><time>2026-09-14T12:25:38.038Z</time></trkpt><trkpt lat="59.188363" lon="11.510370"><ele>0.000000</ele><time>2026-09-14T12:25:39.039Z</time></trkpt><trkpt lat="59.188352" lon="11.510387"><ele>0.000000</ele><time>2026-09-14T12:25:40.040Z</time></trkpt><trkpt lat="59.188341" lon="11.510405"><ele>0.000000</ele><time>2026-09-14T12:25:41.041Z</time></trkpt><trkpt lat="59.188330" lon="11.510421"><ele>0.000000</ele><time>2026-09-14T12:25:42.042Z</time></trkpt><trkpt lat="59.188318" lon="11.510439"><ele>0.000000</ele><time>2026-09-14T12:25:43.043Z</time></trkpt><trkpt lat="59.188305" lon="11.510457"><ele>0.000000</ele><time>2026-09-14T12:25:44.044Z</time></trkpt><trkpt lat="59.188292" lon="11.510475"><ele>0.000000</ele><time>2026-09-14T12:25:45.045Z</time></trkpt><trkpt lat="59.188280" lon="11.510495"><ele>0.000000</ele><time>2026-09-14T12:25:46.046Z</time></trkpt><trkpt lat="59.188266" lon="11.510516"><ele>0.000000</ele><time>2026-09-14T12:25:47.047Z</time></trkpt><trkpt lat="59.188253" lon="11.510537"><ele>0.000000</ele><time>2026-09-14T12:25:48.048Z</time></trkpt><trkpt lat="59.188240" lon="11.510558"><ele>0.000000</ele><time>2026-09-14T12:25:49.049Z</time></trkpt><trkpt lat="59.188227" lon="11.510579"><ele>0.000000</ele><time>2026-09-14T12:25:50.050Z</time></trkpt><trkpt lat="59.188214" lon="11.510601"><ele>0.000000</ele><time>2026-09-14T12:25:51.051Z</time></trkpt><trkpt lat="59.188200" lon="11.510622"><ele>0.000000</ele><time>2026-09-14T12:25:52.052Z</time></trkpt><trkpt lat="59.188187" lon="11.510644"><ele>0.000000</ele><time>2026-09-14T12:25:53.053Z</time></trkpt><trkpt lat="59.188174" lon="11.510665"><ele>0.000000</ele><time>2026-09-14T12:25:54.054Z</time></trkpt><trkpt lat="59.188160" lon="11.510687"><ele>0.000000</ele><time>2026-09-14T12:25:55.055Z</time></trkpt><trkpt lat="59.188147" lon="11.510709"><ele>0.000000</ele><time>2026-09-14T12:25:56.056Z</time></trkpt><trkpt lat="59.188133" lon="11.510733"><ele>0.000000</ele><time>2026-09-14T12:25:57.057Z</time></trkpt><trkpt lat="59.188121" lon="11.510753"><ele>0.000000</ele><time>2026-09-14T12:25:58.058Z</time></trkpt><trkpt lat="59.188107" lon="11.510775"><ele>0.000000</ele><time>2026-09-14T12:25:59.059Z</time></trkpt><trkpt lat="59.188081" lon="11.510818"><ele>0.000000</ele><time>2026-09-14T12:26:01.001Z</time></trkpt><trkpt lat="59.188069" lon="11.510840"><ele>0.000000</ele><time>2026-09-14T12:26:02.002Z</time></trkpt><trkpt lat="59.188056" lon="11.510862"><ele>0.000000</ele><time>2026-09-14T12:26:03.003Z</time></trkpt><trkpt lat="59.188045" lon="11.510883"><ele>0.000000</ele><time>2026-09-14T12:26:04.004Z</time></trkpt><trkpt lat="59.188032" lon="11.510904"><ele>0.000000</ele><time>2026-09-14T12:26:05.005Z</time></trkpt><trkpt lat="59.188020" lon="11.510925"><ele>0.000000</ele><time>2026-09-14T12:26:06.006Z</time></trkpt><trkpt lat="59.188007" lon="11.510946"><ele>0.000000</ele><time>2026-09-14T12:26:07.007Z</time></trkpt><trkpt lat="59.187994" lon="11.510966"><ele>0.000000</ele><time>2026-09-14T12:26:08.008Z</time></trkpt><trkpt lat="59.187981" lon="11.510988"><ele>0.000000</ele><time>2026-09-14T12:26:09.009Z</time></trkpt><trkpt lat="59.187969" lon="11.511008"><ele>0.000000</ele><time>2026-09-14T12:26:10.010Z</time></trkpt><trkpt lat="59.187957" lon="11.511030"><ele>0.000000</ele><time>2026-09-14T12:26:11.011Z</time></trkpt><trkpt lat="59.187944" lon="11.511050"><ele>0.000000</ele><time>2026-09-14T12:26:12.012Z</time></trkpt><trkpt lat="59.187931" lon="11.511071"><ele>0.000000</ele><time>2026-09-14T12:26:13.013Z</time></trkpt><trkpt lat="59.187919" lon="11.511091"><ele>0.000000</ele><time>2026-09-14T12:26:14.014Z</time></trkpt><trkpt lat="59.187905" lon="11.511112"><ele>0.000000</ele><time>2026-09-14T12:26:15.015Z</time></trkpt><trkpt lat="59.187892" lon="11.511133"><ele>0.000000</ele><time>2026-09-14T12:26:16.016Z</time></trkpt><trkpt lat="59.187879" lon="11.511154"><ele>0.000000</ele><time>2026-09-14T12:26:17.017Z</time></trkpt><trkpt lat="59.187867" lon="11.511174"><ele>0.000000</ele><time>2026-09-14T12:26:18.018Z</time></trkpt><trkpt lat="59.187854" lon="11.511195"><ele>0.000000</ele><time>2026-09-14T12:26:19.019Z</time></trkpt><trkpt lat="59.187841" lon="11.511216"><ele>0.000000</ele><time>2026-09-14T12:26:20.020Z</time></trkpt><trkpt lat="59.187829" lon="11.511236"><ele>0.000000</ele><time>2026-09-14T12:26:21.021Z</time></trkpt><trkpt lat="59.187816" lon="11.511256"><ele>0.000000</ele><time>2026-09-14T12:26:22.022Z</time></trkpt><trkpt lat="59.187804" lon="11.511275"><ele>0.000000</ele><time>2026-09-14T12:26:23.023Z</time></trkpt><trkpt lat="59.187791" lon="11.511296"><ele>0.000000</ele><time>2026-09-14T12:26:24.024Z</time></trkpt><trkpt lat="59.187779" lon="11.511318"><ele>0.000000</ele><time>2026-09-14T12:26:25.025Z</time></trkpt><trkpt lat="59.187766" lon="11.511340"><ele>0.000000</ele><time>2026-09-14T12:26:26.026Z</time></trkpt><trkpt lat="59.187753" lon="11.511361"><ele>0.000000</ele><time>2026-09-14T12:26:27.027Z</time></trkpt><trkpt lat="59.187739" lon="11.511381"><ele>0.000000</ele><time>2026-09-14T12:26:28.028Z</time></trkpt><trkpt lat="59.187726" lon="11.511403"><ele>0.000000</ele><time>2026-09-14T12:26:29.029Z</time></trkpt><trkpt lat="59.187713" lon="11.511425"><ele>0.000000</ele><time>2026-09-14T12:26:30.030Z</time></trkpt><trkpt lat="59.187689" lon="11.511468"><ele>0.000000</ele><time>2026-09-14T12:26:32.032Z</time></trkpt><trkpt lat="59.187678" lon="11.511495"><ele>0.000000</ele><time>2026-09-14T12:26:33.033Z</time></trkpt><trkpt lat="59.187667" lon="11.511520"><ele>0.000000</ele><time>2026-09-14T12:26:34.034Z</time></trkpt><trkpt lat="59.187656" lon="11.511542"><ele>0.000000</ele><time>2026-09-14T12:26:35.035Z</time></trkpt><trkpt lat="59.187644" lon="11.511566"><ele>0.000000</ele><time>2026-09-14T12:26:36.036Z</time></trkpt><trkpt lat="59.187633" lon="11.511588"><ele>0.000000</ele><time>2026-09-14T12:26:37.037Z</time></trkpt><trkpt lat="59.187621" lon="11.511610"><ele>0.000000</ele><time>2026-09-14T12:26:38.038Z</time></trkpt><trkpt lat="59.187610" lon="11.511631"><ele>0.000000</ele><time>2026-09-14T12:26:39.039Z</time></trkpt><trkpt lat="59.187596" lon="11.511652"><ele>0.000000</ele><time>2026-09-14T12:26:40.040Z</time></trkpt><trkpt lat="59.187583" lon="11.511671"><ele>0.000000</ele><time>2026-09-14T12:26:41.041Z</time></trkpt><trkpt lat="59.187570" lon="11.511692"><ele>0.000000</ele><time>2026-09-14T12:26:42.042Z</time></trkpt><trkpt lat="59.187558" lon="11.511713"><ele>0.000000</ele><time>2026-09-14T12:26:43.043Z</time></trkpt><trkpt lat="59.187545" lon="11.511734"><ele>0.000000</ele><time>2026-09-14T12:26:44.044Z</time></trkpt><trkpt lat="59.187533" lon="11.511756"><ele>0.000000</ele><time>2026-09-14T12:26:45.045Z</time></trkpt><trkpt lat="59.187520" lon="11.511777"><ele>0.000000</ele><time>2026-09-14T12:26:46.046Z</time></trkpt><trkpt lat="59.187506" lon="11.511799"><ele>0.000000</ele><time>2026-09-14T12:26:47.047Z</time></trkpt><trkpt lat="59.187494" lon="11.511820"><ele>0.000000</ele><time>2026-09-14T12:26:48.048Z</time></trkpt><trkpt lat="59.187483" lon="11.511841"><ele>0.000000</ele><time>2026-09-14T12:26:49.049Z</time></trkpt><trkpt lat="59.187473" lon="11.511863"><ele>0.000000</ele><time>2026-09-14T12:26:50.050Z</time></trkpt><trkpt lat="59.187463" lon="11.511883"><ele>0.000000</ele><time>2026-09-14T12:26:51.051Z</time></trkpt><trkpt lat="59.187454" lon="11.511906"><ele>0.000000</ele><time>2026-09-14T12:26:52.052Z</time></trkpt><trkpt lat="59.187444" lon="11.511928"><ele>0.000000</ele><time>2026-09-14T12:26:53.053Z</time></trkpt><trkpt lat="59.187432" lon="11.511949"><ele>0.000000</ele><time>2026-09-14T12:26:54.054Z</time></trkpt><trkpt lat="59.187422" lon="11.511970"><ele>0.000000</ele><time>2026-09-14T12:26:55.055Z</time></trkpt><trkpt lat="59.187410" lon="11.511991"><ele>0.000000</ele><time>2026-09-14T12:26:56.056Z</time></trkpt><trkpt lat="59.187399" lon="11.512012"><ele>0.000000</ele><time>2026-09-14T12:26:57.057Z</time></trkpt><trkpt lat="59.187388" lon="11.512034"><ele>0.000000</ele><time>2026-09-14T12:26:58.058Z</time></trkpt><trkpt lat="59.187377" lon="11.512056"><ele>0.000000</ele><time>2026-09-14T12:26:59.059Z</time></trkpt><trkpt lat="59.187366" lon="11.512079"><ele>0.000000</ele><time>2026-09-14T12:27:00.000Z</time></trkpt><trkpt lat="59.187356" lon="11.512101"><ele>0.000000</ele><time>2026-09-14T12:27:01.001Z</time></trkpt><trkpt lat="59.187345" lon="11.512123"><ele>0.000000</ele><time>2026-09-14T12:27:02.002Z</time></trkpt><trkpt lat="59.187333" lon="11.512145"><ele>0.000000</ele><time>2026-09-14T12:27:03.003Z</time></trkpt><trkpt lat="59.187322" lon="11.512168"><ele>0.000000</ele><time>2026-09-14T12:27:04.004Z</time></trkpt><trkpt lat="59.187309" lon="11.512191"><ele>0.000000</ele><time>2026-09-14T12:27:05.005Z</time></trkpt><trkpt lat="59.187297" lon="11.512209"><ele>0.000000</ele><time>2026-09-14T12:27:06.006Z</time></trkpt><trkpt lat="59.187285" lon="11.512229"><ele>0.000000</ele><time>2026-09-14T12:27:07.007Z</time></trkpt><trkpt lat="59.187274" lon="11.512249"><ele>0.000000</ele><time>2026-09-14T12:27:08.008Z</time></trkpt><trkpt lat="59.187262" lon="11.512270"><ele>0.000000</ele><time>2026-09-14T12:27:09.009Z</time></trkpt><trkpt lat="59.187251" lon="11.512290"><ele>0.000000</ele><time>2026-09-14T12:27:10.010Z</time></trkpt><trkpt lat="59.187240" lon="11.512310"><ele>0.000000</ele><time>2026-09-14T12:27:11.011Z</time></trkpt><trkpt lat="59.187229" lon="11.512330"><ele>0.000000</ele><time>2026-09-14T12:27:12.012Z</time></trkpt><trkpt lat="59.187219" lon="11.512351"><ele>0.000000</ele><time>2026-09-14T12:27:13.013Z</time></trkpt><trkpt lat="59.187208" lon="11.512372"><ele>0.000000</ele><time>2026-09-14T12:27:14.014Z</time></trkpt><trkpt lat="59.187197" lon="11.512392"><ele>0.000000</ele><time>2026-09-14T12:27:15.015Z</time></trkpt><trkpt lat="59.187186" lon="11.512412"><ele>0.000000</ele><time>2026-09-14T12:27:16.016Z</time></trkpt><trkpt lat="59.187176" lon="11.512432"><ele>0.000000</ele><time>2026-09-14T12:27:17.017Z</time></trkpt><trkpt lat="59.187165" lon="11.512450"><ele>0.000000</ele><time>2026-09-14T12:27:18.018Z</time></trkpt><trkpt lat="59.187156" lon="11.512469"><ele>0.000000</ele><time>2026-09-14T12:27:19.019Z</time></trkpt><trkpt lat="59.187147" lon="11.512486"><ele>0.000000</ele><time>2026-09-14T12:27:20.020Z</time></trkpt><trkpt lat="59.187137" lon="11.512504"><ele>0.000000</ele><time>2026-09-14T12:27:21.021Z</time></trkpt><trkpt lat="59.187118" lon="11.512538"><ele>0.000000</ele><time>2026-09-14T12:27:23.023Z</time></trkpt><trkpt lat="59.187110" lon="11.512555"><ele>0.000000</ele><time>2026-09-14T12:27:24.024Z</time></trkpt><trkpt lat="59.187100" lon="11.512574"><ele>0.000000</ele><time>2026-09-14T12:27:25.025Z</time></trkpt><trkpt lat="59.187090" lon="11.512592"><ele>0.000000</ele><time>2026-09-14T12:27:26.026Z</time></trkpt><trkpt lat="59.187080" lon="11.512610"><ele>0.000000</ele><time>2026-09-14T12:27:27.027Z</time></trkpt><trkpt lat="59.187071" lon="11.512629"><ele>0.000000</ele><time>2026-09-14T12:27:28.028Z</time></trkpt><trkpt lat="59.187060" lon="11.512649"><ele>0.000000</ele><time>2026-09-14T12:27:29.029Z</time></trkpt><trkpt lat="59.187049" lon="11.512668"><ele>0.000000</ele><time>2026-09-14T12:27:30.030Z</time></trkpt><trkpt lat="59.187037" lon="11.512687"><ele>0.000000</ele><time>2026-09-14T12:27:31.031Z</time></trkpt><trkpt lat="59.187024" lon="11.512703"><ele>0.000000</ele><time>2026-09-14T12:27:32.032Z</time></trkpt><trkpt lat="59.187010" lon="11.512721"><ele>0.000000</ele><time>2026-09-14T12:27:33.033Z</time></trkpt><trkpt lat="59.186998" lon="11.512740"><ele>0.000000</ele><time>2026-09-14T12:27:34.034Z</time></trkpt><trkpt lat="59.186985" lon="11.512760"><ele>0.000000</ele><time>2026-09-14T12:27:35.035Z</time></trkpt><trkpt lat="59.186974" lon="11.512780"><ele>0.000000</ele><time>2026-09-14T12:27:36.036Z</time></trkpt><trkpt lat="59.186963" lon="11.512801"><ele>0.000000</ele><time>2026-09-14T12:27:36.036Z</time></trkpt><trkpt lat="59.186952" lon="11.512820"><ele>0.000000</ele><time>2026-09-14T12:27:37.037Z</time></trkpt><trkpt lat="59.186940" lon="11.512841"><ele>0.000000</ele><time>2026-09-14T12:27:39.039Z</time></trkpt><trkpt lat="59.186927" lon="11.512865"><ele>0.000000</ele><time>2026-09-14T12:27:40.040Z</time></trkpt><trkpt lat="59.186914" lon="11.512886"><ele>0.000000</ele><time>2026-09-14T12:27:41.041Z</time></trkpt><trkpt lat="59.186902" lon="11.512907"><ele>0.000000</ele><time>2026-09-14T12:27:42.042Z</time></trkpt><trkpt lat="59.186889" lon="11.512929"><ele>0.000000</ele><time>2026-09-14T12:27:43.043Z</time></trkpt><trkpt lat="59.186878" lon="11.512950"><ele>0.000000</ele><time>2026-09-14T12:27:44.044Z</time></trkpt><trkpt lat="59.186865" lon="11.512973"><ele>0.000000</ele><time>2026-09-14T12:27:45.045Z</time></trkpt><trkpt lat="59.186852" lon="11.512993"><ele>0.000000</ele><time>2026-09-14T12:27:46.046Z</time></trkpt><trkpt lat="59.186840" lon="11.513015"><ele>0.000000</ele><time>2026-09-14T12:27:47.047Z</time></trkpt><trkpt lat="59.186828" lon="11.513037"><ele>0.000000</ele><time>2026-09-14T12:27:48.048Z</time></trkpt><trkpt lat="59.186815" lon="11.513061"><ele>0.000000</ele><time>2026-09-14T12:27:49.049Z</time></trkpt><trkpt lat="59.186802" lon="11.513084"><ele>0.000000</ele><time>2026-09-14T12:27:50.050Z</time></trkpt><trkpt lat="59.186789" lon="11.513107"><ele>0.000000</ele><time>2026-09-14T12:27:51.051Z</time></trkpt><trkpt lat="59.186778" lon="11.513130"><ele>0.000000</ele><time>2026-09-14T12:27:52.052Z</time></trkpt><trkpt lat="59.186767" lon="11.513153"><ele>0.000000</ele><time>2026-09-14T12:27:53.053Z</time></trkpt><trkpt lat="59.186757" lon="11.513176"><ele>0.000000</ele><time>2026-09-14T12:27:54.054Z</time></trkpt><trkpt lat="59.186747" lon="11.513199"><ele>0.000000</ele><time>2026-09-14T12:27:55.055Z</time></trkpt><trkpt lat="59.186736" lon="11.513221"><ele>0.000000</ele><time>2026-09-14T12:27:56.056Z</time></trkpt><trkpt lat="59.186725" lon="11.513242"><ele>0.000000</ele><time>2026-09-14T12:27:57.057Z</time></trkpt><trkpt lat="59.186715" lon="11.513261"><ele>0.000000</ele><time>2026-09-14T12:27:58.058Z</time></trkpt><trkpt lat="59.186705" lon="11.513279"><ele>0.000000</ele><time>2026-09-14T12:27:59.059Z</time></trkpt><trkpt lat="59.186695" lon="11.513296"><ele>0.000000</ele><time>2026-09-14T12:28:00.000Z</time></trkpt><trkpt lat="59.186686" lon="11.513312"><ele>0.000000</ele><time>2026-09-14T12:28:01.001Z</time></trkpt><trkpt lat="59.186677" lon="11.513328"><ele>0.000000</ele><time>2026-09-14T12:28:02.002Z</time></trkpt><trkpt lat="59.186668" lon="11.513343"><ele>0.000000</ele><time>2026-09-14T12:28:03.003Z</time></trkpt><trkpt lat="59.186660" lon="11.513357"><ele>0.000000</ele><time>2026-09-14T12:28:04.004Z</time></trkpt><trkpt lat="59.186651" lon="11.513369"><ele>0.000000</ele><time>2026-09-14T12:28:05.005Z</time></trkpt><trkpt lat="59.186634" lon="11.513392"><ele>0.000000</ele><time>2026-09-14T12:28:07.007Z</time></trkpt><trkpt lat="59.186620" lon="11.513413"><ele>0.000000</ele><time>2026-09-14T12:28:09.009Z</time></trkpt><trkpt lat="59.186609" lon="11.513431"><ele>0.000000</ele><time>2026-09-14T12:28:11.011Z</time></trkpt><trkpt lat="59.186605" lon="11.513439"><ele>0.000000</ele><time>2026-09-14T12:28:12.012Z</time></trkpt><trkpt lat="59.186594" lon="11.513457"><ele>0.000000</ele><time>2026-09-14T12:28:14.014Z</time></trkpt><trkpt lat="59.186583" lon="11.513474"><ele>0.000000</ele><time>2026-09-14T12:28:16.016Z</time></trkpt><trkpt lat="59.186575" lon="11.513491"><ele>0.000000</ele><time>2026-09-14T12:28:18.018Z</time></trkpt><trkpt lat="59.186567" lon="11.513508"><ele>0.000000</ele><time>2026-09-14T12:28:20.020Z</time></trkpt><trkpt lat="59.186559" lon="11.513526"><ele>0.000000</ele><time>2026-09-14T12:28:22.022Z</time></trkpt><trkpt lat="59.186551" lon="11.513542"><ele>0.000000</ele><time>2026-09-14T12:28:24.024Z</time></trkpt><trkpt lat="59.186543" lon="11.513557"><ele>0.000000</ele><time>2026-09-14T12:28:26.026Z</time></trkpt><trkpt lat="59.186536" lon="11.513570"><ele>0.000000</ele><time>2026-09-14T12:28:28.028Z</time></trkpt><trkpt lat="59.186528" lon="11.513584"><ele>0.000000</ele><time>2026-09-14T12:28:30.030Z</time></trkpt><trkpt lat="59.186520" lon="11.513596"><ele>0.000000</ele><time>2026-09-14T12:28:32.032Z</time></trkpt><trkpt lat="59.186509" lon="11.513610"><ele>0.000000</ele><time>2026-09-14T12:28:35.035Z</time></trkpt><trkpt lat="59.186504" lon="11.513615"><ele>0.000000</ele><time>2026-09-14T12:28:36.036Z</time></trkpt><trkpt lat="59.186493" lon="11.513631"><ele>0.000000</ele><time>2026-09-14T12:28:38.038Z</time></trkpt><trkpt lat="59.186482" lon="11.513649"><ele>0.000000</ele><time>2026-09-14T12:28:40.040Z</time></trkpt><trkpt lat="59.186475" lon="11.513662"><ele>0.000000</ele><time>2026-09-14T12:28:41.041Z</time></trkpt><trkpt lat="59.186459" lon="11.513686"><ele>0.000000</ele><time>2026-09-14T12:28:43.043Z</time></trkpt><trkpt lat="59.186443" lon="11.513716"><ele>0.000000</ele><time>2026-09-14T12:28:45.045Z</time></trkpt><trkpt lat="59.186433" lon="11.513735"><ele>0.000000</ele><time>2026-09-14T12:28:46.046Z</time></trkpt><trkpt lat="59.186415" lon="11.513770"><ele>0.000000</ele><time>2026-09-14T12:28:48.048Z</time></trkpt><trkpt lat="59.186406" lon="11.513790"><ele>0.000000</ele><time>2026-09-14T12:28:49.049Z</time></trkpt><trkpt lat="59.186396" lon="11.513809"><ele>0.000000</ele><time>2026-09-14T12:28:50.050Z</time></trkpt><trkpt lat="59.186386" lon="11.513827"><ele>0.000000</ele><time>2026-09-14T12:28:51.051Z</time></trkpt><trkpt lat="59.186371" lon="11.513858"><ele>0.000000</ele><time>2026-09-14T12:28:53.053Z</time></trkpt><trkpt lat="59.186363" lon="11.513875"><ele>0.000000</ele><time>2026-09-14T12:28:54.054Z</time></trkpt><trkpt lat="59.186355" lon="11.513892"><ele>0.000000</ele><time>2026-09-14T12:28:55.055Z</time></trkpt><trkpt lat="59.186348" lon="11.513909"><ele>0.000000</ele><time>2026-09-14T12:28:56.056Z</time></trkpt><trkpt lat="59.186341" lon="11.513925"><ele>0.000000</ele><time>2026-09-14T12:28:57.057Z</time></trkpt><trkpt lat="59.186335" lon="11.513941"><ele>0.000000</ele><time>2026-09-14T12:28:58.058Z</time></trkpt><trkpt lat="59.186322" lon="11.513971"><ele>0.000000</ele><time>2026-09-14T12:29:00.000Z</time></trkpt><trkpt lat="59.186310" lon="11.513998"><ele>0.000000</ele><time>2026-09-14T12:29:02.002Z</time></trkpt><trkpt lat="59.186305" lon="11.514011"><ele>0.000000</ele><time>2026-09-14T12:29:03.003Z</time></trkpt><trkpt lat="59.186295" lon="11.514036"><ele>0.000000</ele><time>2026-09-14T12:29:05.005Z</time></trkpt><trkpt lat="59.186286" lon="11.514059"><ele>0.000000</ele><time>2026-09-14T12:29:07.007Z</time></trkpt><trkpt lat="59.186276" lon="11.514084"><ele>0.000000</ele><time>2026-09-14T12:29:09.009Z</time></trkpt><trkpt lat="59.186266" lon="11.514108"><ele>0.000000</ele><time>2026-09-14T12:29:11.011Z</time></trkpt><trkpt lat="59.186259" lon="11.514123"><ele>0.000000</ele><time>2026-09-14T12:29:12.012Z</time></trkpt><trkpt lat="59.186252" lon="11.514140"><ele>0.000000</ele><time>2026-09-14T12:29:13.013Z</time></trkpt><trkpt lat="59.186244" lon="11.514157"><ele>0.000000</ele><time>2026-09-14T12:29:14.014Z</time></trkpt><trkpt lat="59.186229" lon="11.514187"><ele>0.000000</ele><time>2026-09-14T12:29:16.016Z</time></trkpt><trkpt lat="59.186220" lon="11.514204"><ele>0.000000</ele><time>2026-09-14T12:29:17.017Z</time></trkpt><trkpt lat="59.186210" lon="11.514220"><ele>0.000000</ele><time>2026-09-14T12:29:18.018Z</time></trkpt><trkpt lat="59.186201" lon="11.514235"><ele>0.000000</ele><time>2026-09-14T12:29:19.019Z</time></trkpt><trkpt lat="59.186192" lon="11.514249"><ele>0.000000</ele><time>2026-09-14T12:29:20.020Z</time></trkpt><trkpt lat="59.186183" lon="11.514263"><ele>0.000000</ele><time>2026-09-14T12:29:21.021Z</time></trkpt><trkpt lat="59.186173" lon="11.514275"><ele>0.000000</ele><time>2026-09-14T12:29:22.022Z</time></trkpt><trkpt lat="59.186156" lon="11.514299"><ele>0.000000</ele><time>2026-09-14T12:29:24.024Z</time></trkpt><trkpt lat="59.186147" lon="11.514311"><ele>0.000000</ele><time>2026-09-14T12:29:25.025Z</time></trkpt><trkpt lat="59.186132" lon="11.514333"><ele>0.000000</ele><time>2026-09-14T12:29:27.027Z</time></trkpt><trkpt lat="59.186119" lon="11.514351"><ele>0.000000</ele><time>2026-09-14T12:29:29.029Z</time></trkpt><trkpt lat="59.186109" lon="11.514369"><ele>0.000000</ele><time>2026-09-14T12:29:31.031Z</time></trkpt><trkpt lat="59.186099" lon="11.514386"><ele>0.000000</ele><time>2026-09-14T12:29:33.033Z</time></trkpt><trkpt lat="59.186091" lon="11.514401"><ele>0.000000</ele><time>2026-09-14T12:29:35.035Z</time></trkpt><trkpt lat="59.186083" lon="11.514413"><ele>0.000000</ele><time>2026-09-14T12:29:37.037Z</time></trkpt><trkpt lat="59.186076" lon="11.514424"><ele>0.000000</ele><time>2026-09-14T12:29:39.039Z</time></trkpt><trkpt lat="59.186063" lon="11.514441"><ele>0.000000</ele><time>2026-09-14T12:29:43.043Z</time></trkpt><trkpt lat="59.186051" lon="11.514454"><ele>0.000000</ele><time>2026-09-14T12:29:46.046Z</time></trkpt><trkpt lat="59.186042" lon="11.514465"><ele>0.000000</ele><time>2026-09-14T12:29:48.048Z</time></trkpt><trkpt lat="59.186035" lon="11.514475"><ele>0.000000</ele><time>2026-09-14T12:29:49.049Z</time></trkpt><trkpt lat="59.186022" lon="11.514492"><ele>0.000000</ele><time>2026-09-14T12:29:51.051Z</time></trkpt><trkpt lat="59.186005" lon="11.514514"><ele>0.000000</ele><time>2026-09-14T12:29:53.053Z</time></trkpt><trkpt lat="59.185995" lon="11.514528"><ele>0.000000</ele><time>2026-09-14T12:29:54.054Z</time></trkpt><trkpt lat="59.185985" lon="11.514542"><ele>0.000000</ele><time>2026-09-14T12:29:55.055Z</time></trkpt><trkpt lat="59.185974" lon="11.514556"><ele>0.000000</ele><time>2026-09-14T12:29:56.056Z</time></trkpt><trkpt lat="59.185963" lon="11.514570"><ele>0.000000</ele><time>2026-09-14T12:29:57.057Z</time></trkpt><trkpt lat="59.185952" lon="11.514588"><ele>0.000000</ele><time>2026-09-14T12:29:58.058Z</time></trkpt><trkpt lat="59.185941" lon="11.514606"><ele>0.000000</ele><time>2026-09-14T12:29:59.059Z</time></trkpt><trkpt lat="59.185929" lon="11.514623"><ele>0.000000</ele><time>2026-09-14T12:30:00.000Z</time></trkpt><trkpt lat="59.185915" lon="11.514639"><ele>0.000000</ele><time>2026-09-14T12:30:01.001Z</time></trkpt><trkpt lat="59.185902" lon="11.514657"><ele>0.000000</ele><time>2026-09-14T12:30:02.002Z</time></trkpt><trkpt lat="59.185889" lon="11.514671"><ele>0.000000</ele><time>2026-09-14T12:30:03.003Z</time></trkpt><trkpt lat="59.185874" lon="11.514687"><ele>0.000000</ele><time>2026-09-14T12:30:04.004Z</time></trkpt><trkpt lat="59.185859" lon="11.514703"><ele>0.000000</ele><time>2026-09-14T12:30:05.005Z</time></trkpt><trkpt lat="59.185845" lon="11.514720"><ele>0.000000</ele><time>2026-09-14T12:30:06.006Z</time></trkpt><trkpt lat="59.185830" lon="11.514736"><ele>0.000000</ele><time>2026-09-14T12:30:07.007Z</time></trkpt><trkpt lat="59.185816" lon="11.514754"><ele>0.000000</ele><time>2026-09-14T12:30:08.008Z</time></trkpt><trkpt lat="59.185802" lon="11.514772"><ele>0.000000</ele><time>2026-09-14T12:30:09.009Z</time></trkpt><trkpt lat="59.185789" lon="11.514793"><ele>0.000000</ele><time>2026-09-14T12:30:10.010Z</time></trkpt><trkpt lat="59.185776" lon="11.514811"><ele>0.000000</ele><time>2026-09-14T12:30:11.011Z</time></trkpt><trkpt lat="59.185762" lon="11.514829"><ele>0.000000</ele><time>2026-09-14T12:30:12.012Z</time></trkpt><trkpt lat="59.185749" lon="11.514847"><ele>0.000000</ele><time>2026-09-14T12:30:13.013Z</time></trkpt><trkpt lat="59.185736" lon="11.514865"><ele>0.000000</ele><time>2026-09-14T12:30:14.014Z</time></trkpt><trkpt lat="59.185722" lon="11.514881"><ele>0.000000</ele><time>2026-09-14T12:30:15.015Z</time></trkpt><trkpt lat="59.185708" lon="11.514897"><ele>0.000000</ele><time>2026-09-14T12:30:16.016Z</time></trkpt><trkpt lat="59.185695" lon="11.514914"><ele>0.000000</ele><time>2026-09-14T12:30:17.017Z</time></trkpt><trkpt lat="59.185682" lon="11.514931"><ele>0.000000</ele><time>2026-09-14T12:30:18.018Z</time></trkpt><trkpt lat="59.185669" lon="11.514948"><ele>0.000000</ele><time>2026-09-14T12:30:19.019Z</time></trkpt><trkpt lat="59.185656" lon="11.514964"><ele>0.000000</ele><time>2026-09-14T12:30:20.020Z</time></trkpt><trkpt lat="59.185642" lon="11.514981"><ele>0.000000</ele><time>2026-09-14T12:30:21.021Z</time></trkpt><trkpt lat="59.185628" lon="11.514998"><ele>0.000000</ele><time>2026-09-14T12:30:22.022Z</time></trkpt><trkpt lat="59.185614" lon="11.515018"><ele>0.000000</ele><time>2026-09-14T12:30:23.023Z</time></trkpt><trkpt lat="59.185600" lon="11.515039"><ele>0.000000</ele><time>2026-09-14T12:30:24.024Z</time></trkpt><trkpt lat="59.185585" lon="11.515057"><ele>0.000000</ele><time>2026-09-14T12:30:25.025Z</time></trkpt><trkpt lat="59.185572" lon="11.515075"><ele>0.000000</ele><time>2026-09-14T12:30:26.026Z</time></trkpt><trkpt lat="59.185558" lon="11.515092"><ele>0.000000</ele><time>2026-09-14T12:30:27.027Z</time></trkpt><trkpt lat="59.185545" lon="11.515108"><ele>0.000000</ele><time>2026-09-14T12:30:28.028Z</time></trkpt><trkpt lat="59.185530" lon="11.515126"><ele>0.000000</ele><time>2026-09-14T12:30:29.029Z</time></trkpt><trkpt lat="59.185516" lon="11.515141"><ele>0.000000</ele><time>2026-09-14T12:30:30.030Z</time></trkpt><trkpt lat="59.185503" lon="11.515158"><ele>0.000000</ele><time>2026-09-14T12:30:31.031Z</time></trkpt><trkpt lat="59.185490" lon="11.515176"><ele>0.000000</ele><time>2026-09-14T12:30:32.032Z</time></trkpt><trkpt lat="59.185476" lon="11.515194"><ele>0.000000</ele><time>2026-09-14T12:30:33.033Z</time></trkpt><trkpt lat="59.185461" lon="11.515211"><ele>0.000000</ele><time>2026-09-14T12:30:34.034Z</time></trkpt><trkpt lat="59.185447" lon="11.515228"><ele>0.000000</ele><time>2026-09-14T12:30:35.035Z</time></trkpt><trkpt lat="59.185433" lon="11.515243"><ele>0.000000</ele><time>2026-09-14T12:30:36.036Z</time></trkpt><trkpt lat="59.185420" lon="11.515260"><ele>0.000000</ele><time>2026-09-14T12:30:37.037Z</time></trkpt><trkpt lat="59.185405" lon="11.515278"><ele>0.000000</ele><time>2026-09-14T12:30:38.038Z</time></trkpt><trkpt lat="59.185392" lon="11.515299"><ele>0.000000</ele><time>2026-09-14T12:30:39.039Z</time></trkpt><trkpt lat="59.185378" lon="11.515320"><ele>0.000000</ele><time>2026-09-14T12:30:40.040Z</time></trkpt><trkpt lat="59.185364" lon="11.515338"><ele>0.000000</ele><time>2026-09-14T12:30:41.041Z</time></trkpt><trkpt lat="59.185350" lon="11.515359"><ele>0.000000</ele><time>2026-09-14T12:30:42.042Z</time></trkpt><trkpt lat="59.185336" lon="11.515376"><ele>0.000000</ele><time>2026-09-14T12:30:43.043Z</time></trkpt><trkpt lat="59.185322" lon="11.515396"><ele>0.000000</ele><time>2026-09-14T12:30:44.044Z</time></trkpt><trkpt lat="59.185308" lon="11.515416"><ele>0.000000</ele><time>2026-09-14T12:30:45.045Z</time></trkpt><trkpt lat="59.185294" lon="11.515436"><ele>0.000000</ele><time>2026-09-14T12:30:46.046Z</time></trkpt><trkpt lat="59.185279" lon="11.515454"><ele>0.000000</ele><time>2026-09-14T12:30:47.047Z</time></trkpt><trkpt lat="59.185265" lon="11.515473"><ele>0.000000</ele><time>2026-09-14T12:30:48.048Z</time></trkpt><trkpt lat="59.185251" lon="11.515493"><ele>0.000000</ele><time>2026-09-14T12:30:49.049Z</time></trkpt><trkpt lat="59.185238" lon="11.515513"><ele>0.000000</ele><time>2026-09-14T12:30:50.050Z</time></trkpt><trkpt lat="59.185224" lon="11.515533"><ele>0.000000</ele><time>2026-09-14T12:30:51.051Z</time></trkpt><trkpt lat="59.185209" lon="11.515551"><ele>0.000000</ele><time>2026-09-14T12:30:52.052Z</time></trkpt><trkpt lat="59.185195" lon="11.515570"><ele>0.000000</ele><time>2026-09-14T12:30:53.053Z</time></trkpt><trkpt lat="59.185182" lon="11.515589"><ele>0.000000</ele><time>2026-09-14T12:30:54.054Z</time></trkpt><trkpt lat="59.185168" lon="11.515609"><ele>0.000000</ele><time>2026-09-14T12:30:55.055Z</time></trkpt><trkpt lat="59.185154" lon="11.515627"><ele>0.000000</ele><time>2026-09-14T12:30:56.056Z</time></trkpt><trkpt lat="59.185141" lon="11.515646"><ele>0.000000</ele><time>2026-09-14T12:30:57.057Z</time></trkpt><trkpt lat="59.185128" lon="11.515663"><ele>0.000000</ele><time>2026-09-14T12:30:58.058Z</time></trkpt><trkpt lat="59.185115" lon="11.515680"><ele>0.000000</ele><time>2026-09-14T12:30:59.059Z</time></trkpt><trkpt lat="59.185102" lon="11.515697"><ele>0.000000</ele><time>2026-09-14T12:31:00.000Z</time></trkpt><trkpt lat="59.185089" lon="11.515713"><ele>0.000000</ele><time>2026-09-14T12:31:01.001Z</time></trkpt><trkpt lat="59.185076" lon="11.515730"><ele>0.000000</ele><time>2026-09-14T12:31:02.002Z</time></trkpt><trkpt lat="59.185063" lon="11.515748"><ele>0.000000</ele><time>2026-09-14T12:31:03.003Z</time></trkpt><trkpt lat="59.185050" lon="11.515767"><ele>0.000000</ele><time>2026-09-14T12:31:04.004Z</time></trkpt><trkpt lat="59.185038" lon="11.515786"><ele>0.000000</ele><time>2026-09-14T12:31:05.005Z</time></trkpt><trkpt lat="59.185025" lon="11.515807"><ele>0.000000</ele><time>2026-09-14T12:31:06.006Z</time></trkpt><trkpt lat="59.185000" lon="11.515843"><ele>0.000000</ele><time>2026-09-14T12:31:08.008Z</time></trkpt><trkpt lat="59.184988" lon="11.515862"><ele>0.000000</ele><time>2026-09-14T12:31:09.009Z</time></trkpt><trkpt lat="59.184976" lon="11.515882"><ele>0.000000</ele><time>2026-09-14T12:31:10.010Z</time></trkpt><trkpt lat="59.184964" lon="11.515900"><ele>0.000000</ele><time>2026-09-14T12:31:11.011Z</time></trkpt><trkpt lat="59.184951" lon="11.515919"><ele>0.000000</ele><time>2026-09-14T12:31:12.012Z</time></trkpt><trkpt lat="59.184939" lon="11.515936"><ele>0.000000</ele><time>2026-09-14T12:31:13.013Z</time></trkpt><trkpt lat="59.184927" lon="11.515955"><ele>0.000000</ele><time>2026-09-14T12:31:14.014Z</time></trkpt><trkpt lat="59.184914" lon="11.515975"><ele>0.000000</ele><time>2026-09-14T12:31:15.015Z</time></trkpt><trkpt lat="59.184902" lon="11.515996"><ele>0.000000</ele><time>2026-09-14T12:31:16.016Z</time></trkpt><trkpt lat="59.184889" lon="11.516015"><ele>0.000000</ele><time>2026-09-14T12:31:17.017Z</time></trkpt><trkpt lat="59.184877" lon="11.516034"><ele>0.000000</ele><time>2026-09-14T12:31:18.018Z</time></trkpt><trkpt lat="59.184865" lon="11.516052"><ele>0.000000</ele><time>2026-09-14T12:31:19.019Z</time></trkpt><trkpt lat="59.184852" lon="11.516070"><ele>0.000000</ele><time>2026-09-14T12:31:20.020Z</time></trkpt><trkpt lat="59.184838" lon="11.516089"><ele>0.000000</ele><time>2026-09-14T12:31:21.021Z</time></trkpt><trkpt lat="59.184825" lon="11.516106"><ele>0.000000</ele><time>2026-09-14T12:31:22.022Z</time></trkpt><trkpt lat="59.184811" lon="11.516121"><ele>0.000000</ele><time>2026-09-14T12:31:23.023Z</time></trkpt><trkpt lat="59.184797" lon="11.516141"><ele>0.000000</ele><time>2026-09-14T12:31:24.024Z</time></trkpt><trkpt lat="59.184783" lon="11.516159"><ele>0.000000</ele><time>2026-09-14T12:31:25.025Z</time></trkpt><trkpt lat="59.184755" lon="11.516190"><ele>0.000000</ele><time>2026-09-14T12:31:27.027Z</time></trkpt><trkpt lat="59.184740" lon="11.516202"><ele>0.000000</ele><time>2026-09-14T12:31:28.028Z</time></trkpt><trkpt lat="59.184725" lon="11.516219"><ele>0.000000</ele><time>2026-09-14T12:31:29.029Z</time></trkpt><trkpt lat="59.184700" lon="11.516259"><ele>0.000000</ele><time>2026-09-14T12:31:31.031Z</time></trkpt><trkpt lat="59.184688" lon="11.516279"><ele>0.000000</ele><time>2026-09-14T12:31:32.032Z</time></trkpt><trkpt lat="59.184676" lon="11.516298"><ele>0.000000</ele><time>2026-09-14T12:31:33.033Z</time></trkpt><trkpt lat="59.184664" lon="11.516314"><ele>0.000000</ele><time>2026-09-14T12:31:34.034Z</time></trkpt><trkpt lat="59.184651" lon="11.516331"><ele>0.000000</ele><time>2026-09-14T12:31:35.035Z</time></trkpt><trkpt lat="59.184638" lon="11.516347"><ele>0.000000</ele><time>2026-09-14T12:31:36.036Z</time></trkpt><trkpt lat="59.184625" lon="11.516364"><ele>0.000000</ele><time>2026-09-14T12:31:37.037Z</time></trkpt><trkpt lat="59.184613" lon="11.516379"><ele>0.000000</ele><time>2026-09-14T12:31:38.038Z</time></trkpt><trkpt lat="59.184600" lon="11.516396"><ele>0.000000</ele><time>2026-09-14T12:31:39.039Z</time></trkpt><trkpt lat="59.184587" lon="11.516411"><ele>0.000000</ele><time>2026-09-14T12:31:40.040Z</time></trkpt><trkpt lat="59.184574" lon="11.516427"><ele>0.000000</ele><time>2026-09-14T12:31:41.041Z</time></trkpt><trkpt lat="59.184562" lon="11.516445"><ele>0.000000</ele><time>2026-09-14T12:31:42.042Z</time></trkpt><trkpt lat="59.184549" lon="11.516464"><ele>0.000000</ele><time>2026-09-14T12:31:43.043Z</time></trkpt><trkpt lat="59.184535" lon="11.516480"><ele>0.000000</ele><time>2026-09-14T12:31:44.044Z</time></trkpt><trkpt lat="59.184521" lon="11.516496"><ele>0.000000</ele><time>2026-09-14T12:31:45.045Z</time></trkpt><trkpt lat="59.184508" lon="11.516513"><ele>0.000000</ele><time>2026-09-14T12:31:46.046Z</time></trkpt><trkpt lat="59.184494" lon="11.516529"><ele>0.000000</ele><time>2026-09-14T12:31:47.047Z</time></trkpt><trkpt lat="59.184481" lon="11.516545"><ele>0.000000</ele><time>2026-09-14T12:31:48.048Z</time></trkpt><trkpt lat="59.184466" lon="11.516562"><ele>0.000000</ele><time>2026-09-14T12:31:49.049Z</time></trkpt><trkpt lat="59.184453" lon="11.516579"><ele>0.000000</ele><time>2026-09-14T12:31:50.050Z</time></trkpt><trkpt lat="59.184439" lon="11.516596"><ele>0.000000</ele><time>2026-09-14T12:31:51.051Z</time></trkpt><trkpt lat="59.184425" lon="11.516614"><ele>0.000000</ele><time>2026-09-14T12:31:52.052Z</time></trkpt><trkpt lat="59.184411" lon="11.516635"><ele>0.000000</ele><time>2026-09-14T12:31:53.053Z</time></trkpt><trkpt lat="59.184398" lon="11.516654"><ele>0.000000</ele><time>2026-09-14T12:31:54.054Z</time></trkpt><trkpt lat="59.184385" lon="11.516672"><ele>0.000000</ele><time>2026-09-14T12:31:55.055Z</time></trkpt><trkpt lat="59.184373" lon="11.516692"><ele>0.000000</ele><time>2026-09-14T12:31:56.056Z</time></trkpt><trkpt lat="59.184359" lon="11.516712"><ele>0.000000</ele><time>2026-09-14T12:31:57.057Z</time></trkpt><trkpt lat="59.184345" lon="11.516731"><ele>0.000000</ele><time>2026-09-14T12:31:58.058Z</time></trkpt><trkpt lat="59.184333" lon="11.516750"><ele>0.000000</ele><time>2026-09-14T12:31:59.059Z</time></trkpt><trkpt lat="59.184319" lon="11.516769"><ele>0.000000</ele><time>2026-09-14T12:32:00.000Z</time></trkpt><trkpt lat="59.184306" lon="11.516788"><ele>0.000000</ele><time>2026-09-14T12:32:01.001Z</time></trkpt><trkpt lat="59.184293" lon="11.516808"><ele>0.000000</ele><time>2026-09-14T12:32:02.002Z</time></trkpt><trkpt lat="59.184281" lon="11.516826"><ele>0.000000</ele><time>2026-09-14T12:32:03.003Z</time></trkpt><trkpt lat="59.184268" lon="11.516843"><ele>0.000000</ele><time>2026-09-14T12:32:04.004Z</time></trkpt><trkpt lat="59.184256" lon="11.516861"><ele>0.000000</ele><time>2026-09-14T12:32:05.005Z</time></trkpt><trkpt lat="59.184243" lon="11.516879"><ele>0.000000</ele><time>2026-09-14T12:32:06.006Z</time></trkpt><trkpt lat="59.184231" lon="11.516898"><ele>0.000000</ele><time>2026-09-14T12:32:07.007Z</time></trkpt><trkpt lat="59.184220" lon="11.516916"><ele>0.000000</ele><time>2026-09-14T12:32:08.008Z</time></trkpt><trkpt lat="59.184208" lon="11.516933"><ele>0.000000</ele><time>2026-09-14T12:32:09.009Z</time></trkpt><trkpt lat="59.184197" lon="11.516950"><ele>0.000000</ele><time>2026-09-14T12:32:10.010Z</time></trkpt><trkpt lat="59.184184" lon="11.516967"><ele>0.000000</ele><time>2026-09-14T12:32:11.011Z</time></trkpt><trkpt lat="59.184172" lon="11.516984"><ele>0.000000</ele><time>2026-09-14T12:32:12.012Z</time></trkpt><trkpt lat="59.184160" lon="11.517002"><ele>0.000000</ele><time>2026-09-14T12:32:13.013Z</time></trkpt><trkpt lat="59.184148" lon="11.517019"><ele>0.000000</ele><time>2026-09-14T12:32:14.014Z</time></trkpt><trkpt lat="59.184136" lon="11.517036"><ele>0.000000</ele><time>2026-09-14T12:32:15.015Z</time></trkpt><trkpt lat="59.184123" lon="11.517053"><ele>0.000000</ele><time>2026-09-14T12:32:16.016Z</time></trkpt><trkpt lat="59.184111" lon="11.517069"><ele>0.000000</ele><time>2026-09-14T12:32:17.017Z</time></trkpt><trkpt lat="59.184099" lon="11.517084"><ele>0.000000</ele><time>2026-09-14T12:32:18.018Z</time></trkpt><trkpt lat="59.184087" lon="11.517100"><ele>0.000000</ele><time>2026-09-14T12:32:19.019Z</time></trkpt><trkpt lat="59.184073" lon="11.517116"><ele>0.000000</ele><time>2026-09-14T12:32:20.020Z</time></trkpt><trkpt lat="59.184060" lon="11.517131"><ele>0.000000</ele><time>2026-09-14T12:32:21.021Z</time></trkpt><trkpt lat="59.184046" lon="11.517147"><ele>0.000000</ele><time>2026-09-14T12:32:22.022Z</time></trkpt><trkpt lat="59.184031" lon="11.517162"><ele>0.000000</ele><time>2026-09-14T12:32:23.023Z</time></trkpt><trkpt lat="59.184016" lon="11.517177"><ele>0.000000</ele><time>2026-09-14T12:32:24.024Z</time></trkpt><trkpt lat="59.184003" lon="11.517193"><ele>0.000000</ele><time>2026-09-14T12:32:25.025Z</time></trkpt><trkpt lat="59.183988" lon="11.517209"><ele>0.000000</ele><time>2026-09-14T12:32:26.026Z</time></trkpt><trkpt lat="59.183975" lon="11.517225"><ele>0.000000</ele><time>2026-09-14T12:32:27.027Z</time></trkpt><trkpt lat="59.183962" lon="11.517241"><ele>0.000000</ele><time>2026-09-14T12:32:28.028Z</time></trkpt><trkpt lat="59.183950" lon="11.517256"><ele>0.000000</ele><time>2026-09-14T12:32:29.029Z</time></trkpt><trkpt lat="59.183936" lon="11.517273"><ele>0.000000</ele><time>2026-09-14T12:32:30.030Z</time></trkpt><trkpt lat="59.183923" lon="11.517289"><ele>0.000000</ele><time>2026-09-14T12:32:31.031Z</time></trkpt><trkpt lat="59.183909" lon="11.517307"><ele>0.000000</ele><time>2026-09-14T12:32:32.032Z</time></trkpt><trkpt lat="59.183896" lon="11.517325"><ele>0.000000</ele><time>2026-09-14T12:32:33.033Z</time></trkpt><trkpt lat="59.183884" lon="11.517342"><ele>0.000000</ele><time>2026-09-14T12:32:34.034Z</time></trkpt><trkpt lat="59.183871" lon="11.517360"><ele>0.000000</ele><time>2026-09-14T12:32:35.035Z</time></trkpt><trkpt lat="59.183857" lon="11.517378"><ele>0.000000</ele><time>2026-09-14T12:32:36.036Z</time></trkpt><trkpt lat="59.183844" lon="11.517395"><ele>0.000000</ele><time>2026-09-14T12:32:37.037Z</time></trkpt><trkpt lat="59.183831" lon="11.517413"><ele>0.000000</ele><time>2026-09-14T12:32:38.038Z</time></trkpt><trkpt lat="59.183805" lon="11.517447"><ele>0.000000</ele><time>2026-09-14T12:32:40.040Z</time></trkpt><trkpt lat="59.183793" lon="11.517463"><ele>0.000000</ele><time>2026-09-14T12:32:41.041Z</time></trkpt><trkpt lat="59.183780" lon="11.517478"><ele>0.000000</ele><time>2026-09-14T12:32:42.042Z</time></trkpt><trkpt lat="59.183768" lon="11.517491"><ele>0.000000</ele><time>2026-09-14T12:32:43.043Z</time></trkpt><trkpt lat="59.183755" lon="11.517503"><ele>0.000000</ele><time>2026-09-14T12:32:44.044Z</time></trkpt><trkpt lat="59.183742" lon="11.517516"><ele>0.000000</ele><time>2026-09-14T12:32:45.045Z</time></trkpt><trkpt lat="59.183729" lon="11.517530"><ele>0.000000</ele><time>2026-09-14T12:32:46.046Z</time></trkpt><trkpt lat="59.183716" lon="11.517545"><ele>0.000000</ele><time>2026-09-14T12:32:47.047Z</time></trkpt><trkpt lat="59.183703" lon="11.517560"><ele>0.000000</ele><time>2026-09-14T12:32:48.048Z</time></trkpt><trkpt lat="59.183689" lon="11.517575"><ele>0.000000</ele><time>2026-09-14T12:32:49.049Z</time></trkpt><trkpt lat="59.183677" lon="11.517591"><ele>0.000000</ele><time>2026-09-14T12:32:50.050Z</time></trkpt><trkpt lat="59.183664" lon="11.517608"><ele>0.000000</ele><time>2026-09-14T12:32:51.051Z</time></trkpt><trkpt lat="59.183652" lon="11.517624"><ele>0.000000</ele><time>2026-09-14T12:32:52.052Z</time></trkpt><trkpt lat="59.183640" lon="11.517638"><ele>0.000000</ele><time>2026-09-14T12:32:53.053Z</time></trkpt><trkpt lat="59.183627" lon="11.517654"><ele>0.000000</ele><time>2026-09-14T12:32:54.054Z</time></trkpt><trkpt lat="59.183615" lon="11.517669"><ele>0.000000</ele><time>2026-09-14T12:32:55.055Z</time></trkpt><trkpt lat="59.183602" lon="11.517685"><ele>0.000000</ele><time>2026-09-14T12:32:56.056Z</time></trkpt><trkpt lat="59.183577" lon="11.517716"><ele>0.000000</ele><time>2026-09-14T12:32:58.058Z</time></trkpt><trkpt lat="59.183562" lon="11.517736"><ele>0.000000</ele><time>2026-09-14T12:32:59.059Z</time></trkpt><trkpt lat="59.183548" lon="11.517760"><ele>0.000000</ele><time>2026-09-14T12:33:00.000Z</time></trkpt><trkpt lat="59.183523" lon="11.517795"><ele>0.000000</ele><time>2026-09-14T12:33:02.002Z</time></trkpt><trkpt lat="59.183512" lon="11.517812"><ele>0.000000</ele><time>2026-09-14T12:33:03.003Z</time></trkpt><trkpt lat="59.183499" lon="11.517829"><ele>0.000000</ele><time>2026-09-14T12:33:04.004Z</time></trkpt><trkpt lat="59.183488" lon="11.517844"><ele>0.000000</ele><time>2026-09-14T12:33:05.005Z</time></trkpt><trkpt lat="59.183476" lon="11.517860"><ele>0.000000</ele><time>2026-09-14T12:33:06.006Z</time></trkpt><trkpt lat="59.183465" lon="11.517876"><ele>0.000000</ele><time>2026-09-14T12:33:07.007Z</time></trkpt><trkpt lat="59.183453" lon="11.517892"><ele>0.000000</ele><time>2026-09-14T12:33:08.008Z</time></trkpt><trkpt lat="59.183441" lon="11.517908"><ele>0.000000</ele><time>2026-09-14T12:33:09.009Z</time></trkpt><trkpt lat="59.183428" lon="11.517923"><ele>0.000000</ele><time>2026-09-14T12:33:10.010Z</time></trkpt><trkpt lat="59.183416" lon="11.517938"><ele>0.000000</ele><time>2026-09-14T12:33:11.011Z</time></trkpt><trkpt lat="59.183403" lon="11.517953"><ele>0.000000</ele><time>2026-09-14T12:33:12.012Z</time></trkpt><trkpt lat="59.183391" lon="11.517968"><ele>0.000000</ele><time>2026-09-14T12:33:13.013Z</time></trkpt><trkpt lat="59.183378" lon="11.517984"><ele>0.000000</ele><time>2026-09-14T12:33:14.014Z</time></trkpt><trkpt lat="59.183367" lon="11.518001"><ele>0.000000</ele><time>2026-09-14T12:33:15.015Z</time></trkpt><trkpt lat="59.183354" lon="11.518016"><ele>0.000000</ele><time>2026-09-14T12:33:16.016Z</time></trkpt><trkpt lat="59.183343" lon="11.518030"><ele>0.000000</ele><time>2026-09-14T12:33:17.017Z</time></trkpt><trkpt lat="59.183331" lon="11.518045"><ele>0.000000</ele><time>2026-09-14T12:33:18.018Z</time></trkpt><trkpt lat="59.183319" lon="11.518061"><ele>0.000000</ele><time>2026-09-14T12:33:19.019Z</time></trkpt><trkpt lat="59.183307" lon="11.518076"><ele>0.000000</ele><time>2026-09-14T12:33:20.020Z</time></trkpt><trkpt lat="59.183296" lon="11.518090"><ele>0.000000</ele><time>2026-09-14T12:33:21.021Z</time></trkpt><trkpt lat="59.183283" lon="11.518104"><ele>0.000000</ele><time>2026-09-14T12:33:22.022Z</time></trkpt><trkpt lat="59.183271" lon="11.518119"><ele>0.000000</ele><time>2026-09-14T12:33:23.023Z</time></trkpt><trkpt lat="59.183259" lon="11.518132"><ele>0.000000</ele><time>2026-09-14T12:33:24.024Z</time></trkpt><trkpt lat="59.183246" lon="11.518145"><ele>0.000000</ele><time>2026-09-14T12:33:25.025Z</time></trkpt><trkpt lat="59.183233" lon="11.518160"><ele>0.000000</ele><time>2026-09-14T12:33:26.026Z</time></trkpt><trkpt lat="59.183221" lon="11.518176"><ele>0.000000</ele><time>2026-09-14T12:33:27.027Z</time></trkpt><trkpt lat="59.183209" lon="11.518192"><ele>0.000000</ele><time>2026-09-14T12:33:28.028Z</time></trkpt><trkpt lat="59.183198" lon="11.518207"><ele>0.000000</ele><time>2026-09-14T12:33:29.029Z</time></trkpt><trkpt lat="59.183185" lon="11.518223"><ele>0.000000</ele><time>2026-09-14T12:33:30.030Z</time></trkpt><trkpt lat="59.183173" lon="11.518240"><ele>0.000000</ele><time>2026-09-14T12:33:31.031Z</time></trkpt><trkpt lat="59.183161" lon="11.518257"><ele>0.000000</ele><time>2026-09-14T12:33:32.032Z</time></trkpt><trkpt lat="59.183149" lon="11.518274"><ele>0.000000</ele><time>2026-09-14T12:33:33.033Z</time></trkpt><trkpt lat="59.183136" lon="11.518290"><ele>0.000000</ele><time>2026-09-14T12:33:34.034Z</time></trkpt><trkpt lat="59.183125" lon="11.518305"><ele>0.000000</ele><time>2026-09-14T12:33:35.035Z</time></trkpt><trkpt lat="59.183113" lon="11.518321"><ele>0.000000</ele><time>2026-09-14T12:33:36.036Z</time></trkpt><trkpt lat="59.183101" lon="11.518336"><ele>0.000000</ele><time>2026-09-14T12:33:37.037Z</time></trkpt><trkpt lat="59.183088" lon="11.518352"><ele>0.000000</ele><time>2026-09-14T12:33:38.038Z</time></trkpt><trkpt lat="59.183075" lon="11.518367"><ele>0.000000</ele><time>2026-09-14T12:33:39.039Z</time></trkpt><trkpt lat="59.183051" lon="11.518395"><ele>0.000000</ele><time>2026-09-14T12:33:41.041Z</time></trkpt><trkpt lat="59.183039" lon="11.518408"><ele>0.000000</ele><time>2026-09-14T12:33:42.042Z</time></trkpt><trkpt lat="59.183025" lon="11.518421"><ele>0.000000</ele><time>2026-09-14T12:33:43.043Z</time></trkpt><trkpt lat="59.183014" lon="11.518436"><ele>0.000000</ele><time>2026-09-14T12:33:44.044Z</time></trkpt><trkpt lat="59.183002" lon="11.518451"><ele>0.000000</ele><time>2026-09-14T12:33:45.045Z</time></trkpt><trkpt lat="59.182989" lon="11.518465"><ele>0.000000</ele><time>2026-09-14T12:33:46.046Z</time></trkpt><trkpt lat="59.182974" lon="11.518479"><ele>0.000000</ele><time>2026-09-14T12:33:47.047Z</time></trkpt><trkpt lat="59.182961" lon="11.518494"><ele>0.000000</ele><time>2026-09-14T12:33:48.048Z</time></trkpt><trkpt lat="59.182947" lon="11.518509"><ele>0.000000</ele><time>2026-09-14T12:33:49.049Z</time></trkpt><trkpt lat="59.182935" lon="11.518523"><ele>0.000000</ele><time>2026-09-14T12:33:50.050Z</time></trkpt><trkpt lat="59.182921" lon="11.518538"><ele>0.000000</ele><time>2026-09-14T12:33:51.051Z</time></trkpt><trkpt lat="59.182908" lon="11.518553"><ele>0.000000</ele><time>2026-09-14T12:33:52.052Z</time></trkpt><trkpt lat="59.182895" lon="11.518567"><ele>0.000000</ele><time>2026-09-14T12:33:53.053Z</time></trkpt><trkpt lat="59.182883" lon="11.518582"><ele>0.000000</ele><time>2026-09-14T12:33:54.054Z</time></trkpt><trkpt lat="59.182869" lon="11.518599"><ele>0.000000</ele><time>2026-09-14T12:33:55.055Z</time></trkpt><trkpt lat="59.182857" lon="11.518616"><ele>0.000000</ele><time>2026-09-14T12:33:56.056Z</time></trkpt><trkpt lat="59.182843" lon="11.518633"><ele>0.000000</ele><time>2026-09-14T12:33:57.057Z</time></trkpt><trkpt lat="59.182816" lon="11.518666"><ele>0.000000</ele><time>2026-09-14T12:33:59.059Z</time></trkpt><trkpt lat="59.182802" lon="11.518685"><ele>0.000000</ele><time>2026-09-14T12:33:59.059Z</time></trkpt><trkpt lat="59.182787" lon="11.518704"><ele>0.000000</ele><time>2026-09-14T12:34:00.000Z</time></trkpt><trkpt lat="59.182760" lon="11.518734"><ele>0.000000</ele><time>2026-09-14T12:34:02.002Z</time></trkpt><trkpt lat="59.182747" lon="11.518749"><ele>0.000000</ele><time>2026-09-14T12:34:03.003Z</time></trkpt><trkpt lat="59.182732" lon="11.518767"><ele>0.000000</ele><time>2026-09-14T12:34:04.004Z</time></trkpt><trkpt lat="59.182718" lon="11.518785"><ele>0.000000</ele><time>2026-09-14T12:34:05.005Z</time></trkpt><trkpt lat="59.182704" lon="11.518801"><ele>0.000000</ele><time>2026-09-14T12:34:06.006Z</time></trkpt><trkpt lat="59.182679" lon="11.518833"><ele>0.000000</ele><time>2026-09-14T12:34:08.008Z</time></trkpt><trkpt lat="59.182667" lon="11.518848"><ele>0.000000</ele><time>2026-09-14T12:34:09.009Z</time></trkpt><trkpt lat="59.182653" lon="11.518864"><ele>0.000000</ele><time>2026-09-14T12:34:10.010Z</time></trkpt><trkpt lat="59.182641" lon="11.518877"><ele>0.000000</ele><time>2026-09-14T12:34:11.011Z</time></trkpt><trkpt lat="59.182627" lon="11.518892"><ele>0.000000</ele><time>2026-09-14T12:34:12.012Z</time></trkpt><trkpt lat="59.182614" lon="11.518907"><ele>0.000000</ele><time>2026-09-14T12:34:13.013Z</time></trkpt><trkpt lat="59.182601" lon="11.518924"><ele>0.000000</ele><time>2026-09-14T12:34:14.014Z</time></trkpt><trkpt lat="59.182587" lon="11.518940"><ele>0.000000</ele><time>2026-09-14T12:34:15.015Z</time></trkpt><trkpt lat="59.182573" lon="11.518955"><ele>0.000000</ele><time>2026-09-14T12:34:16.016Z</time></trkpt><trkpt lat="59.182559" lon="11.518969"><ele>0.000000</ele><time>2026-09-14T12:34:17.017Z</time></trkpt><trkpt lat="59.182545" lon="11.518984"><ele>0.000000</ele><time>2026-09-14T12:34:18.018Z</time></trkpt><trkpt lat="59.182532" lon="11.519000"><ele>0.000000</ele><time>2026-09-14T12:34:19.019Z</time></trkpt><trkpt lat="59.182519" lon="11.519015"><ele>0.000000</ele><time>2026-09-14T12:34:20.020Z</time></trkpt><trkpt lat="59.182504" lon="11.519030"><ele>0.000000</ele><time>2026-09-14T12:34:21.021Z</time></trkpt><trkpt lat="59.182491" lon="11.519046"><ele>0.000000</ele><time>2026-09-14T12:34:22.022Z</time></trkpt><trkpt lat="59.182477" lon="11.519062"><ele>0.000000</ele><time>2026-09-14T12:34:23.023Z</time></trkpt><trkpt lat="59.182464" lon="11.519079"><ele>0.000000</ele><time>2026-09-14T12:34:25.025Z</time></trkpt><trkpt lat="59.182451" lon="11.519096"><ele>0.000000</ele><time>2026-09-14T12:34:26.026Z</time></trkpt><trkpt lat="59.182438" lon="11.519113"><ele>0.000000</ele><time>2026-09-14T12:34:27.027Z</time></trkpt><trkpt lat="59.182423" lon="11.519131"><ele>0.000000</ele><time>2026-09-14T12:34:28.028Z</time></trkpt><trkpt lat="59.182409" lon="11.519148"><ele>0.000000</ele><time>2026-09-14T12:34:29.029Z</time></trkpt><trkpt lat="59.182395" lon="11.519167"><ele>0.000000</ele><time>2026-09-14T12:34:30.030Z</time></trkpt><trkpt lat="59.182382" lon="11.519185"><ele>0.000000</ele><time>2026-09-14T12:34:31.031Z</time></trkpt><trkpt lat="59.182369" lon="11.519204"><ele>0.000000</ele><time>2026-09-14T12:34:32.032Z</time></trkpt><trkpt lat="59.182357" lon="11.519222"><ele>0.000000</ele><time>2026-09-14T12:34:33.033Z</time></trkpt><trkpt lat="59.182344" lon="11.519240"><ele>0.000000</ele><time>2026-09-14T12:34:34.034Z</time></trkpt><trkpt lat="59.182332" lon="11.519258"><ele>0.000000</ele><time>2026-09-14T12:34:35.035Z</time></trkpt><trkpt lat="59.182318" lon="11.519275"><ele>0.000000</ele><time>2026-09-14T12:34:36.036Z</time></trkpt><trkpt lat="59.182291" lon="11.519308"><ele>0.000000</ele><time>2026-09-14T12:34:38.038Z</time></trkpt><trkpt lat="59.182279" lon="11.519325"><ele>0.000000</ele><time>2026-09-14T12:34:39.039Z</time></trkpt><trkpt lat="59.182266" lon="11.519339"><ele>0.000000</ele><time>2026-09-14T12:34:40.040Z</time></trkpt><trkpt lat="59.182255" lon="11.519353"><ele>0.000000</ele><time>2026-09-14T12:34:41.041Z</time></trkpt><trkpt lat="59.182242" lon="11.519369"><ele>0.000000</ele><time>2026-09-14T12:34:42.042Z</time></trkpt><trkpt lat="59.182230" lon="11.519383"><ele>0.000000</ele><time>2026-09-14T12:34:43.043Z</time></trkpt><trkpt lat="59.182218" lon="11.519398"><ele>0.000000</ele><time>2026-09-14T12:34:44.044Z</time></trkpt><trkpt lat="59.182205" lon="11.519411"><ele>0.000000</ele><time>2026-09-14T12:34:45.045Z</time></trkpt><trkpt lat="59.182191" lon="11.519424"><ele>0.000000</ele><time>2026-09-14T12:34:46.046Z</time></trkpt><trkpt lat="59.182178" lon="11.519436"><ele>0.000000</ele><time>2026-09-14T12:34:47.047Z</time></trkpt><trkpt lat="59.182165" lon="11.519450"><ele>0.000000</ele><time>2026-09-14T12:34:48.048Z</time></trkpt><trkpt lat="59.182153" lon="11.519462"><ele>0.000000</ele><time>2026-09-14T12:34:49.049Z</time></trkpt><trkpt lat="59.182141" lon="11.519475"><ele>0.000000</ele><time>2026-09-14T12:34:50.050Z</time></trkpt><trkpt lat="59.182130" lon="11.519488"><ele>0.000000</ele><time>2026-09-14T12:34:51.051Z</time></trkpt><trkpt lat="59.182118" lon="11.519498"><ele>0.000000</ele><time>2026-09-14T12:34:52.052Z</time></trkpt><trkpt lat="59.182106" lon="11.519509"><ele>0.000000</ele><time>2026-09-14T12:34:53.053Z</time></trkpt><trkpt lat="59.182094" lon="11.519521"><ele>0.000000</ele><time>2026-09-14T12:34:54.054Z</time></trkpt><trkpt lat="59.182081" lon="11.519532"><ele>0.000000</ele><time>2026-09-14T12:34:55.055Z</time></trkpt><trkpt lat="59.182057" lon="11.519557"><ele>0.000000</ele><time>2026-09-14T12:34:57.057Z</time></trkpt><trkpt lat="59.182033" lon="11.519583"><ele>0.000000</ele><time>2026-09-14T12:34:59.059Z</time></trkpt><trkpt lat="59.182009" lon="11.519611"><ele>0.000000</ele><time>2026-09-14T12:35:01.001Z</time></trkpt><trkpt lat="59.181997" lon="11.519627"><ele>0.000000</ele><time>2026-09-14T12:35:02.002Z</time></trkpt><trkpt lat="59.181985" lon="11.519641"><ele>0.000000</ele><time>2026-09-14T12:35:03.003Z</time></trkpt><trkpt lat="59.181972" lon="11.519657"><ele>0.000000</ele><time>2026-09-14T12:35:04.004Z</time></trkpt><trkpt lat="59.181947" lon="11.519686"><ele>0.000000</ele><time>2026-09-14T12:35:06.006Z</time></trkpt><trkpt lat="59.181935" lon="11.519702"><ele>0.000000</ele><time>2026-09-14T12:35:07.007Z</time></trkpt><trkpt lat="59.181922" lon="11.519717"><ele>0.000000</ele><time>2026-09-14T12:35:08.008Z</time></trkpt><trkpt lat="59.181910" lon="11.519731"><ele>0.000000</ele><time>2026-09-14T12:35:09.009Z</time></trkpt><trkpt lat="59.181898" lon="11.519746"><ele>0.000000</ele><time>2026-09-14T12:35:10.010Z</time></trkpt><trkpt lat="59.181885" lon="11.519762"><ele>0.000000</ele><time>2026-09-14T12:35:11.011Z</time></trkpt><trkpt lat="59.181861" lon="11.519793"><ele>0.000000</ele><time>2026-09-14T12:35:13.013Z</time></trkpt><trkpt lat="59.181849" lon="11.519808"><ele>0.000000</ele><time>2026-09-14T12:35:14.014Z</time></trkpt><trkpt lat="59.181836" lon="11.519821"><ele>0.000000</ele><time>2026-09-14T12:35:15.015Z</time></trkpt><trkpt lat="59.181822" lon="11.519835"><ele>0.000000</ele><time>2026-09-14T12:35:16.016Z</time></trkpt><trkpt lat="59.181809" lon="11.519848"><ele>0.000000</ele><time>2026-09-14T12:35:17.017Z</time></trkpt><trkpt lat="59.181795" lon="11.519861"><ele>0.000000</ele><time>2026-09-14T12:35:18.018Z</time></trkpt><trkpt lat="59.181770" lon="11.519888"><ele>0.000000</ele><time>2026-09-14T12:35:20.020Z</time></trkpt><trkpt lat="59.181756" lon="11.519900"><ele>0.000000</ele><time>2026-09-14T12:35:21.021Z</time></trkpt><trkpt lat="59.181742" lon="11.519913"><ele>0.000000</ele><time>2026-09-14T12:35:22.022Z</time></trkpt><trkpt lat="59.181729" lon="11.519925"><ele>0.000000</ele><time>2026-09-14T12:35:23.023Z</time></trkpt><trkpt lat="59.181716" lon="11.519939"><ele>0.000000</ele><time>2026-09-14T12:35:24.024Z</time></trkpt><trkpt lat="59.181703" lon="11.519954"><ele>0.000000</ele><time>2026-09-14T12:35:25.025Z</time></trkpt><trkpt lat="59.181690" lon="11.519968"><ele>0.000000</ele><time>2026-09-14T12:35:26.026Z</time></trkpt><trkpt lat="59.181676" lon="11.519983"><ele>0.000000</ele><time>2026-09-14T12:35:27.027Z</time></trkpt><trkpt lat="59.181663" lon="11.519998"><ele>0.000000</ele><time>2026-09-14T12:35:28.028Z</time></trkpt><trkpt lat="59.181649" lon="11.520013"><ele>0.000000</ele><time>2026-09-14T12:35:29.029Z</time></trkpt><trkpt lat="59.181623" lon="11.520041"><ele>0.000000</ele><time>2026-09-14T12:35:31.031Z</time></trkpt><trkpt lat="59.181611" lon="11.520055"><ele>0.000000</ele><time>2026-09-14T12:35:32.032Z</time></trkpt><trkpt lat="59.181598" lon="11.520070"><ele>0.000000</ele><time>2026-09-14T12:35:33.033Z</time></trkpt><trkpt lat="59.181584" lon="11.520085"><ele>0.000000</ele><time>2026-09-14T12:35:34.034Z</time></trkpt><trkpt lat="59.181572" lon="11.520100"><ele>0.000000</ele><time>2026-09-14T12:35:35.035Z</time></trkpt><trkpt lat="59.181558" lon="11.520116"><ele>0.000000</ele><time>2026-09-14T12:35:36.036Z</time></trkpt><trkpt lat="59.181546" lon="11.520132"><ele>0.000000</ele><time>2026-09-14T12:35:37.037Z</time></trkpt><trkpt lat="59.181533" lon="11.520147"><ele>0.000000</ele><time>2026-09-14T12:35:38.038Z</time></trkpt><trkpt lat="59.181519" lon="11.520163"><ele>0.000000</ele><time>2026-09-14T12:35:39.039Z</time></trkpt><trkpt lat="59.181504" lon="11.520179"><ele>0.000000</ele><time>2026-09-14T12:35:40.040Z</time></trkpt><trkpt lat="59.181490" lon="11.520194"><ele>0.000000</ele><time>2026-09-14T12:35:41.041Z</time></trkpt><trkpt lat="59.181475" lon="11.520210"><ele>0.000000</ele><time>2026-09-14T12:35:42.042Z</time></trkpt><trkpt lat="59.181461" lon="11.520224"><ele>0.000000</ele><time>2026-09-14T12:35:43.043Z</time></trkpt><trkpt lat="59.181447" lon="11.520241"><ele>0.000000</ele><time>2026-09-14T12:35:44.044Z</time></trkpt><trkpt lat="59.181433" lon="11.520258"><ele>0.000000</ele><time>2026-09-14T12:35:45.045Z</time></trkpt><trkpt lat="59.181419" lon="11.520275"><ele>0.000000</ele><time>2026-09-14T12:35:46.046Z</time></trkpt><trkpt lat="59.181406" lon="11.520291"><ele>0.000000</ele><time>2026-09-14T12:35:47.047Z</time></trkpt><trkpt lat="59.181392" lon="11.520308"><ele>0.000000</ele><time>2026-09-14T12:35:48.048Z</time></trkpt><trkpt lat="59.181380" lon="11.520324"><ele>0.000000</ele><time>2026-09-14T12:35:49.049Z</time></trkpt><trkpt lat="59.181365" lon="11.520340"><ele>0.000000</ele><time>2026-09-14T12:35:50.050Z</time></trkpt><trkpt lat="59.181337" lon="11.520367"><ele>0.000000</ele><time>2026-09-14T12:35:52.052Z</time></trkpt><trkpt lat="59.181323" lon="11.520379"><ele>0.000000</ele><time>2026-09-14T12:35:53.053Z</time></trkpt><trkpt lat="59.181307" lon="11.520391"><ele>0.000000</ele><time>2026-09-14T12:35:54.054Z</time></trkpt><trkpt lat="59.181292" lon="11.520404"><ele>0.000000</ele><time>2026-09-14T12:35:55.055Z</time></trkpt><trkpt lat="59.181278" lon="11.520418"><ele>0.000000</ele><time>2026-09-14T12:35:56.056Z</time></trkpt><trkpt lat="59.181263" lon="11.520431"><ele>0.000000</ele><time>2026-09-14T12:35:57.057Z</time></trkpt><trkpt lat="59.181248" lon="11.520445"><ele>0.000000</ele><time>2026-09-14T12:35:58.058Z</time></trkpt><trkpt lat="59.181233" lon="11.520459"><ele>0.000000</ele><time>2026-09-14T12:35:59.059Z</time></trkpt><trkpt lat="59.181218" lon="11.520473"><ele>0.000000</ele><time>2026-09-14T12:36:00.000Z</time></trkpt><trkpt lat="59.181202" lon="11.520488"><ele>0.000000</ele><time>2026-09-14T12:36:01.001Z</time></trkpt><trkpt lat="59.181186" lon="11.520503"><ele>0.000000</ele><time>2026-09-14T12:36:02.002Z</time></trkpt><trkpt lat="59.181171" lon="11.520517"><ele>0.000000</ele><time>2026-09-14T12:36:03.003Z</time></trkpt><trkpt lat="59.181143" lon="11.520544"><ele>0.000000</ele><time>2026-09-14T12:36:05.005Z</time></trkpt><trkpt lat="59.181130" lon="11.520558"><ele>0.000000</ele><time>2026-09-14T12:36:06.006Z</time></trkpt><trkpt lat="59.181116" lon="11.520572"><ele>0.000000</ele><time>2026-09-14T12:36:07.007Z</time></trkpt><trkpt lat="59.181102" lon="11.520585"><ele>0.000000</ele><time>2026-09-14T12:36:08.008Z</time></trkpt><trkpt lat="59.181089" lon="11.520600"><ele>0.000000</ele><time>2026-09-14T12:36:09.009Z</time></trkpt><trkpt lat="59.181075" lon="11.520613"><ele>0.000000</ele><time>2026-09-14T12:36:10.010Z</time></trkpt><trkpt lat="59.181060" lon="11.520625"><ele>0.000000</ele><time>2026-09-14T12:36:11.011Z</time></trkpt><trkpt lat="59.181032" lon="11.520651"><ele>0.000000</ele><time>2026-09-14T12:36:13.013Z</time></trkpt><trkpt lat="59.181017" lon="11.520668"><ele>0.000000</ele><time>2026-09-14T12:36:14.014Z</time></trkpt><trkpt lat="59.181002" lon="11.520684"><ele>0.000000</ele><time>2026-09-14T12:36:15.015Z</time></trkpt><trkpt lat="59.180973" lon="11.520709"><ele>0.000000</ele><time>2026-09-14T12:36:17.017Z</time></trkpt><trkpt lat="59.180944" lon="11.520737"><ele>0.000000</ele><time>2026-09-14T12:36:19.019Z</time></trkpt><trkpt lat="59.180931" lon="11.520750"><ele>0.000000</ele><time>2026-09-14T12:36:20.020Z</time></trkpt><trkpt lat="59.180917" lon="11.520762"><ele>0.000000</ele><time>2026-09-14T12:36:21.021Z</time></trkpt><trkpt lat="59.180904" lon="11.520775"><ele>0.000000</ele><time>2026-09-14T12:36:22.022Z</time></trkpt><trkpt lat="59.180891" lon="11.520788"><ele>0.000000</ele><time>2026-09-14T12:36:23.023Z</time></trkpt><trkpt lat="59.180877" lon="11.520802"><ele>0.000000</ele><time>2026-09-14T12:36:24.024Z</time></trkpt><trkpt lat="59.180864" lon="11.520815"><ele>0.000000</ele><time>2026-09-14T12:36:25.025Z</time></trkpt><trkpt lat="59.180851" lon="11.520827"><ele>0.000000</ele><time>2026-09-14T12:36:26.026Z</time></trkpt><trkpt lat="59.180836" lon="11.520839"><ele>0.000000</ele><time>2026-09-14T12:36:27.027Z</time></trkpt><trkpt lat="59.180822" lon="11.520851"><ele>0.000000</ele><time>2026-09-14T12:36:28.028Z</time></trkpt><trkpt lat="59.180807" lon="11.520862"><ele>0.000000</ele><time>2026-09-14T12:36:29.029Z</time></trkpt><trkpt lat="59.180792" lon="11.520873"><ele>0.000000</ele><time>2026-09-14T12:36:30.030Z</time></trkpt><trkpt lat="59.180777" lon="11.520885"><ele>0.000000</ele><time>2026-09-14T12:36:31.031Z</time></trkpt><trkpt lat="59.180763" lon="11.520897"><ele>0.000000</ele><time>2026-09-14T12:36:32.032Z</time></trkpt><trkpt lat="59.180748" lon="11.520910"><ele>0.000000</ele><time>2026-09-14T12:36:33.033Z</time></trkpt><trkpt lat="59.180733" lon="11.520924"><ele>0.000000</ele><time>2026-09-14T12:36:34.034Z</time></trkpt><trkpt lat="59.180718" lon="11.520938"><ele>0.000000</ele><time>2026-09-14T12:36:35.035Z</time></trkpt><trkpt lat="59.180704" lon="11.520950"><ele>0.000000</ele><time>2026-09-14T12:36:36.036Z</time></trkpt><trkpt lat="59.180689" lon="11.520964"><ele>0.000000</ele><time>2026-09-14T12:36:37.037Z</time></trkpt><trkpt lat="59.180674" lon="11.520978"><ele>0.000000</ele><time>2026-09-14T12:36:38.038Z</time></trkpt><trkpt lat="59.180659" lon="11.520991"><ele>0.000000</ele><time>2026-09-14T12:36:39.039Z</time></trkpt><trkpt lat="59.180645" lon="11.521006"><ele>0.000000</ele><time>2026-09-14T12:36:40.040Z</time></trkpt><trkpt lat="59.180629" lon="11.521020"><ele>0.000000</ele><time>2026-09-14T12:36:41.041Z</time></trkpt><trkpt lat="59.180614" lon="11.521032"><ele>0.000000</ele><time>2026-09-14T12:36:42.042Z</time></trkpt><trkpt lat="59.180598" lon="11.521046"><ele>0.000000</ele><time>2026-09-14T12:36:43.043Z</time></trkpt><trkpt lat="59.180584" lon="11.521060"><ele>0.000000</ele><time>2026-09-14T12:36:44.044Z</time></trkpt><trkpt lat="59.180570" lon="11.521074"><ele>0.000000</ele><time>2026-09-14T12:36:45.045Z</time></trkpt><trkpt lat="59.180556" lon="11.521087"><ele>0.000000</ele><time>2026-09-14T12:36:46.046Z</time></trkpt><trkpt lat="59.180540" lon="11.521102"><ele>0.000000</ele><time>2026-09-14T12:36:47.047Z</time></trkpt><trkpt lat="59.180526" lon="11.521116"><ele>0.000000</ele><time>2026-09-14T12:36:48.048Z</time></trkpt><trkpt lat="59.180511" lon="11.521130"><ele>0.000000</ele><time>2026-09-14T12:36:49.049Z</time></trkpt><trkpt lat="59.180496" lon="11.521143"><ele>0.000000</ele><time>2026-09-14T12:36:50.050Z</time></trkpt><trkpt lat="59.180481" lon="11.521156"><ele>0.000000</ele><time>2026-09-14T12:36:51.051Z</time></trkpt><trkpt lat="59.180467" lon="11.521169"><ele>0.000000</ele><time>2026-09-14T12:36:52.052Z</time></trkpt><trkpt lat="59.180453" lon="11.521184"><ele>0.000000</ele><time>2026-09-14T12:36:53.053Z</time></trkpt><trkpt lat="59.180439" lon="11.521199"><ele>0.000000</ele><time>2026-09-14T12:36:54.054Z</time></trkpt><trkpt lat="59.180424" lon="11.521213"><ele>0.000000</ele><time>2026-09-14T12:36:55.055Z</time></trkpt><trkpt lat="59.180410" lon="11.521226"><ele>0.000000</ele><time>2026-09-14T12:36:56.056Z</time></trkpt><trkpt lat="59.180396" lon="11.521240"><ele>0.000000</ele><time>2026-09-14T12:36:57.057Z</time></trkpt><trkpt lat="59.180382" lon="11.521253"><ele>0.000000</ele><time>2026-09-14T12:36:58.058Z</time></trkpt><trkpt lat="59.180367" lon="11.521266"><ele>0.000000</ele><time>2026-09-14T12:36:59.059Z</time></trkpt><trkpt lat="59.180353" lon="11.521279"><ele>0.000000</ele><time>2026-09-14T12:37:00.000Z</time></trkpt><trkpt lat="59.180338" lon="11.521292"><ele>0.000000</ele><time>2026-09-14T12:37:01.001Z</time></trkpt><trkpt lat="59.180323" lon="11.521304"><ele>0.000000</ele><time>2026-09-14T12:37:02.002Z</time></trkpt><trkpt lat="59.180307" lon="11.521316"><ele>0.000000</ele><time>2026-09-14T12:37:03.003Z</time></trkpt><trkpt lat="59.180291" lon="11.521327"><ele>0.000000</ele><time>2026-09-14T12:37:04.004Z</time></trkpt><trkpt lat="59.180276" lon="11.521337"><ele>0.000000</ele><time>2026-09-14T12:37:05.005Z</time></trkpt><trkpt lat="59.180262" lon="11.521348"><ele>0.000000</ele><time>2026-09-14T12:37:06.006Z</time></trkpt><trkpt lat="59.180247" lon="11.521360"><ele>0.000000</ele><time>2026-09-14T12:37:07.007Z</time></trkpt><trkpt lat="59.180232" lon="11.521372"><ele>0.000000</ele><time>2026-09-14T12:37:08.008Z</time></trkpt><trkpt lat="59.180218" lon="11.521383"><ele>0.000000</ele><time>2026-09-14T12:37:09.009Z</time></trkpt><trkpt lat="59.180203" lon="11.521395"><ele>0.000000</ele><time>2026-09-14T12:37:10.010Z</time></trkpt><trkpt lat="59.180188" lon="11.521406"><ele>0.000000</ele><time>2026-09-14T12:37:11.011Z</time></trkpt><trkpt lat="59.180173" lon="11.521419"><ele>0.000000</ele><time>2026-09-14T12:37:12.012Z</time></trkpt><trkpt lat="59.180158" lon="11.521431"><ele>0.000000</ele><time>2026-09-14T12:37:13.013Z</time></trkpt><trkpt lat="59.180143" lon="11.521443"><ele>0.000000</ele><time>2026-09-14T12:37:14.014Z</time></trkpt><trkpt lat="59.180127" lon="11.521454"><ele>0.000000</ele><time>2026-09-14T12:37:15.015Z</time></trkpt><trkpt lat="59.180112" lon="11.521466"><ele>0.000000</ele><time>2026-09-14T12:37:16.016Z</time></trkpt><trkpt lat="59.180099" lon="11.521477"><ele>0.000000</ele><time>2026-09-14T12:37:17.017Z</time></trkpt><trkpt lat="59.180086" lon="11.521489"><ele>0.000000</ele><time>2026-09-14T12:37:18.018Z</time></trkpt><trkpt lat="59.180074" lon="11.521501"><ele>0.000000</ele><time>2026-09-14T12:37:19.019Z</time></trkpt><trkpt lat="59.180063" lon="11.521511"><ele>0.000000</ele><time>2026-09-14T12:37:20.020Z</time></trkpt><trkpt lat="59.180053" lon="11.521522"><ele>0.000000</ele><time>2026-09-14T12:37:21.021Z</time></trkpt><trkpt lat="59.180042" lon="11.521532"><ele>0.000000</ele><time>2026-09-14T12:37:22.022Z</time></trkpt><trkpt lat="59.180033" lon="11.521542"><ele>0.000000</ele><time>2026-09-14T12:37:23.023Z</time></trkpt><trkpt lat="59.180024" lon="11.521553"><ele>0.000000</ele><time>2026-09-14T12:37:24.024Z</time></trkpt><trkpt lat="59.180006" lon="11.521575"><ele>0.000000</ele><time>2026-09-14T12:37:26.026Z</time></trkpt><trkpt lat="59.179988" lon="11.521596"><ele>0.000000</ele><time>2026-09-14T12:37:28.028Z</time></trkpt><trkpt lat="59.179969" lon="11.521616"><ele>0.000000</ele><time>2026-09-14T12:37:30.030Z</time></trkpt><trkpt lat="59.179949" lon="11.521637"><ele>0.000000</ele><time>2026-09-14T12:37:32.032Z</time></trkpt><trkpt lat="59.179938" lon="11.521648"><ele>0.000000</ele><time>2026-09-14T12:37:33.033Z</time></trkpt><trkpt lat="59.179926" lon="11.521659"><ele>0.000000</ele><time>2026-09-14T12:37:34.034Z</time></trkpt><trkpt lat="59.179913" lon="11.521670"><ele>0.000000</ele><time>2026-09-14T12:37:35.035Z</time></trkpt><trkpt lat="59.179899" lon="11.521681"><ele>0.000000</ele><time>2026-09-14T12:37:36.036Z</time></trkpt><trkpt lat="59.179885" lon="11.521690"><ele>0.000000</ele><time>2026-09-14T12:37:37.037Z</time></trkpt><trkpt lat="59.179871" lon="11.521700"><ele>0.000000</ele><time>2026-09-14T12:37:38.038Z</time></trkpt><trkpt lat="59.179856" lon="11.521711"><ele>0.000000</ele><time>2026-09-14T12:37:39.039Z</time></trkpt><trkpt lat="59.179841" lon="11.521719"><ele>0.000000</ele><time>2026-09-14T12:37:40.040Z</time></trkpt><trkpt lat="59.179825" lon="11.521730"><ele>0.000000</ele><time>2026-09-14T12:37:41.041Z</time></trkpt><trkpt lat="59.179810" lon="11.521740"><ele>0.000000</ele><time>2026-09-14T12:37:42.042Z</time></trkpt><trkpt lat="59.179794" lon="11.521751"><ele>0.000000</ele><time>2026-09-14T12:37:43.043Z</time></trkpt><trkpt lat="59.179780" lon="11.521762"><ele>0.000000</ele><time>2026-09-14T12:37:44.044Z</time></trkpt><trkpt lat="59.179765" lon="11.521775"><ele>0.000000</ele><time>2026-09-14T12:37:45.045Z</time></trkpt><trkpt lat="59.179751" lon="11.521788"><ele>0.000000</ele><time>2026-09-14T12:37:46.046Z</time></trkpt><trkpt lat="59.179736" lon="11.521802"><ele>0.000000</ele><time>2026-09-14T12:37:47.047Z</time></trkpt><trkpt lat="59.179721" lon="11.521817"><ele>0.000000</ele><time>2026-09-14T12:37:48.048Z</time></trkpt><trkpt lat="59.179706" lon="11.521831"><ele>0.000000</ele><time>2026-09-14T12:37:49.049Z</time></trkpt><trkpt lat="59.179692" lon="11.521844"><ele>0.000000</ele><time>2026-09-14T12:37:50.050Z</time></trkpt><trkpt lat="59.179676" lon="11.521858"><ele>0.000000</ele><time>2026-09-14T12:37:51.051Z</time></trkpt><trkpt lat="59.179662" lon="11.521872"><ele>0.000000</ele><time>2026-09-14T12:37:52.052Z</time></trkpt><trkpt lat="59.179647" lon="11.521887"><ele>0.000000</ele><time>2026-09-14T12:37:53.053Z</time></trkpt><trkpt lat="59.179633" lon="11.521902"><ele>0.000000</ele><time>2026-09-14T12:37:54.054Z</time></trkpt><trkpt lat="59.179618" lon="11.521917"><ele>0.000000</ele><time>2026-09-14T12:37:55.055Z</time></trkpt><trkpt lat="59.179604" lon="11.521932"><ele>0.000000</ele><time>2026-09-14T12:37:56.056Z</time></trkpt><trkpt lat="59.179589" lon="11.521948"><ele>0.000000</ele><time>2026-09-14T12:37:57.057Z</time></trkpt><trkpt lat="59.179575" lon="11.521963"><ele>0.000000</ele><time>2026-09-14T12:37:58.058Z</time></trkpt><trkpt lat="59.179560" lon="11.521979"><ele>0.000000</ele><time>2026-09-14T12:37:59.059Z</time></trkpt><trkpt lat="59.179546" lon="11.521993"><ele>0.000000</ele><time>2026-09-14T12:38:00.000Z</time></trkpt><trkpt lat="59.179531" lon="11.522008"><ele>0.000000</ele><time>2026-09-14T12:38:01.001Z</time></trkpt><trkpt lat="59.179518" lon="11.522023"><ele>0.000000</ele><time>2026-09-14T12:38:02.002Z</time></trkpt><trkpt lat="59.179503" lon="11.522038"><ele>0.000000</ele><time>2026-09-14T12:38:03.003Z</time></trkpt><trkpt lat="59.179489" lon="11.522053"><ele>0.000000</ele><time>2026-09-14T12:38:04.004Z</time></trkpt><trkpt lat="59.179474" lon="11.522067"><ele>0.000000</ele><time>2026-09-14T12:38:05.005Z</time></trkpt><trkpt lat="59.179460" lon="11.522081"><ele>0.000000</ele><time>2026-09-14T12:38:06.006Z</time></trkpt><trkpt lat="59.179444" lon="11.522093"><ele>0.000000</ele><time>2026-09-14T12:38:07.007Z</time></trkpt><trkpt lat="59.179416" lon="11.522118"><ele>0.000000</ele><time>2026-09-14T12:38:09.009Z</time></trkpt><trkpt lat="59.179402" lon="11.522129"><ele>0.000000</ele><time>2026-09-14T12:38:10.010Z</time></trkpt><trkpt lat="59.179387" lon="11.522141"><ele>0.000000</ele><time>2026-09-14T12:38:11.011Z</time></trkpt><trkpt lat="59.179372" lon="11.522154"><ele>0.000000</ele><time>2026-09-14T12:38:12.012Z</time></trkpt><trkpt lat="59.179358" lon="11.522168"><ele>0.000000</ele><time>2026-09-14T12:38:13.013Z</time></trkpt><trkpt lat="59.179345" lon="11.522181"><ele>0.000000</ele><time>2026-09-14T12:38:14.014Z</time></trkpt><trkpt lat="59.179332" lon="11.522197"><ele>0.000000</ele><time>2026-09-14T12:38:15.015Z</time></trkpt><trkpt lat="59.179319" lon="11.522214"><ele>0.000000</ele><time>2026-09-14T12:38:16.016Z</time></trkpt><trkpt lat="59.179307" lon="11.522227"><ele>0.000000</ele><time>2026-09-14T12:38:17.017Z</time></trkpt><trkpt lat="59.179283" lon="11.522253"><ele>0.000000</ele><time>2026-09-14T12:38:19.019Z</time></trkpt><trkpt lat="59.179263" lon="11.522276"><ele>0.000000</ele><time>2026-09-14T12:38:21.021Z</time></trkpt><trkpt lat="59.179253" lon="11.522286"><ele>0.000000</ele><time>2026-09-14T12:38:22.022Z</time></trkpt><trkpt lat="59.179243" lon="11.522298"><ele>0.000000</ele><time>2026-09-14T12:38:23.023Z</time></trkpt><trkpt lat="59.179232" lon="11.522310"><ele>0.000000</ele><time>2026-09-14T12:38:24.024Z</time></trkpt><trkpt lat="59.179222" lon="11.522322"><ele>0.000000</ele><time>2026-09-14T12:38:25.025Z</time></trkpt><trkpt lat="59.179209" lon="11.522334"><ele>0.000000</ele><time>2026-09-14T12:38:26.026Z</time></trkpt><trkpt lat="59.179198" lon="11.522347"><ele>0.000000</ele><time>2026-09-14T12:38:27.027Z</time></trkpt><trkpt lat="59.179185" lon="11.522361"><ele>0.000000</ele><time>2026-09-14T12:38:28.028Z</time></trkpt><trkpt lat="59.179159" lon="11.522387"><ele>0.000000</ele><time>2026-09-14T12:38:30.030Z</time></trkpt><trkpt lat="59.179130" lon="11.522409"><ele>0.000000</ele><time>2026-09-14T12:38:32.032Z</time></trkpt><trkpt lat="59.179115" lon="11.522421"><ele>0.000000</ele><time>2026-09-14T12:38:33.033Z</time></trkpt><trkpt lat="59.179099" lon="11.522433"><ele>0.000000</ele><time>2026-09-14T12:38:34.034Z</time></trkpt><trkpt lat="59.179085" lon="11.522445"><ele>0.000000</ele><time>2026-09-14T12:38:35.035Z</time></trkpt><trkpt lat="59.179069" lon="11.522459"><ele>0.000000</ele><time>2026-09-14T12:38:36.036Z</time></trkpt><trkpt lat="59.179054" lon="11.522471"><ele>0.000000</ele><time>2026-09-14T12:38:37.037Z</time></trkpt><trkpt lat="59.179038" lon="11.522483"><ele>0.000000</ele><time>2026-09-14T12:38:38.038Z</time></trkpt><trkpt lat="59.179023" lon="11.522496"><ele>0.000000</ele><time>2026-09-14T12:38:39.039Z</time></trkpt><trkpt lat="59.179007" lon="11.522507"><ele>0.000000</ele><time>2026-09-14T12:38:40.040Z</time></trkpt><trkpt lat="59.178991" lon="11.522518"><ele>0.000000</ele><time>2026-09-14T12:38:41.041Z</time></trkpt><trkpt lat="59.178975" lon="11.522530"><ele>0.000000</ele><time>2026-09-14T12:38:42.042Z</time></trkpt><trkpt lat="59.178959" lon="11.522541"><ele>0.000000</ele><time>2026-09-14T12:38:43.043Z</time></trkpt><trkpt lat="59.178943" lon="11.522553"><ele>0.000000</ele><time>2026-09-14T12:38:44.044Z</time></trkpt><trkpt lat="59.178928" lon="11.522565"><ele>0.000000</ele><time>2026-09-14T12:38:45.045Z</time></trkpt><trkpt lat="59.178912" lon="11.522577"><ele>0.000000</ele><time>2026-09-14T12:38:46.046Z</time></trkpt><trkpt lat="59.178897" lon="11.522590"><ele>0.000000</ele><time>2026-09-14T12:38:47.047Z</time></trkpt><trkpt lat="59.178882" lon="11.522602"><ele>0.000000</ele><time>2026-09-14T12:38:48.048Z</time></trkpt><trkpt lat="59.178867" lon="11.522614"><ele>0.000000</ele><time>2026-09-14T12:38:49.049Z</time></trkpt><trkpt lat="59.178852" lon="11.522627"><ele>0.000000</ele><time>2026-09-14T12:38:50.050Z</time></trkpt><trkpt lat="59.178837" lon="11.522639"><ele>0.000000</ele><time>2026-09-14T12:38:51.051Z</time></trkpt><trkpt lat="59.178822" lon="11.522652"><ele>0.000000</ele><time>2026-09-14T12:38:52.052Z</time></trkpt><trkpt lat="59.178807" lon="11.522665"><ele>0.000000</ele><time>2026-09-14T12:38:53.053Z</time></trkpt><trkpt lat="59.178792" lon="11.522677"><ele>0.000000</ele><time>2026-09-14T12:38:54.054Z</time></trkpt><trkpt lat="59.178776" lon="11.522690"><ele>0.000000</ele><time>2026-09-14T12:38:55.055Z</time></trkpt><trkpt lat="59.178761" lon="11.522703"><ele>0.000000</ele><time>2026-09-14T12:38:56.056Z</time></trkpt><trkpt lat="59.178746" lon="11.522716"><ele>0.000000</ele><time>2026-09-14T12:38:57.057Z</time></trkpt><trkpt lat="59.178730" lon="11.522730"><ele>0.000000</ele><time>2026-09-14T12:38:58.058Z</time></trkpt><trkpt lat="59.178715" lon="11.522743"><ele>0.000000</ele><time>2026-09-14T12:38:59.059Z</time></trkpt><trkpt lat="59.178701" lon="11.522757"><ele>0.000000</ele><time>2026-09-14T12:39:00.000Z</time></trkpt><trkpt lat="59.178687" lon="11.522771"><ele>0.000000</ele><time>2026-09-14T12:39:01.001Z</time></trkpt><trkpt lat="59.178673" lon="11.522784"><ele>0.000000</ele><time>2026-09-14T12:39:02.002Z</time></trkpt><trkpt lat="59.178659" lon="11.522795"><ele>0.000000</ele><time>2026-09-14T12:39:03.003Z</time></trkpt><trkpt lat="59.178645" lon="11.522807"><ele>0.000000</ele><time>2026-09-14T12:39:04.004Z</time></trkpt><trkpt lat="59.178630" lon="11.522818"><ele>0.000000</ele><time>2026-09-14T12:39:05.005Z</time></trkpt><trkpt lat="59.178602" lon="11.522841"><ele>0.000000</ele><time>2026-09-14T12:39:07.007Z</time></trkpt><trkpt lat="59.178587" lon="11.522853"><ele>0.000000</ele><time>2026-09-14T12:39:08.008Z</time></trkpt><trkpt lat="59.178572" lon="11.522865"><ele>0.000000</ele><time>2026-09-14T12:39:09.009Z</time></trkpt><trkpt lat="59.178558" lon="11.522878"><ele>0.000000</ele><time>2026-09-14T12:39:10.010Z</time></trkpt><trkpt lat="59.178543" lon="11.522893"><ele>0.000000</ele><time>2026-09-14T12:39:11.011Z</time></trkpt><trkpt lat="59.178530" lon="11.522906"><ele>0.000000</ele><time>2026-09-14T12:39:12.012Z</time></trkpt><trkpt lat="59.178515" lon="11.522920"><ele>0.000000</ele><time>2026-09-14T12:39:13.013Z</time></trkpt><trkpt lat="59.178500" lon="11.522931"><ele>0.000000</ele><time>2026-09-14T12:39:14.014Z</time></trkpt><trkpt lat="59.178486" lon="11.522942"><ele>0.000000</ele><time>2026-09-14T12:39:15.015Z</time></trkpt><trkpt lat="59.178471" lon="11.522954"><ele>0.000000</ele><time>2026-09-14T12:39:16.016Z</time></trkpt><trkpt lat="59.178457" lon="11.522966"><ele>0.000000</ele><time>2026-09-14T12:39:17.017Z</time></trkpt><trkpt lat="59.178442" lon="11.522977"><ele>0.000000</ele><time>2026-09-14T12:39:18.018Z</time></trkpt><trkpt lat="59.178428" lon="11.522989"><ele>0.000000</ele><time>2026-09-14T12:39:19.019Z</time></trkpt><trkpt lat="59.178414" lon="11.523001"><ele>0.000000</ele><time>2026-09-14T12:39:20.020Z</time></trkpt><trkpt lat="59.178401" lon="11.523012"><ele>0.000000</ele><time>2026-09-14T12:39:21.021Z</time></trkpt><trkpt lat="59.178388" lon="11.523024"><ele>0.000000</ele><time>2026-09-14T12:39:22.022Z</time></trkpt><trkpt lat="59.178374" lon="11.523037"><ele>0.000000</ele><time>2026-09-14T12:39:23.023Z</time></trkpt><trkpt lat="59.178360" lon="11.523050"><ele>0.000000</ele><time>2026-09-14T12:39:24.024Z</time></trkpt><trkpt lat="59.178346" lon="11.523063"><ele>0.000000</ele><time>2026-09-14T12:39:25.025Z</time></trkpt><trkpt lat="59.178331" lon="11.523077"><ele>0.000000</ele><time>2026-09-14T12:39:26.026Z</time></trkpt><trkpt lat="59.178317" lon="11.523089"><ele>0.000000</ele><time>2026-09-14T12:39:27.027Z</time></trkpt><trkpt lat="59.178302" lon="11.523103"><ele>0.000000</ele><time>2026-09-14T12:39:28.028Z</time></trkpt><trkpt lat="59.178288" lon="11.523116"><ele>0.000000</ele><time>2026-09-14T12:39:29.029Z</time></trkpt><trkpt lat="59.178273" lon="11.523129"><ele>0.000000</ele><time>2026-09-14T12:39:30.030Z</time></trkpt><trkpt lat="59.178259" lon="11.523141"><ele>0.000000</ele><time>2026-09-14T12:39:31.031Z</time></trkpt><trkpt lat="59.178244" lon="11.523153"><ele>0.000000</ele><time>2026-09-14T12:39:32.032Z</time></trkpt><trkpt lat="59.178229" lon="11.523164"><ele>0.000000</ele><time>2026-09-14T12:39:33.033Z</time></trkpt><trkpt lat="59.178215" lon="11.523178"><ele>0.000000</ele><time>2026-09-14T12:39:34.034Z</time></trkpt><trkpt lat="59.178201" lon="11.523190"><ele>0.000000</ele><time>2026-09-14T12:39:35.035Z</time></trkpt><trkpt lat="59.178187" lon="11.523203"><ele>0.000000</ele><time>2026-09-14T12:39:36.036Z</time></trkpt><trkpt lat="59.178172" lon="11.523215"><ele>0.000000</ele><time>2026-09-14T12:39:37.037Z</time></trkpt><trkpt lat="59.178158" lon="11.523228"><ele>0.000000</ele><time>2026-09-14T12:39:38.038Z</time></trkpt><trkpt lat="59.178144" lon="11.523242"><ele>0.000000</ele><time>2026-09-14T12:39:39.039Z</time></trkpt><trkpt lat="59.178129" lon="11.523254"><ele>0.000000</ele><time>2026-09-14T12:39:40.040Z</time></trkpt><trkpt lat="59.178115" lon="11.523266"><ele>0.000000</ele><time>2026-09-14T12:39:41.041Z</time></trkpt><trkpt lat="59.178101" lon="11.523278"><ele>0.000000</ele><time>2026-09-14T12:39:42.042Z</time></trkpt><trkpt lat="59.178087" lon="11.523291"><ele>0.000000</ele><time>2026-09-14T12:39:43.043Z</time></trkpt><trkpt lat="59.178072" lon="11.523304"><ele>0.000000</ele><time>2026-09-14T12:39:44.044Z</time></trkpt><trkpt lat="59.178058" lon="11.523317"><ele>0.000000</ele><time>2026-09-14T12:39:45.045Z</time></trkpt><trkpt lat="59.178045" lon="11.523332"><ele>0.000000</ele><time>2026-09-14T12:39:46.046Z</time></trkpt><trkpt lat="59.178032" lon="11.523347"><ele>0.000000</ele><time>2026-09-14T12:39:47.047Z</time></trkpt><trkpt lat="59.178018" lon="11.523361"><ele>0.000000</ele><time>2026-09-14T12:39:48.048Z</time></trkpt><trkpt lat="59.178005" lon="11.523374"><ele>0.000000</ele><time>2026-09-14T12:39:49.049Z</time></trkpt><trkpt lat="59.177991" lon="11.523386"><ele>0.000000</ele><time>2026-09-14T12:39:50.050Z</time></trkpt><trkpt lat="59.177978" lon="11.523398"><ele>0.000000</ele><time>2026-09-14T12:39:51.051Z</time></trkpt><trkpt lat="59.177965" lon="11.523411"><ele>0.000000</ele><time>2026-09-14T12:39:52.052Z</time></trkpt><trkpt lat="59.177952" lon="11.523422"><ele>0.000000</ele><time>2026-09-14T12:39:53.053Z</time></trkpt><trkpt lat="59.177940" lon="11.523433"><ele>0.000000</ele><time>2026-09-14T12:39:54.054Z</time></trkpt><trkpt lat="59.177927" lon="11.523444"><ele>0.000000</ele><time>2026-09-14T12:39:55.055Z</time></trkpt><trkpt lat="59.177913" lon="11.523455"><ele>0.000000</ele><time>2026-09-14T12:39:56.056Z</time></trkpt><trkpt lat="59.177900" lon="11.523467"><ele>0.000000</ele><time>2026-09-14T12:39:57.057Z</time></trkpt><trkpt lat="59.177887" lon="11.523477"><ele>0.000000</ele><time>2026-09-14T12:39:58.058Z</time></trkpt><trkpt lat="59.177873" lon="11.523488"><ele>0.000000</ele><time>2026-09-14T12:39:59.059Z</time></trkpt><trkpt lat="59.177859" lon="11.523499"><ele>0.000000</ele><time>2026-09-14T12:40:00.000Z</time></trkpt><trkpt lat="59.177844" lon="11.523510"><ele>0.000000</ele><time>2026-09-14T12:40:01.001Z</time></trkpt><trkpt lat="59.177829" lon="11.523522"><ele>0.000000</ele><time>2026-09-14T12:40:02.002Z</time></trkpt><trkpt lat="59.177815" lon="11.523535"><ele>0.000000</ele><time>2026-09-14T12:40:03.003Z</time></trkpt><trkpt lat="59.177801" lon="11.523547"><ele>0.000000</ele><time>2026-09-14T12:40:04.004Z</time></trkpt><trkpt lat="59.177786" lon="11.523557"><ele>0.000000</ele><time>2026-09-14T12:40:05.005Z</time></trkpt><trkpt lat="59.177772" lon="11.523568"><ele>0.000000</ele><time>2026-09-14T12:40:06.006Z</time></trkpt><trkpt lat="59.177759" lon="11.523579"><ele>0.000000</ele><time>2026-09-14T12:40:07.007Z</time></trkpt><trkpt lat="59.177745" lon="11.523588"><ele>0.000000</ele><time>2026-09-14T12:40:08.008Z</time></trkpt><trkpt lat="59.177731" lon="11.523597"><ele>0.000000</ele><time>2026-09-14T12:40:09.009Z</time></trkpt><trkpt lat="59.177716" lon="11.523607"><ele>0.000000</ele><time>2026-09-14T12:40:10.010Z</time></trkpt><trkpt lat="59.177702" lon="11.523619"><ele>0.000000</ele><time>2026-09-14T12:40:11.011Z</time></trkpt><trkpt lat="59.177688" lon="11.523630"><ele>0.000000</ele><time>2026-09-14T12:40:12.012Z</time></trkpt><trkpt lat="59.177673" lon="11.523642"><ele>0.000000</ele><time>2026-09-14T12:40:13.013Z</time></trkpt><trkpt lat="59.177659" lon="11.523653"><ele>0.000000</ele><time>2026-09-14T12:40:14.014Z</time></trkpt><trkpt lat="59.177644" lon="11.523663"><ele>0.000000</ele><time>2026-09-14T12:40:15.015Z</time></trkpt><trkpt lat="59.177629" lon="11.523675"><ele>0.000000</ele><time>2026-09-14T12:40:16.016Z</time></trkpt><trkpt lat="59.177614" lon="11.523685"><ele>0.000000</ele><time>2026-09-14T12:40:17.017Z</time></trkpt><trkpt lat="59.177600" lon="11.523697"><ele>0.000000</ele><time>2026-09-14T12:40:18.018Z</time></trkpt><trkpt lat="59.177587" lon="11.523709"><ele>0.000000</ele><time>2026-09-14T12:40:19.019Z</time></trkpt><trkpt lat="59.177573" lon="11.523721"><ele>0.000000</ele><time>2026-09-14T12:40:20.020Z</time></trkpt><trkpt lat="59.177559" lon="11.523732"><ele>0.000000</ele><time>2026-09-14T12:40:21.021Z</time></trkpt><trkpt lat="59.177544" lon="11.523744"><ele>0.000000</ele><time>2026-09-14T12:40:22.022Z</time></trkpt><trkpt lat="59.177530" lon="11.523758"><ele>0.000000</ele><time>2026-09-14T12:40:23.023Z</time></trkpt><trkpt lat="59.177515" lon="11.523771"><ele>0.000000</ele><time>2026-09-14T12:40:24.024Z</time></trkpt><trkpt lat="59.177501" lon="11.523784"><ele>0.000000</ele><time>2026-09-14T12:40:25.025Z</time></trkpt><trkpt lat="59.177486" lon="11.523798"><ele>0.000000</ele><time>2026-09-14T12:40:26.026Z</time></trkpt><trkpt lat="59.177471" lon="11.523812"><ele>0.000000</ele><time>2026-09-14T12:40:27.027Z</time></trkpt><trkpt lat="59.177457" lon="11.523826"><ele>0.000000</ele><time>2026-09-14T12:40:28.028Z</time></trkpt><trkpt lat="59.177442" lon="11.523839"><ele>0.000000</ele><time>2026-09-14T12:40:29.029Z</time></trkpt><trkpt lat="59.177427" lon="11.523852"><ele>0.000000</ele><time>2026-09-14T12:40:30.030Z</time></trkpt><trkpt lat="59.177411" lon="11.523866"><ele>0.000000</ele><time>2026-09-14T12:40:31.031Z</time></trkpt><trkpt lat="59.177396" lon="11.523878"><ele>0.000000</ele><time>2026-09-14T12:40:32.032Z</time></trkpt><trkpt lat="59.177381" lon="11.523890"><ele>0.000000</ele><time>2026-09-14T12:40:33.033Z</time></trkpt><trkpt lat="59.177366" lon="11.523903"><ele>0.000000</ele><time>2026-09-14T12:40:34.034Z</time></trkpt><trkpt lat="59.177350" lon="11.523915"><ele>0.000000</ele><time>2026-09-14T12:40:35.035Z</time></trkpt><trkpt lat="59.177335" lon="11.523928"><ele>0.000000</ele><time>2026-09-14T12:40:36.036Z</time></trkpt><trkpt lat="59.177319" lon="11.523942"><ele>0.000000</ele><time>2026-09-14T12:40:37.037Z</time></trkpt><trkpt lat="59.177304" lon="11.523955"><ele>0.000000</ele><time>2026-09-14T12:40:38.038Z</time></trkpt><trkpt lat="59.177288" lon="11.523970"><ele>0.000000</ele><time>2026-09-14T12:40:39.039Z</time></trkpt><trkpt lat="59.177273" lon="11.523984"><ele>0.000000</ele><time>2026-09-14T12:40:40.040Z</time></trkpt><trkpt lat="59.177258" lon="11.523999"><ele>0.000000</ele><time>2026-09-14T12:40:41.041Z</time></trkpt><trkpt lat="59.177243" lon="11.524014"><ele>0.000000</ele><time>2026-09-14T12:40:42.042Z</time></trkpt><trkpt lat="59.177228" lon="11.524029"><ele>0.000000</ele><time>2026-09-14T12:40:43.043Z</time></trkpt><trkpt lat="59.177214" lon="11.524045"><ele>0.000000</ele><time>2026-09-14T12:40:44.044Z</time></trkpt><trkpt lat="59.177199" lon="11.524062"><ele>0.000000</ele><time>2026-09-14T12:40:45.045Z</time></trkpt><trkpt lat="59.177185" lon="11.524078"><ele>0.000000</ele><time>2026-09-14T12:40:46.046Z</time></trkpt><trkpt lat="59.177170" lon="11.524095"><ele>0.000000</ele><time>2026-09-14T12:40:47.047Z</time></trkpt><trkpt lat="59.177157" lon="11.524112"><ele>0.000000</ele><time>2026-09-14T12:40:48.048Z</time></trkpt><trkpt lat="59.177143" lon="11.524129"><ele>0.000000</ele><time>2026-09-14T12:40:49.049Z</time></trkpt><trkpt lat="59.177128" lon="11.524146"><ele>0.000000</ele><time>2026-09-14T12:40:50.050Z</time></trkpt><trkpt lat="59.177113" lon="11.524163"><ele>0.000000</ele><time>2026-09-14T12:40:51.051Z</time></trkpt><trkpt lat="59.177098" lon="11.524181"><ele>0.000000</ele><time>2026-09-14T12:40:52.052Z</time></trkpt><trkpt lat="59.177083" lon="11.524197"><ele>0.000000</ele><time>2026-09-14T12:40:53.053Z</time></trkpt><trkpt lat="59.177068" lon="11.524213"><ele>0.000000</ele><time>2026-09-14T12:40:54.054Z</time></trkpt><trkpt lat="59.177053" lon="11.524229"><ele>0.000000</ele><time>2026-09-14T12:40:55.055Z</time></trkpt><trkpt lat="59.177038" lon="11.524244"><ele>0.000000</ele><time>2026-09-14T12:40:56.056Z</time></trkpt><trkpt lat="59.177023" lon="11.524258"><ele>0.000000</ele><time>2026-09-14T12:40:57.057Z</time></trkpt><trkpt lat="59.177008" lon="11.524272"><ele>0.000000</ele><time>2026-09-14T12:40:58.058Z</time></trkpt><trkpt lat="59.176993" lon="11.524285"><ele>0.000000</ele><time>2026-09-14T12:40:59.059Z</time></trkpt><trkpt lat="59.176977" lon="11.524298"><ele>0.000000</ele><time>2026-09-14T12:41:00.000Z</time></trkpt><trkpt lat="59.176962" lon="11.524312"><ele>0.000000</ele><time>2026-09-14T12:41:01.001Z</time></trkpt><trkpt lat="59.176946" lon="11.524325"><ele>0.000000</ele><time>2026-09-14T12:41:02.002Z</time></trkpt><trkpt lat="59.176931" lon="11.524337"><ele>0.000000</ele><time>2026-09-14T12:41:03.003Z</time></trkpt><trkpt lat="59.176915" lon="11.524350"><ele>0.000000</ele><time>2026-09-14T12:41:04.004Z</time></trkpt><trkpt lat="59.176899" lon="11.524362"><ele>0.000000</ele><time>2026-09-14T12:41:05.005Z</time></trkpt><trkpt lat="59.176883" lon="11.524374"><ele>0.000000</ele><time>2026-09-14T12:41:06.006Z</time></trkpt><trkpt lat="59.176867" lon="11.524387"><ele>0.000000</ele><time>2026-09-14T12:41:07.007Z</time></trkpt><trkpt lat="59.176852" lon="11.524398"><ele>0.000000</ele><time>2026-09-14T12:41:08.008Z</time></trkpt><trkpt lat="59.176835" lon="11.524410"><ele>0.000000</ele><time>2026-09-14T12:41:09.009Z</time></trkpt><trkpt lat="59.176820" lon="11.524421"><ele>0.000000</ele><time>2026-09-14T12:41:10.010Z</time></trkpt><trkpt lat="59.176804" lon="11.524432"><ele>0.000000</ele><time>2026-09-14T12:41:11.011Z</time></trkpt><trkpt lat="59.176789" lon="11.524444"><ele>0.000000</ele><time>2026-09-14T12:41:12.012Z</time></trkpt><trkpt lat="59.176772" lon="11.524457"><ele>0.000000</ele><time>2026-09-14T12:41:13.013Z</time></trkpt><trkpt lat="59.176757" lon="11.524470"><ele>0.000000</ele><time>2026-09-14T12:41:14.014Z</time></trkpt><trkpt lat="59.176741" lon="11.524483"><ele>0.000000</ele><time>2026-09-14T12:41:15.015Z</time></trkpt><trkpt lat="59.176727" lon="11.524496"><ele>0.000000</ele><time>2026-09-14T12:41:16.016Z</time></trkpt><trkpt lat="59.176711" lon="11.524507"><ele>0.000000</ele><time>2026-09-14T12:41:17.017Z</time></trkpt><trkpt lat="59.176696" lon="11.524519"><ele>0.000000</ele><time>2026-09-14T12:41:18.018Z</time></trkpt><trkpt lat="59.176681" lon="11.524530"><ele>0.000000</ele><time>2026-09-14T12:41:19.019Z</time></trkpt><trkpt lat="59.176665" lon="11.524542"><ele>0.000000</ele><time>2026-09-14T12:41:20.020Z</time></trkpt><trkpt lat="59.176649" lon="11.524553"><ele>0.000000</ele><time>2026-09-14T12:41:21.021Z</time></trkpt><trkpt lat="59.176634" lon="11.524565"><ele>0.000000</ele><time>2026-09-14T12:41:22.022Z</time></trkpt><trkpt lat="59.176619" lon="11.524577"><ele>0.000000</ele><time>2026-09-14T12:41:23.023Z</time></trkpt><trkpt lat="59.176604" lon="11.524590"><ele>0.000000</ele><time>2026-09-14T12:41:24.024Z</time></trkpt><trkpt lat="59.176589" lon="11.524601"><ele>0.000000</ele><time>2026-09-14T12:41:25.025Z</time></trkpt><trkpt lat="59.176574" lon="11.524613"><ele>0.000000</ele><time>2026-09-14T12:41:26.026Z</time></trkpt><trkpt lat="59.176559" lon="11.524625"><ele>0.000000</ele><time>2026-09-14T12:41:27.027Z</time></trkpt><trkpt lat="59.176544" lon="11.524636"><ele>0.000000</ele><time>2026-09-14T12:41:28.028Z</time></trkpt><trkpt lat="59.176529" lon="11.524648"><ele>0.000000</ele><time>2026-09-14T12:41:29.029Z</time></trkpt><trkpt lat="59.176515" lon="11.524659"><ele>0.000000</ele><time>2026-09-14T12:41:30.030Z</time></trkpt><trkpt lat="59.176500" lon="11.524670"><ele>0.000000</ele><time>2026-09-14T12:41:31.031Z</time></trkpt><trkpt lat="59.176486" lon="11.524679"><ele>0.000000</ele><time>2026-09-14T12:41:32.032Z</time></trkpt><trkpt lat="59.176471" lon="11.524689"><ele>0.000000</ele><time>2026-09-14T12:41:33.033Z</time></trkpt><trkpt lat="59.176456" lon="11.524700"><ele>0.000000</ele><time>2026-09-14T12:41:34.034Z</time></trkpt><trkpt lat="59.176441" lon="11.524710"><ele>0.000000</ele><time>2026-09-14T12:41:35.035Z</time></trkpt><trkpt lat="59.176426" lon="11.524722"><ele>0.000000</ele><time>2026-09-14T12:41:36.036Z</time></trkpt><trkpt lat="59.176411" lon="11.524734"><ele>0.000000</ele><time>2026-09-14T12:41:37.037Z</time></trkpt><trkpt lat="59.176396" lon="11.524746"><ele>0.000000</ele><time>2026-09-14T12:41:38.038Z</time></trkpt><trkpt lat="59.176381" lon="11.524758"><ele>0.000000</ele><time>2026-09-14T12:41:39.039Z</time></trkpt><trkpt lat="59.176365" lon="11.524770"><ele>0.000000</ele><time>2026-09-14T12:41:40.040Z</time></trkpt><trkpt lat="59.176351" lon="11.524783"><ele>0.000000</ele><time>2026-09-14T12:41:41.041Z</time></trkpt><trkpt lat="59.176337" lon="11.524796"><ele>0.000000</ele><time>2026-09-14T12:41:42.042Z</time></trkpt><trkpt lat="59.176323" lon="11.524810"><ele>0.000000</ele><time>2026-09-14T12:41:43.043Z</time></trkpt><trkpt lat="59.176309" lon="11.524823"><ele>0.000000</ele><time>2026-09-14T12:41:44.044Z</time></trkpt><trkpt lat="59.176294" lon="11.524837"><ele>0.000000</ele><time>2026-09-14T12:41:45.045Z</time></trkpt><trkpt lat="59.176278" lon="11.524852"><ele>0.000000</ele><time>2026-09-14T12:41:46.046Z</time></trkpt><trkpt lat="59.176248" lon="11.524877"><ele>0.000000</ele><time>2026-09-14T12:41:48.048Z</time></trkpt><trkpt lat="59.176233" lon="11.524890"><ele>0.000000</ele><time>2026-09-14T12:41:49.049Z</time></trkpt><trkpt lat="59.176217" lon="11.524903"><ele>0.000000</ele><time>2026-09-14T12:41:50.050Z</time></trkpt><trkpt lat="59.176201" lon="11.524914"><ele>0.000000</ele><time>2026-09-14T12:41:51.051Z</time></trkpt><trkpt lat="59.176186" lon="11.524924"><ele>0.000000</ele><time>2026-09-14T12:41:52.052Z</time></trkpt><trkpt lat="59.176170" lon="11.524935"><ele>0.000000</ele><time>2026-09-14T12:41:53.053Z</time></trkpt><trkpt lat="59.176154" lon="11.524945"><ele>0.000000</ele><time>2026-09-14T12:41:54.054Z</time></trkpt><trkpt lat="59.176136" lon="11.524956"><ele>0.000000</ele><time>2026-09-14T12:41:55.055Z</time></trkpt><trkpt lat="59.176120" lon="11.524966"><ele>0.000000</ele><time>2026-09-14T12:41:56.056Z</time></trkpt><trkpt lat="59.176103" lon="11.524974"><ele>0.000000</ele><time>2026-09-14T12:41:57.057Z</time></trkpt><trkpt lat="59.176088" lon="11.524983"><ele>0.000000</ele><time>2026-09-14T12:41:58.058Z</time></trkpt><trkpt lat="59.176072" lon="11.524992"><ele>0.000000</ele><time>2026-09-14T12:41:59.059Z</time></trkpt><trkpt lat="59.176058" lon="11.525000"><ele>0.000000</ele><time>2026-09-14T12:42:00.000Z</time></trkpt><trkpt lat="59.176043" lon="11.525009"><ele>0.000000</ele><time>2026-09-14T12:42:01.001Z</time></trkpt><trkpt lat="59.176028" lon="11.525016"><ele>0.000000</ele><time>2026-09-14T12:42:02.002Z</time></trkpt><trkpt lat="59.176012" lon="11.525024"><ele>0.000000</ele><time>2026-09-14T12:42:03.003Z</time></trkpt><trkpt lat="59.175998" lon="11.525031"><ele>0.000000</ele><time>2026-09-14T12:42:04.004Z</time></trkpt><trkpt lat="59.175983" lon="11.525038"><ele>0.000000</ele><time>2026-09-14T12:42:05.005Z</time></trkpt><trkpt lat="59.175969" lon="11.525045"><ele>0.000000</ele><time>2026-09-14T12:42:06.006Z</time></trkpt><trkpt lat="59.175955" lon="11.525052"><ele>0.000000</ele><time>2026-09-14T12:42:07.007Z</time></trkpt><trkpt lat="59.175941" lon="11.525060"><ele>0.000000</ele><time>2026-09-14T12:42:08.008Z</time></trkpt><trkpt lat="59.175926" lon="11.525068"><ele>0.000000</ele><time>2026-09-14T12:42:09.009Z</time></trkpt><trkpt lat="59.175912" lon="11.525078"><ele>0.000000</ele><time>2026-09-14T12:42:10.010Z</time></trkpt><trkpt lat="59.175897" lon="11.525088"><ele>0.000000</ele><time>2026-09-14T12:42:11.011Z</time></trkpt><trkpt lat="59.175882" lon="11.525098"><ele>0.000000</ele><time>2026-09-14T12:42:12.012Z</time></trkpt><trkpt lat="59.175867" lon="11.525107"><ele>0.000000</ele><time>2026-09-14T12:42:13.013Z</time></trkpt><trkpt lat="59.175851" lon="11.525115"><ele>0.000000</ele><time>2026-09-14T12:42:14.014Z</time></trkpt><trkpt lat="59.175836" lon="11.525123"><ele>0.000000</ele><time>2026-09-14T12:42:15.015Z</time></trkpt><trkpt lat="59.175820" lon="11.525131"><ele>0.000000</ele><time>2026-09-14T12:42:16.016Z</time></trkpt><trkpt lat="59.175805" lon="11.525138"><ele>0.000000</ele><time>2026-09-14T12:42:17.017Z</time></trkpt><trkpt lat="59.175790" lon="11.525146"><ele>0.000000</ele><time>2026-09-14T12:42:18.018Z</time></trkpt><trkpt lat="59.175775" lon="11.525153"><ele>0.000000</ele><time>2026-09-14T12:42:19.019Z</time></trkpt><trkpt lat="59.175760" lon="11.525159"><ele>0.000000</ele><time>2026-09-14T12:42:20.020Z</time></trkpt><trkpt lat="59.175746" lon="11.525167"><ele>0.000000</ele><time>2026-09-14T12:42:21.021Z</time></trkpt><trkpt lat="59.175732" lon="11.525176"><ele>0.000000</ele><time>2026-09-14T12:42:22.022Z</time></trkpt><trkpt lat="59.175719" lon="11.525184"><ele>0.000000</ele><time>2026-09-14T12:42:23.023Z</time></trkpt><trkpt lat="59.175705" lon="11.525192"><ele>0.000000</ele><time>2026-09-14T12:42:24.024Z</time></trkpt><trkpt lat="59.175691" lon="11.525201"><ele>0.000000</ele><time>2026-09-14T12:42:25.025Z</time></trkpt><trkpt lat="59.175678" lon="11.525210"><ele>0.000000</ele><time>2026-09-14T12:42:26.026Z</time></trkpt><trkpt lat="59.175665" lon="11.525218"><ele>0.000000</ele><time>2026-09-14T12:42:27.027Z</time></trkpt><trkpt lat="59.175652" lon="11.525224"><ele>0.000000</ele><time>2026-09-14T12:42:28.028Z</time></trkpt><trkpt lat="59.175637" lon="11.525230"><ele>0.000000</ele><time>2026-09-14T12:42:29.029Z</time></trkpt><trkpt lat="59.175622" lon="11.525236"><ele>0.000000</ele><time>2026-09-14T12:42:30.030Z</time></trkpt><trkpt lat="59.175607" lon="11.525242"><ele>0.000000</ele><time>2026-09-14T12:42:31.031Z</time></trkpt><trkpt lat="59.175576" lon="11.525254"><ele>0.000000</ele><time>2026-09-14T12:42:33.033Z</time></trkpt><trkpt lat="59.175560" lon="11.525261"><ele>0.000000</ele><time>2026-09-14T12:42:34.034Z</time></trkpt><trkpt lat="59.175543" lon="11.525266"><ele>0.000000</ele><time>2026-09-14T12:42:34.034Z</time></trkpt><trkpt lat="59.175527" lon="11.525272"><ele>0.000000</ele><time>2026-09-14T12:42:35.035Z</time></trkpt><trkpt lat="59.175510" lon="11.525279"><ele>0.000000</ele><time>2026-09-14T12:42:36.036Z</time></trkpt><trkpt lat="59.175494" lon="11.525285"><ele>0.000000</ele><time>2026-09-14T12:42:37.037Z</time></trkpt><trkpt lat="59.175477" lon="11.525291"><ele>0.000000</ele><time>2026-09-14T12:42:38.038Z</time></trkpt><trkpt lat="59.175460" lon="11.525297"><ele>0.000000</ele><time>2026-09-14T12:42:39.039Z</time></trkpt><trkpt lat="59.175443" lon="11.525304"><ele>0.000000</ele><time>2026-09-14T12:42:40.040Z</time></trkpt><trkpt lat="59.175426" lon="11.525311"><ele>0.000000</ele><time>2026-09-14T12:42:41.041Z</time></trkpt><trkpt lat="59.175410" lon="11.525319"><ele>0.000000</ele><time>2026-09-14T12:42:42.042Z</time></trkpt><trkpt lat="59.175393" lon="11.525326"><ele>0.000000</ele><time>2026-09-14T12:42:43.043Z</time></trkpt><trkpt lat="59.175378" lon="11.525333"><ele>0.000000</ele><time>2026-09-14T12:42:44.044Z</time></trkpt><trkpt lat="59.175362" lon="11.525340"><ele>0.000000</ele><time>2026-09-14T12:42:45.045Z</time></trkpt><trkpt lat="59.175346" lon="11.525346"><ele>0.000000</ele><time>2026-09-14T12:42:46.046Z</time></trkpt><trkpt lat="59.175330" lon="11.525350"><ele>0.000000</ele><time>2026-09-14T12:42:47.047Z</time></trkpt><trkpt lat="59.175315" lon="11.525354"><ele>0.000000</ele><time>2026-09-14T12:42:48.048Z</time></trkpt><trkpt lat="59.175299" lon="11.525358"><ele>0.000000</ele><time>2026-09-14T12:42:49.049Z</time></trkpt><trkpt lat="59.175283" lon="11.525363"><ele>0.000000</ele><time>2026-09-14T12:42:50.050Z</time></trkpt><trkpt lat="59.175268" lon="11.525366"><ele>0.000000</ele><time>2026-09-14T12:42:51.051Z</time></trkpt><trkpt lat="59.175252" lon="11.525369"><ele>0.000000</ele><time>2026-09-14T12:42:52.052Z</time></trkpt><trkpt lat="59.175236" lon="11.525373"><ele>0.000000</ele><time>2026-09-14T12:42:53.053Z</time></trkpt><trkpt lat="59.175220" lon="11.525374"><ele>0.000000</ele><time>2026-09-14T12:42:54.054Z</time></trkpt><trkpt lat="59.175204" lon="11.525377"><ele>0.000000</ele><time>2026-09-14T12:42:55.055Z</time></trkpt><trkpt lat="59.175187" lon="11.525381"><ele>0.000000</ele><time>2026-09-14T12:42:56.056Z</time></trkpt><trkpt lat="59.175171" lon="11.525383"><ele>0.000000</ele><time>2026-09-14T12:42:57.057Z</time></trkpt><trkpt lat="59.175154" lon="11.525385"><ele>0.000000</ele><time>2026-09-14T12:42:58.058Z</time></trkpt><trkpt lat="59.175138" lon="11.525388"><ele>0.000000</ele><time>2026-09-14T12:42:59.059Z</time></trkpt><trkpt lat="59.175121" lon="11.525390"><ele>0.000000</ele><time>2026-09-14T12:43:00.000Z</time></trkpt><trkpt lat="59.175106" lon="11.525393"><ele>0.000000</ele><time>2026-09-14T12:43:01.001Z</time></trkpt><trkpt lat="59.175089" lon="11.525395"><ele>0.000000</ele><time>2026-09-14T12:43:02.002Z</time></trkpt><trkpt lat="59.175073" lon="11.525399"><ele>0.000000</ele><time>2026-09-14T12:43:03.003Z</time></trkpt><trkpt lat="59.175057" lon="11.525402"><ele>0.000000</ele><time>2026-09-14T12:43:04.004Z</time></trkpt><trkpt lat="59.175040" lon="11.525404"><ele>0.000000</ele><time>2026-09-14T12:43:05.005Z</time></trkpt><trkpt lat="59.175024" lon="11.525405"><ele>0.000000</ele><time>2026-09-14T12:43:06.006Z</time></trkpt><trkpt lat="59.175008" lon="11.525406"><ele>0.000000</ele><time>2026-09-14T12:43:07.007Z</time></trkpt><trkpt lat="59.174992" lon="11.525407"><ele>0.000000</ele><time>2026-09-14T12:43:08.008Z</time></trkpt><trkpt lat="59.174977" lon="11.525409"><ele>0.000000</ele><time>2026-09-14T12:43:09.009Z</time></trkpt><trkpt lat="59.174961" lon="11.525408"><ele>0.000000</ele><time>2026-09-14T12:43:10.010Z</time></trkpt><trkpt lat="59.174945" lon="11.525407"><ele>0.000000</ele><time>2026-09-14T12:43:11.011Z</time></trkpt><trkpt lat="59.174929" lon="11.525408"><ele>0.000000</ele><time>2026-09-14T12:43:12.012Z</time></trkpt><trkpt lat="59.174913" lon="11.525409"><ele>0.000000</ele><time>2026-09-14T12:43:13.013Z</time></trkpt><trkpt lat="59.174898" lon="11.525409"><ele>0.000000</ele><time>2026-09-14T12:43:14.014Z</time></trkpt><trkpt lat="59.174881" lon="11.525411"><ele>0.000000</ele><time>2026-09-14T12:43:15.015Z</time></trkpt><trkpt lat="59.174865" lon="11.525411"><ele>0.000000</ele><time>2026-09-14T12:43:16.016Z</time></trkpt><trkpt lat="59.174848" lon="11.525413"><ele>0.000000</ele><time>2026-09-14T12:43:17.017Z</time></trkpt><trkpt lat="59.174833" lon="11.525415"><ele>0.000000</ele><time>2026-09-14T12:43:18.018Z</time></trkpt><trkpt lat="59.174816" lon="11.525417"><ele>0.000000</ele><time>2026-09-14T12:43:19.019Z</time></trkpt><trkpt lat="59.174800" lon="11.525419"><ele>0.000000</ele><time>2026-09-14T12:43:20.020Z</time></trkpt><trkpt lat="59.174783" lon="11.525421"><ele>0.000000</ele><time>2026-09-14T12:43:21.021Z</time></trkpt><trkpt lat="59.174766" lon="11.525423"><ele>0.000000</ele><time>2026-09-14T12:43:22.022Z</time></trkpt><trkpt lat="59.174750" lon="11.525424"><ele>0.000000</ele><time>2026-09-14T12:43:23.023Z</time></trkpt><trkpt lat="59.174733" lon="11.525425"><ele>0.000000</ele><time>2026-09-14T12:43:24.024Z</time></trkpt><trkpt lat="59.174717" lon="11.525425"><ele>0.000000</ele><time>2026-09-14T12:43:25.025Z</time></trkpt><trkpt lat="59.174699" lon="11.525428"><ele>0.000000</ele><time>2026-09-14T12:43:26.026Z</time></trkpt><trkpt lat="59.174682" lon="11.525430"><ele>0.000000</ele><time>2026-09-14T12:43:27.027Z</time></trkpt><trkpt lat="59.174666" lon="11.525431"><ele>0.000000</ele><time>2026-09-14T12:43:28.028Z</time></trkpt><trkpt lat="59.174650" lon="11.525431"><ele>0.000000</ele><time>2026-09-14T12:43:29.029Z</time></trkpt><trkpt lat="59.174634" lon="11.525429"><ele>0.000000</ele><time>2026-09-14T12:43:30.030Z</time></trkpt><trkpt lat="59.174618" lon="11.525428"><ele>0.000000</ele><time>2026-09-14T12:43:31.031Z</time></trkpt><trkpt lat="59.174602" lon="11.525426"><ele>0.000000</ele><time>2026-09-14T12:43:32.032Z</time></trkpt><trkpt lat="59.174587" lon="11.525423"><ele>0.000000</ele><time>2026-09-14T12:43:33.033Z</time></trkpt><trkpt lat="59.174570" lon="11.525421"><ele>0.000000</ele><time>2026-09-14T12:43:34.034Z</time></trkpt><trkpt lat="59.174540" lon="11.525419"><ele>0.000000</ele><time>2026-09-14T12:43:36.036Z</time></trkpt><trkpt lat="59.174525" lon="11.525418"><ele>0.000000</ele><time>2026-09-14T12:43:37.037Z</time></trkpt><trkpt lat="59.174510" lon="11.525419"><ele>0.000000</ele><time>2026-09-14T12:43:38.038Z</time></trkpt><trkpt lat="59.174496" lon="11.525418"><ele>0.000000</ele><time>2026-09-14T12:43:39.039Z</time></trkpt><trkpt lat="59.174481" lon="11.525419"><ele>0.000000</ele><time>2026-09-14T12:43:40.040Z</time></trkpt><trkpt lat="59.174466" lon="11.525424"><ele>0.000000</ele><time>2026-09-14T12:43:41.041Z</time></trkpt><trkpt lat="59.174451" lon="11.525428"><ele>0.000000</ele><time>2026-09-14T12:43:42.042Z</time></trkpt><trkpt lat="59.174436" lon="11.525433"><ele>0.000000</ele><time>2026-09-14T12:43:43.043Z</time></trkpt><trkpt lat="59.174421" lon="11.525437"><ele>0.000000</ele><time>2026-09-14T12:43:44.044Z</time></trkpt><trkpt lat="59.174405" lon="11.525441"><ele>0.000000</ele><time>2026-09-14T12:43:45.045Z</time></trkpt><trkpt lat="59.174390" lon="11.525447"><ele>0.000000</ele><time>2026-09-14T12:43:46.046Z</time></trkpt><trkpt lat="59.174374" lon="11.525451"><ele>0.000000</ele><time>2026-09-14T12:43:47.047Z</time></trkpt><trkpt lat="59.174358" lon="11.525455"><ele>0.000000</ele><time>2026-09-14T12:43:48.048Z</time></trkpt><trkpt lat="59.174342" lon="11.525462"><ele>0.000000</ele><time>2026-09-14T12:43:49.049Z</time></trkpt><trkpt lat="59.174327" lon="11.525469"><ele>0.000000</ele><time>2026-09-14T12:43:50.050Z</time></trkpt><trkpt lat="59.174311" lon="11.525472"><ele>0.000000</ele><time>2026-09-14T12:43:51.051Z</time></trkpt><trkpt lat="59.174294" lon="11.525477"><ele>0.000000</ele><time>2026-09-14T12:43:52.052Z</time></trkpt><trkpt lat="59.174278" lon="11.525482"><ele>0.000000</ele><time>2026-09-14T12:43:53.053Z</time></trkpt><trkpt lat="59.174260" lon="11.525487"><ele>0.000000</ele><time>2026-09-14T12:43:54.054Z</time></trkpt><trkpt lat="59.174243" lon="11.525491"><ele>0.000000</ele><time>2026-09-14T12:43:55.055Z</time></trkpt><trkpt lat="59.174226" lon="11.525496"><ele>0.000000</ele><time>2026-09-14T12:43:56.056Z</time></trkpt><trkpt lat="59.174209" lon="11.525500"><ele>0.000000</ele><time>2026-09-14T12:43:57.057Z</time></trkpt><trkpt lat="59.174192" lon="11.525504"><ele>0.000000</ele><time>2026-09-14T12:43:58.058Z</time></trkpt><trkpt lat="59.174175" lon="11.525510"><ele>0.000000</ele><time>2026-09-14T12:43:59.059Z</time></trkpt><trkpt lat="59.174158" lon="11.525516"><ele>0.000000</ele><time>2026-09-14T12:44:00.000Z</time></trkpt><trkpt lat="59.174141" lon="11.525522"><ele>0.000000</ele><time>2026-09-14T12:44:01.001Z</time></trkpt><trkpt lat="59.174125" lon="11.525527"><ele>0.000000</ele><time>2026-09-14T12:44:02.002Z</time></trkpt><trkpt lat="59.174108" lon="11.525533"><ele>0.000000</ele><time>2026-09-14T12:44:03.003Z</time></trkpt><trkpt lat="59.174092" lon="11.525541"><ele>0.000000</ele><time>2026-09-14T12:44:04.004Z</time></trkpt><trkpt lat="59.174076" lon="11.525548"><ele>0.000000</ele><time>2026-09-14T12:44:05.005Z</time></trkpt><trkpt lat="59.174061" lon="11.525554"><ele>0.000000</ele><time>2026-09-14T12:44:06.006Z</time></trkpt><trkpt lat="59.174044" lon="11.525561"><ele>0.000000</ele><time>2026-09-14T12:44:07.007Z</time></trkpt><trkpt lat="59.174028" lon="11.525569"><ele>0.000000</ele><time>2026-09-14T12:44:08.008Z</time></trkpt><trkpt lat="59.174012" lon="11.525578"><ele>0.000000</ele><time>2026-09-14T12:44:09.009Z</time></trkpt><trkpt lat="59.173996" lon="11.525585"><ele>0.000000</ele><time>2026-09-14T12:44:10.010Z</time></trkpt><trkpt lat="59.173980" lon="11.525592"><ele>0.000000</ele><time>2026-09-14T12:44:11.011Z</time></trkpt><trkpt lat="59.173964" lon="11.525599"><ele>0.000000</ele><time>2026-09-14T12:44:12.012Z</time></trkpt><trkpt lat="59.173948" lon="11.525605"><ele>0.000000</ele><time>2026-09-14T12:44:13.013Z</time></trkpt><trkpt lat="59.173931" lon="11.525610"><ele>0.000000</ele><time>2026-09-14T12:44:14.014Z</time></trkpt><trkpt lat="59.173914" lon="11.525614"><ele>0.000000</ele><time>2026-09-14T12:44:15.015Z</time></trkpt><trkpt lat="59.173896" lon="11.525618"><ele>0.000000</ele><time>2026-09-14T12:44:16.016Z</time></trkpt><trkpt lat="59.173881" lon="11.525622"><ele>0.000000</ele><time>2026-09-14T12:44:17.017Z</time></trkpt><trkpt lat="59.173865" lon="11.525627"><ele>0.000000</ele><time>2026-09-14T12:44:18.018Z</time></trkpt><trkpt lat="59.173850" lon="11.525632"><ele>0.000000</ele><time>2026-09-14T12:44:19.019Z</time></trkpt><trkpt lat="59.173834" lon="11.525635"><ele>0.000000</ele><time>2026-09-14T12:44:20.020Z</time></trkpt><trkpt lat="59.173819" lon="11.525636"><ele>0.000000</ele><time>2026-09-14T12:44:21.021Z</time></trkpt><trkpt lat="59.173802" lon="11.525636"><ele>0.000000</ele><time>2026-09-14T12:44:22.022Z</time></trkpt><trkpt lat="59.173786" lon="11.525638"><ele>0.000000</ele><time>2026-09-14T12:44:23.023Z</time></trkpt><trkpt lat="59.173769" lon="11.525639"><ele>0.000000</ele><time>2026-09-14T12:44:24.024Z</time></trkpt><trkpt lat="59.173753" lon="11.525640"><ele>0.000000</ele><time>2026-09-14T12:44:25.025Z</time></trkpt><trkpt lat="59.173737" lon="11.525642"><ele>0.000000</ele><time>2026-09-14T12:44:26.026Z</time></trkpt><trkpt lat="59.173720" lon="11.525644"><ele>0.000000</ele><time>2026-09-14T12:44:27.027Z</time></trkpt><trkpt lat="59.173704" lon="11.525646"><ele>0.000000</ele><time>2026-09-14T12:44:29.029Z</time></trkpt><trkpt lat="59.173686" lon="11.525647"><ele>0.000000</ele><time>2026-09-14T12:44:30.030Z</time></trkpt><trkpt lat="59.173669" lon="11.525650"><ele>0.000000</ele><time>2026-09-14T12:44:31.031Z</time></trkpt><trkpt lat="59.173652" lon="11.525654"><ele>0.000000</ele><time>2026-09-14T12:44:32.032Z</time></trkpt><trkpt lat="59.173636" lon="11.525657"><ele>0.000000</ele><time>2026-09-14T12:44:33.033Z</time></trkpt><trkpt lat="59.173619" lon="11.525660"><ele>0.000000</ele><time>2026-09-14T12:44:34.034Z</time></trkpt><trkpt lat="59.173602" lon="11.525663"><ele>0.000000</ele><time>2026-09-14T12:44:35.035Z</time></trkpt><trkpt lat="59.173586" lon="11.525667"><ele>0.000000</ele><time>2026-09-14T12:44:36.036Z</time></trkpt><trkpt lat="59.173570" lon="11.525669"><ele>0.000000</ele><time>2026-09-14T12:44:37.037Z</time></trkpt><trkpt lat="59.173554" lon="11.525671"><ele>0.000000</ele><time>2026-09-14T12:44:38.038Z</time></trkpt><trkpt lat="59.173538" lon="11.525675"><ele>0.000000</ele><time>2026-09-14T12:44:39.039Z</time></trkpt><trkpt lat="59.173523" lon="11.525678"><ele>0.000000</ele><time>2026-09-14T12:44:40.040Z</time></trkpt><trkpt lat="59.173507" lon="11.525679"><ele>0.000000</ele><time>2026-09-14T12:44:41.041Z</time></trkpt><trkpt lat="59.173491" lon="11.525679"><ele>0.000000</ele><time>2026-09-14T12:44:42.042Z</time></trkpt><trkpt lat="59.173475" lon="11.525679"><ele>0.000000</ele><time>2026-09-14T12:44:43.043Z</time></trkpt><trkpt lat="59.173458" lon="11.525681"><ele>0.000000</ele><time>2026-09-14T12:44:44.044Z</time></trkpt><trkpt lat="59.173442" lon="11.525680"><ele>0.000000</ele><time>2026-09-14T12:44:45.045Z</time></trkpt><trkpt lat="59.173424" lon="11.525680"><ele>0.000000</ele><time>2026-09-14T12:44:46.046Z</time></trkpt><trkpt lat="59.173408" lon="11.525681"><ele>0.000000</ele><time>2026-09-14T12:44:47.047Z</time></trkpt><trkpt lat="59.173391" lon="11.525683"><ele>0.000000</ele><time>2026-09-14T12:44:48.048Z</time></trkpt><trkpt lat="59.173376" lon="11.525687"><ele>0.000000</ele><time>2026-09-14T12:44:49.049Z</time></trkpt><trkpt lat="59.173359" lon="11.525691"><ele>0.000000</ele><time>2026-09-14T12:44:50.050Z</time></trkpt><trkpt lat="59.173344" lon="11.525696"><ele>0.000000</ele><time>2026-09-14T12:44:51.051Z</time></trkpt><trkpt lat="59.173328" lon="11.525702"><ele>0.000000</ele><time>2026-09-14T12:44:52.052Z</time></trkpt><trkpt lat="59.173313" lon="11.525708"><ele>0.000000</ele><time>2026-09-14T12:44:53.053Z</time></trkpt><trkpt lat="59.173297" lon="11.525714"><ele>0.000000</ele><time>2026-09-14T12:44:54.054Z</time></trkpt><trkpt lat="59.173281" lon="11.525720"><ele>0.000000</ele><time>2026-09-14T12:44:55.055Z</time></trkpt><trkpt lat="59.173266" lon="11.525727"><ele>0.000000</ele><time>2026-09-14T12:44:56.056Z</time></trkpt><trkpt lat="59.173250" lon="11.525733"><ele>0.000000</ele><time>2026-09-14T12:44:57.057Z</time></trkpt><trkpt lat="59.173235" lon="11.525740"><ele>0.000000</ele><time>2026-09-14T12:44:58.058Z</time></trkpt><trkpt lat="59.173219" lon="11.525745"><ele>0.000000</ele><time>2026-09-14T12:44:59.059Z</time></trkpt><trkpt lat="59.173205" lon="11.525751"><ele>0.000000</ele><time>2026-09-14T12:45:00.000Z</time></trkpt><trkpt lat="59.173188" lon="11.525755"><ele>0.000000</ele><time>2026-09-14T12:45:01.001Z</time></trkpt><trkpt lat="59.173173" lon="11.525761"><ele>0.000000</ele><time>2026-09-14T12:45:02.002Z</time></trkpt><trkpt lat="59.173157" lon="11.525765"><ele>0.000000</ele><time>2026-09-14T12:45:03.003Z</time></trkpt><trkpt lat="59.173142" lon="11.525769"><ele>0.000000</ele><time>2026-09-14T12:45:04.004Z</time></trkpt><trkpt lat="59.173126" lon="11.525772"><ele>0.000000</ele><time>2026-09-14T12:45:05.005Z</time></trkpt><trkpt lat="59.173094" lon="11.525779"><ele>0.000000</ele><time>2026-09-14T12:45:07.007Z</time></trkpt><trkpt lat="59.173079" lon="11.525783"><ele>0.000000</ele><time>2026-09-14T12:45:08.008Z</time></trkpt><trkpt lat="59.173062" lon="11.525785"><ele>0.000000</ele><time>2026-09-14T12:45:09.009Z</time></trkpt><trkpt lat="59.173048" lon="11.525787"><ele>0.000000</ele><time>2026-09-14T12:45:10.010Z</time></trkpt><trkpt lat="59.173032" lon="11.525788"><ele>0.000000</ele><time>2026-09-14T12:45:11.011Z</time></trkpt><trkpt lat="59.173016" lon="11.525790"><ele>0.000000</ele><time>2026-09-14T12:45:12.012Z</time></trkpt><trkpt lat="59.173000" lon="11.525792"><ele>0.000000</ele><time>2026-09-14T12:45:13.013Z</time></trkpt><trkpt lat="59.172985" lon="11.525794"><ele>0.000000</ele><time>2026-09-14T12:45:14.014Z</time></trkpt><trkpt lat="59.172969" lon="11.525797"><ele>0.000000</ele><time>2026-09-14T12:45:15.015Z</time></trkpt><trkpt lat="59.172953" lon="11.525801"><ele>0.000000</ele><time>2026-09-14T12:45:16.016Z</time></trkpt><trkpt lat="59.172937" lon="11.525805"><ele>0.000000</ele><time>2026-09-14T12:45:17.017Z</time></trkpt><trkpt lat="59.172920" lon="11.525808"><ele>0.000000</ele><time>2026-09-14T12:45:18.018Z</time></trkpt><trkpt lat="59.172903" lon="11.525810"><ele>0.000000</ele><time>2026-09-14T12:45:19.019Z</time></trkpt><trkpt lat="59.172886" lon="11.525813"><ele>0.000000</ele><time>2026-09-14T12:45:20.020Z</time></trkpt><trkpt lat="59.172869" lon="11.525814"><ele>0.000000</ele><time>2026-09-14T12:45:21.021Z</time></trkpt><trkpt lat="59.172852" lon="11.525815"><ele>0.000000</ele><time>2026-09-14T12:45:22.022Z</time></trkpt><trkpt lat="59.172835" lon="11.525818"><ele>0.000000</ele><time>2026-09-14T12:45:23.023Z</time></trkpt><trkpt lat="59.172819" lon="11.525820"><ele>0.000000</ele><time>2026-09-14T12:45:24.024Z</time></trkpt><trkpt lat="59.172803" lon="11.525822"><ele>0.000000</ele><time>2026-09-14T12:45:25.025Z</time></trkpt><trkpt lat="59.172787" lon="11.525826"><ele>0.000000</ele><time>2026-09-14T12:45:26.026Z</time></trkpt><trkpt lat="59.172772" lon="11.525831"><ele>0.000000</ele><time>2026-09-14T12:45:27.027Z</time></trkpt><trkpt lat="59.172756" lon="11.525837"><ele>0.000000</ele><time>2026-09-14T12:45:28.028Z</time></trkpt><trkpt lat="59.172740" lon="11.525844"><ele>0.000000</ele><time>2026-09-14T12:45:29.029Z</time></trkpt><trkpt lat="59.172724" lon="11.525852"><ele>0.000000</ele><time>2026-09-14T12:45:30.030Z</time></trkpt><trkpt lat="59.172707" lon="11.525859"><ele>0.000000</ele><time>2026-09-14T12:45:31.031Z</time></trkpt><trkpt lat="59.172692" lon="11.525865"><ele>0.000000</ele><time>2026-09-14T12:45:32.032Z</time></trkpt><trkpt lat="59.172675" lon="11.525870"><ele>0.000000</ele><time>2026-09-14T12:45:33.033Z</time></trkpt><trkpt lat="59.172658" lon="11.525876"><ele>0.000000</ele><time>2026-09-14T12:45:34.034Z</time></trkpt><trkpt lat="59.172641" lon="11.525880"><ele>0.000000</ele><time>2026-09-14T12:45:35.035Z</time></trkpt><trkpt lat="59.172624" lon="11.525884"><ele>0.000000</ele><time>2026-09-14T12:45:36.036Z</time></trkpt><trkpt lat="59.172606" lon="11.525886"><ele>0.000000</ele><time>2026-09-14T12:45:37.037Z</time></trkpt><trkpt lat="59.172574" lon="11.525892"><ele>0.000000</ele><time>2026-09-14T12:45:39.039Z</time></trkpt><trkpt lat="59.172558" lon="11.525897"><ele>0.000000</ele><time>2026-09-14T12:45:40.040Z</time></trkpt><trkpt lat="59.172543" lon="11.525902"><ele>0.000000</ele><time>2026-09-14T12:45:41.041Z</time></trkpt><trkpt lat="59.172528" lon="11.525905"><ele>0.000000</ele><time>2026-09-14T12:45:42.042Z</time></trkpt><trkpt lat="59.172512" lon="11.525907"><ele>0.000000</ele><time>2026-09-14T12:45:43.043Z</time></trkpt><trkpt lat="59.172497" lon="11.525909"><ele>0.000000</ele><time>2026-09-14T12:45:44.044Z</time></trkpt><trkpt lat="59.172481" lon="11.525910"><ele>0.000000</ele><time>2026-09-14T12:45:45.045Z</time></trkpt><trkpt lat="59.172466" lon="11.525911"><ele>0.000000</ele><time>2026-09-14T12:45:46.046Z</time></trkpt><trkpt lat="59.172450" lon="11.525913"><ele>0.000000</ele><time>2026-09-14T12:45:47.047Z</time></trkpt><trkpt lat="59.172436" lon="11.525915"><ele>0.000000</ele><time>2026-09-14T12:45:48.048Z</time></trkpt><trkpt lat="59.172420" lon="11.525918"><ele>0.000000</ele><time>2026-09-14T12:45:49.049Z</time></trkpt><trkpt lat="59.172405" lon="11.525921"><ele>0.000000</ele><time>2026-09-14T12:45:50.050Z</time></trkpt><trkpt lat="59.172390" lon="11.525923"><ele>0.000000</ele><time>2026-09-14T12:45:51.051Z</time></trkpt><trkpt lat="59.172376" lon="11.525926"><ele>0.000000</ele><time>2026-09-14T12:45:52.052Z</time></trkpt><trkpt lat="59.172361" lon="11.525929"><ele>0.000000</ele><time>2026-09-14T12:45:53.053Z</time></trkpt><trkpt lat="59.172346" lon="11.525930"><ele>0.000000</ele><time>2026-09-14T12:45:54.054Z</time></trkpt><trkpt lat="59.172330" lon="11.525931"><ele>0.000000</ele><time>2026-09-14T12:45:55.055Z</time></trkpt><trkpt lat="59.172315" lon="11.525930"><ele>0.000000</ele><time>2026-09-14T12:45:56.056Z</time></trkpt><trkpt lat="59.172298" lon="11.525930"><ele>0.000000</ele><time>2026-09-14T12:45:57.057Z</time></trkpt><trkpt lat="59.172283" lon="11.525928"><ele>0.000000</ele><time>2026-09-14T12:45:58.058Z</time></trkpt><trkpt lat="59.172266" lon="11.525926"><ele>0.000000</ele><time>2026-09-14T12:45:59.059Z</time></trkpt><trkpt lat="59.172251" lon="11.525921"><ele>0.000000</ele><time>2026-09-14T12:46:00.000Z</time></trkpt><trkpt lat="59.172234" lon="11.525917"><ele>0.000000</ele><time>2026-09-14T12:46:01.001Z</time></trkpt><trkpt lat="59.172219" lon="11.525914"><ele>0.000000</ele><time>2026-09-14T12:46:02.002Z</time></trkpt><trkpt lat="59.172202" lon="11.525911"><ele>0.000000</ele><time>2026-09-14T12:46:03.003Z</time></trkpt><trkpt lat="59.172186" lon="11.525906"><ele>0.000000</ele><time>2026-09-14T12:46:04.004Z</time></trkpt><trkpt lat="59.172169" lon="11.525902"><ele>0.000000</ele><time>2026-09-14T12:46:05.005Z</time></trkpt><trkpt lat="59.172153" lon="11.525901"><ele>0.000000</ele><time>2026-09-14T12:46:06.006Z</time></trkpt><trkpt lat="59.172137" lon="11.525899"><ele>0.000000</ele><time>2026-09-14T12:46:07.007Z</time></trkpt><trkpt lat="59.172120" lon="11.525897"><ele>0.000000</ele><time>2026-09-14T12:46:08.008Z</time></trkpt><trkpt lat="59.172103" lon="11.525896"><ele>0.000000</ele><time>2026-09-14T12:46:09.009Z</time></trkpt><trkpt lat="59.172087" lon="11.525896"><ele>0.000000</ele><time>2026-09-14T12:46:10.010Z</time></trkpt><trkpt lat="59.172070" lon="11.525896"><ele>0.000000</ele><time>2026-09-14T12:46:11.011Z</time></trkpt><trkpt lat="59.172055" lon="11.525895"><ele>0.000000</ele><time>2026-09-14T12:46:12.012Z</time></trkpt><trkpt lat="59.172038" lon="11.525895"><ele>0.000000</ele><time>2026-09-14T12:46:13.013Z</time></trkpt><trkpt lat="59.172023" lon="11.525897"><ele>0.000000</ele><time>2026-09-14T12:46:14.014Z</time></trkpt><trkpt lat="59.172007" lon="11.525900"><ele>0.000000</ele><time>2026-09-14T12:46:15.015Z</time></trkpt><trkpt lat="59.171991" lon="11.525903"><ele>0.000000</ele><time>2026-09-14T12:46:16.016Z</time></trkpt><trkpt lat="59.171975" lon="11.525907"><ele>0.000000</ele><time>2026-09-14T12:46:17.017Z</time></trkpt><trkpt lat="59.171959" lon="11.525909"><ele>0.000000</ele><time>2026-09-14T12:46:18.018Z</time></trkpt><trkpt lat="59.171943" lon="11.525911"><ele>0.000000</ele><time>2026-09-14T12:46:19.019Z</time></trkpt><trkpt lat="59.171928" lon="11.525913"><ele>0.000000</ele><time>2026-09-14T12:46:20.020Z</time></trkpt><trkpt lat="59.171911" lon="11.525914"><ele>0.000000</ele><time>2026-09-14T12:46:21.021Z</time></trkpt><trkpt lat="59.171896" lon="11.525915"><ele>0.000000</ele><time>2026-09-14T12:46:22.022Z</time></trkpt><trkpt lat="59.171879" lon="11.525916"><ele>0.000000</ele><time>2026-09-14T12:46:23.023Z</time></trkpt><trkpt lat="59.171864" lon="11.525917"><ele>0.000000</ele><time>2026-09-14T12:46:24.024Z</time></trkpt><trkpt lat="59.171847" lon="11.525917"><ele>0.000000</ele><time>2026-09-14T12:46:25.025Z</time></trkpt><trkpt lat="59.171831" lon="11.525917"><ele>0.000000</ele><time>2026-09-14T12:46:26.026Z</time></trkpt><trkpt lat="59.171815" lon="11.525917"><ele>0.000000</ele><time>2026-09-14T12:46:27.027Z</time></trkpt><trkpt lat="59.171799" lon="11.525919"><ele>0.000000</ele><time>2026-09-14T12:46:28.028Z</time></trkpt><trkpt lat="59.171782" lon="11.525918"><ele>0.000000</ele><time>2026-09-14T12:46:29.029Z</time></trkpt><trkpt lat="59.171767" lon="11.525918"><ele>0.000000</ele><time>2026-09-14T12:46:30.030Z</time></trkpt><trkpt lat="59.171750" lon="11.525918"><ele>0.000000</ele><time>2026-09-14T12:46:31.031Z</time></trkpt><trkpt lat="59.171735" lon="11.525917"><ele>0.000000</ele><time>2026-09-14T12:46:32.032Z</time></trkpt><trkpt lat="59.171719" lon="11.525917"><ele>0.000000</ele><time>2026-09-14T12:46:33.033Z</time></trkpt><trkpt lat="59.171703" lon="11.525914"><ele>0.000000</ele><time>2026-09-14T12:46:34.034Z</time></trkpt><trkpt lat="59.171686" lon="11.525911"><ele>0.000000</ele><time>2026-09-14T12:46:35.035Z</time></trkpt><trkpt lat="59.171670" lon="11.525910"><ele>0.000000</ele><time>2026-09-14T12:46:36.036Z</time></trkpt><trkpt lat="59.171653" lon="11.525908"><ele>0.000000</ele><time>2026-09-14T12:46:37.037Z</time></trkpt><trkpt lat="59.171637" lon="11.525906"><ele>0.000000</ele><time>2026-09-14T12:46:38.038Z</time></trkpt><trkpt lat="59.171620" lon="11.525903"><ele>0.000000</ele><time>2026-09-14T12:46:39.039Z</time></trkpt><trkpt lat="59.171603" lon="11.525902"><ele>0.000000</ele><time>2026-09-14T12:46:40.040Z</time></trkpt><trkpt lat="59.171587" lon="11.525899"><ele>0.000000</ele><time>2026-09-14T12:46:41.041Z</time></trkpt><trkpt lat="59.171571" lon="11.525895"><ele>0.000000</ele><time>2026-09-14T12:46:42.042Z</time></trkpt><trkpt lat="59.171555" lon="11.525891"><ele>0.000000</ele><time>2026-09-14T12:46:43.043Z</time></trkpt><trkpt lat="59.171540" lon="11.525889"><ele>0.000000</ele><time>2026-09-14T12:46:44.044Z</time></trkpt><trkpt lat="59.171525" lon="11.525887"><ele>0.000000</ele><time>2026-09-14T12:46:45.045Z</time></trkpt><trkpt lat="59.171511" lon="11.525885"><ele>0.000000</ele><time>2026-09-14T12:46:46.046Z</time></trkpt><trkpt lat="59.171498" lon="11.525884"><ele>0.000000</ele><time>2026-09-14T12:46:47.047Z</time></trkpt><trkpt lat="59.171486" lon="11.525884"><ele>0.000000</ele><time>2026-09-14T12:46:48.048Z</time></trkpt><trkpt lat="59.171461" lon="11.525883"><ele>0.000000</ele><time>2026-09-14T12:46:50.050Z</time></trkpt><trkpt lat="59.171437" lon="11.525884"><ele>0.000000</ele><time>2026-09-14T12:46:52.052Z</time></trkpt><trkpt lat="59.171427" lon="11.525885"><ele>0.000000</ele><time>2026-09-14T12:46:53.053Z</time></trkpt><trkpt lat="59.171414" lon="11.525885"><ele>0.000000</ele><time>2026-09-14T12:46:54.054Z</time></trkpt><trkpt lat="59.171403" lon="11.525883"><ele>0.000000</ele><time>2026-09-14T12:46:55.055Z</time></trkpt><trkpt lat="59.171390" lon="11.525880"><ele>0.000000</ele><time>2026-09-14T12:46:56.056Z</time></trkpt><trkpt lat="59.171377" lon="11.525876"><ele>0.000000</ele><time>2026-09-14T12:46:57.057Z</time></trkpt><trkpt lat="59.171364" lon="11.525872"><ele>0.000000</ele><time>2026-09-14T12:46:58.058Z</time></trkpt><trkpt lat="59.171351" lon="11.525865"><ele>0.000000</ele><time>2026-09-14T12:46:59.059Z</time></trkpt><trkpt lat="59.171337" lon="11.525857"><ele>0.000000</ele><time>2026-09-14T12:47:00.000Z</time></trkpt><trkpt lat="59.171324" lon="11.525846"><ele>0.000000</ele><time>2026-09-14T12:47:01.001Z</time></trkpt><trkpt lat="59.171310" lon="11.525835"><ele>0.000000</ele><time>2026-09-14T12:47:02.002Z</time></trkpt><trkpt lat="59.171296" lon="11.525822"><ele>0.000000</ele><time>2026-09-14T12:47:03.003Z</time></trkpt><trkpt lat="59.171282" lon="11.525810"><ele>0.000000</ele><time>2026-09-14T12:47:04.004Z</time></trkpt><trkpt lat="59.171268" lon="11.525797"><ele>0.000000</ele><time>2026-09-14T12:47:05.005Z</time></trkpt><trkpt lat="59.171253" lon="11.525783"><ele>0.000000</ele><time>2026-09-14T12:47:06.006Z</time></trkpt><trkpt lat="59.171238" lon="11.525770"><ele>0.000000</ele><time>2026-09-14T12:47:07.007Z</time></trkpt><trkpt lat="59.171223" lon="11.525757"><ele>0.000000</ele><time>2026-09-14T12:47:08.008Z</time></trkpt><trkpt lat="59.171208" lon="11.525743"><ele>0.000000</ele><time>2026-09-14T12:47:09.009Z</time></trkpt><trkpt lat="59.171192" lon="11.525728"><ele>0.000000</ele><time>2026-09-14T12:47:10.010Z</time></trkpt><trkpt lat="59.171177" lon="11.525713"><ele>0.000000</ele><time>2026-09-14T12:47:11.011Z</time></trkpt><trkpt lat="59.171162" lon="11.525697"><ele>0.000000</ele><time>2026-09-14T12:47:12.012Z</time></trkpt><trkpt lat="59.171148" lon="11.525683"><ele>0.000000</ele><time>2026-09-14T12:47:13.013Z</time></trkpt><trkpt lat="59.171132" lon="11.525667"><ele>0.000000</ele><time>2026-09-14T12:47:14.014Z</time></trkpt><trkpt lat="59.171116" lon="11.525652"><ele>0.000000</ele><time>2026-09-14T12:47:15.015Z</time></trkpt><trkpt lat="59.171101" lon="11.525637"><ele>0.000000</ele><time>2026-09-14T12:47:16.016Z</time></trkpt><trkpt lat="59.171086" lon="11.525622"><ele>0.000000</ele><time>2026-09-14T12:47:17.017Z</time></trkpt><trkpt lat="59.171071" lon="11.525607"><ele>0.000000</ele><time>2026-09-14T12:47:18.018Z</time></trkpt><trkpt lat="59.171056" lon="11.525591"><ele>0.000000</ele><time>2026-09-14T12:47:19.019Z</time></trkpt><trkpt lat="59.171042" lon="11.525575"><ele>0.000000</ele><time>2026-09-14T12:47:20.020Z</time></trkpt><trkpt lat="59.171027" lon="11.525559"><ele>0.000000</ele><time>2026-09-14T12:47:21.021Z</time></trkpt><trkpt lat="59.171012" lon="11.525542"><ele>0.000000</ele><time>2026-09-14T12:47:22.022Z</time></trkpt><trkpt lat="59.170998" lon="11.525527"><ele>0.000000</ele><time>2026-09-14T12:47:23.023Z</time></trkpt><trkpt lat="59.170984" lon="11.525512"><ele>0.000000</ele><time>2026-09-14T12:47:24.024Z</time></trkpt><trkpt lat="59.170969" lon="11.525496"><ele>0.000000</ele><time>2026-09-14T12:47:25.025Z</time></trkpt><trkpt lat="59.170955" lon="11.525481"><ele>0.000000</ele><time>2026-09-14T12:47:26.026Z</time></trkpt><trkpt lat="59.170940" lon="11.525466"><ele>0.000000</ele><time>2026-09-14T12:47:27.027Z</time></trkpt><trkpt lat="59.170925" lon="11.525452"><ele>0.000000</ele><time>2026-09-14T12:47:28.028Z</time></trkpt><trkpt lat="59.170911" lon="11.525438"><ele>0.000000</ele><time>2026-09-14T12:47:29.029Z</time></trkpt><trkpt lat="59.170896" lon="11.525423"><ele>0.000000</ele><time>2026-09-14T12:47:30.030Z</time></trkpt><trkpt lat="59.170882" lon="11.525408"><ele>0.000000</ele><time>2026-09-14T12:47:31.031Z</time></trkpt><trkpt lat="59.170868" lon="11.525393"><ele>0.000000</ele><time>2026-09-14T12:47:32.032Z</time></trkpt><trkpt lat="59.170854" lon="11.525377"><ele>0.000000</ele><time>2026-09-14T12:47:33.033Z</time></trkpt><trkpt lat="59.170839" lon="11.525362"><ele>0.000000</ele><time>2026-09-14T12:47:34.034Z</time></trkpt><trkpt lat="59.170825" lon="11.525348"><ele>0.000000</ele><time>2026-09-14T12:47:35.035Z</time></trkpt><trkpt lat="59.170810" lon="11.525334"><ele>0.000000</ele><time>2026-09-14T12:47:36.036Z</time></trkpt><trkpt lat="59.170796" lon="11.525319"><ele>0.000000</ele><time>2026-09-14T12:47:37.037Z</time></trkpt><trkpt lat="59.170782" lon="11.525307"><ele>0.000000</ele><time>2026-09-14T12:47:38.038Z</time></trkpt><trkpt lat="59.170768" lon="11.525294"><ele>0.000000</ele><time>2026-09-14T12:47:39.039Z</time></trkpt><trkpt lat="59.170753" lon="11.525283"><ele>0.000000</ele><time>2026-09-14T12:47:40.040Z</time></trkpt><trkpt lat="59.170739" lon="11.525271"><ele>0.000000</ele><time>2026-09-14T12:47:41.041Z</time></trkpt><trkpt lat="59.170725" lon="11.525260"><ele>0.000000</ele><time>2026-09-14T12:47:42.042Z</time></trkpt><trkpt lat="59.170711" lon="11.525249"><ele>0.000000</ele><time>2026-09-14T12:47:43.043Z</time></trkpt><trkpt lat="59.170697" lon="11.525237"><ele>0.000000</ele><time>2026-09-14T12:47:44.044Z</time></trkpt><trkpt lat="59.170684" lon="11.525224"><ele>0.000000</ele><time>2026-09-14T12:47:45.045Z</time></trkpt><trkpt lat="59.170669" lon="11.525210"><ele>0.000000</ele><time>2026-09-14T12:47:46.046Z</time></trkpt><trkpt lat="59.170656" lon="11.525195"><ele>0.000000</ele><time>2026-09-14T12:47:47.047Z</time></trkpt><trkpt lat="59.170644" lon="11.525178"><ele>0.000000</ele><time>2026-09-14T12:47:48.048Z</time></trkpt><trkpt lat="59.170631" lon="11.525160"><ele>0.000000</ele><time>2026-09-14T12:47:49.049Z</time></trkpt><trkpt lat="59.170619" lon="11.525140"><ele>0.000000</ele><time>2026-09-14T12:47:50.050Z</time></trkpt><trkpt lat="59.170607" lon="11.525119"><ele>0.000000</ele><time>2026-09-14T12:47:51.051Z</time></trkpt><trkpt lat="59.170595" lon="11.525098"><ele>0.000000</ele><time>2026-09-14T12:47:52.052Z</time></trkpt><trkpt lat="59.170583" lon="11.525078"><ele>0.000000</ele><time>2026-09-14T12:47:53.053Z</time></trkpt><trkpt lat="59.170570" lon="11.525058"><ele>0.000000</ele><time>2026-09-14T12:47:54.054Z</time></trkpt><trkpt lat="59.170557" lon="11.525037"><ele>0.000000</ele><time>2026-09-14T12:47:55.055Z</time></trkpt><trkpt lat="59.170545" lon="11.525017"><ele>0.000000</ele><time>2026-09-14T12:47:56.056Z</time></trkpt><trkpt lat="59.170532" lon="11.524996"><ele>0.000000</ele><time>2026-09-14T12:47:57.057Z</time></trkpt><trkpt lat="59.170519" lon="11.524976"><ele>0.000000</ele><time>2026-09-14T12:47:58.058Z</time></trkpt><trkpt lat="59.170506" lon="11.524956"><ele>0.000000</ele><time>2026-09-14T12:47:59.059Z</time></trkpt><trkpt lat="59.170493" lon="11.524937"><ele>0.000000</ele><time>2026-09-14T12:48:00.000Z</time></trkpt><trkpt lat="59.170480" lon="11.524916"><ele>0.000000</ele><time>2026-09-14T12:48:01.001Z</time></trkpt><trkpt lat="59.170467" lon="11.524896"><ele>0.000000</ele><time>2026-09-14T12:48:02.002Z</time></trkpt><trkpt lat="59.170454" lon="11.524877"><ele>0.000000</ele><time>2026-09-14T12:48:03.003Z</time></trkpt><trkpt lat="59.170441" lon="11.524859"><ele>0.000000</ele><time>2026-09-14T12:48:04.004Z</time></trkpt><trkpt lat="59.170429" lon="11.524838"><ele>0.000000</ele><time>2026-09-14T12:48:05.005Z</time></trkpt><trkpt lat="59.170417" lon="11.524815"><ele>0.000000</ele><time>2026-09-14T12:48:06.006Z</time></trkpt><trkpt lat="59.170404" lon="11.524791"><ele>0.000000</ele><time>2026-09-14T12:48:07.007Z</time></trkpt><trkpt lat="59.170391" lon="11.524770"><ele>0.000000</ele><time>2026-09-14T12:48:08.008Z</time></trkpt><trkpt lat="59.170379" lon="11.524751"><ele>0.000000</ele><time>2026-09-14T12:48:09.009Z</time></trkpt><trkpt lat="59.170366" lon="11.524731"><ele>0.000000</ele><time>2026-09-14T12:48:10.010Z</time></trkpt><trkpt lat="59.170354" lon="11.524711"><ele>0.000000</ele><time>2026-09-14T12:48:11.011Z</time></trkpt><trkpt lat="59.170341" lon="11.524692"><ele>0.000000</ele><time>2026-09-14T12:48:12.012Z</time></trkpt><trkpt lat="59.170330" lon="11.524673"><ele>0.000000</ele><time>2026-09-14T12:48:13.013Z</time></trkpt><trkpt lat="59.170318" lon="11.524653"><ele>0.000000</ele><time>2026-09-14T12:48:14.014Z</time></trkpt><trkpt lat="59.170306" lon="11.524634"><ele>0.000000</ele><time>2026-09-14T12:48:15.015Z</time></trkpt><trkpt lat="59.170294" lon="11.524614"><ele>0.000000</ele><time>2026-09-14T12:48:16.016Z</time></trkpt><trkpt lat="59.170283" lon="11.524593"><ele>0.000000</ele><time>2026-09-14T12:48:17.017Z</time></trkpt><trkpt lat="59.170272" lon="11.524571"><ele>0.000000</ele><time>2026-09-14T12:48:18.018Z</time></trkpt><trkpt lat="59.170261" lon="11.524550"><ele>0.000000</ele><time>2026-09-14T12:48:19.019Z</time></trkpt><trkpt lat="59.170250" lon="11.524527"><ele>0.000000</ele><time>2026-09-14T12:48:20.020Z</time></trkpt><trkpt lat="59.170240" lon="11.524503"><ele>0.000000</ele><time>2026-09-14T12:48:21.021Z</time></trkpt><trkpt lat="59.170229" lon="11.524480"><ele>0.000000</ele><time>2026-09-14T12:48:22.022Z</time></trkpt><trkpt lat="59.170218" lon="11.524459"><ele>0.000000</ele><time>2026-09-14T12:48:23.023Z</time></trkpt><trkpt lat="59.170207" lon="11.524439"><ele>0.000000</ele><time>2026-09-14T12:48:24.024Z</time></trkpt><trkpt lat="59.170197" lon="11.524418"><ele>0.000000</ele><time>2026-09-14T12:48:25.025Z</time></trkpt><trkpt lat="59.170186" lon="11.524397"><ele>0.000000</ele><time>2026-09-14T12:48:26.026Z</time></trkpt><trkpt lat="59.170175" lon="11.524374"><ele>0.000000</ele><time>2026-09-14T12:48:27.027Z</time></trkpt><trkpt lat="59.170164" lon="11.524352"><ele>0.000000</ele><time>2026-09-14T12:48:28.028Z</time></trkpt><trkpt lat="59.170153" lon="11.524329"><ele>0.000000</ele><time>2026-09-14T12:48:29.029Z</time></trkpt><trkpt lat="59.170141" lon="11.524307"><ele>0.000000</ele><time>2026-09-14T12:48:30.030Z</time></trkpt><trkpt lat="59.170131" lon="11.524284"><ele>0.000000</ele><time>2026-09-14T12:48:31.031Z</time></trkpt><trkpt lat="59.170120" lon="11.524260"><ele>0.000000</ele><time>2026-09-14T12:48:32.032Z</time></trkpt><trkpt lat="59.170109" lon="11.524236"><ele>0.000000</ele><time>2026-09-14T12:48:33.033Z</time></trkpt><trkpt lat="59.170098" lon="11.524214"><ele>0.000000</ele><time>2026-09-14T12:48:34.034Z</time></trkpt><trkpt lat="59.170088" lon="11.524191"><ele>0.000000</ele><time>2026-09-14T12:48:35.035Z</time></trkpt><trkpt lat="59.170077" lon="11.524168"><ele>0.000000</ele><time>2026-09-14T12:48:36.036Z</time></trkpt><trkpt lat="59.170066" lon="11.524147"><ele>0.000000</ele><time>2026-09-14T12:48:37.037Z</time></trkpt><trkpt lat="59.170056" lon="11.524124"><ele>0.000000</ele><time>2026-09-14T12:48:38.038Z</time></trkpt><trkpt lat="59.170045" lon="11.524102"><ele>0.000000</ele><time>2026-09-14T12:48:39.039Z</time></trkpt><trkpt lat="59.170034" lon="11.524078"><ele>0.000000</ele><time>2026-09-14T12:48:40.040Z</time></trkpt><trkpt lat="59.170023" lon="11.524056"><ele>0.000000</ele><time>2026-09-14T12:48:41.041Z</time></trkpt><trkpt lat="59.170012" lon="11.524034"><ele>0.000000</ele><time>2026-09-14T12:48:42.042Z</time></trkpt><trkpt lat="59.170001" lon="11.524011"><ele>0.000000</ele><time>2026-09-14T12:48:42.042Z</time></trkpt><trkpt lat="59.169990" lon="11.523986"><ele>0.000000</ele><time>2026-09-14T12:48:43.043Z</time></trkpt><trkpt lat="59.169979" lon="11.523962"><ele>0.000000</ele><time>2026-09-14T12:48:44.044Z</time></trkpt><trkpt lat="59.169968" lon="11.523938"><ele>0.000000</ele><time>2026-09-14T12:48:45.045Z</time></trkpt><trkpt lat="59.169957" lon="11.523914"><ele>0.000000</ele><time>2026-09-14T12:48:46.046Z</time></trkpt><trkpt lat="59.169946" lon="11.523891"><ele>0.000000</ele><time>2026-09-14T12:48:47.047Z</time></trkpt><trkpt lat="59.169934" lon="11.523866"><ele>0.000000</ele><time>2026-09-14T12:48:48.048Z</time></trkpt><trkpt lat="59.169923" lon="11.523842"><ele>0.000000</ele><time>2026-09-14T12:48:49.049Z</time></trkpt><trkpt lat="59.169911" lon="11.523819"><ele>0.000000</ele><time>2026-09-14T12:48:50.050Z</time></trkpt><trkpt lat="59.169899" lon="11.523798"><ele>0.000000</ele><time>2026-09-14T12:48:51.051Z</time></trkpt><trkpt lat="59.169886" lon="11.523775"><ele>0.000000</ele><time>2026-09-14T12:48:52.052Z</time></trkpt><trkpt lat="59.169874" lon="11.523753"><ele>0.000000</ele><time>2026-09-14T12:48:53.053Z</time></trkpt><trkpt lat="59.169863" lon="11.523732"><ele>0.000000</ele><time>2026-09-14T12:48:54.054Z</time></trkpt><trkpt lat="59.169850" lon="11.523712"><ele>0.000000</ele><time>2026-09-14T12:48:55.055Z</time></trkpt><trkpt lat="59.169838" lon="11.523690"><ele>0.000000</ele><time>2026-09-14T12:48:56.056Z</time></trkpt><trkpt lat="59.169826" lon="11.523669"><ele>0.000000</ele><time>2026-09-14T12:48:57.057Z</time></trkpt><trkpt lat="59.169815" lon="11.523647"><ele>0.000000</ele><time>2026-09-14T12:48:58.058Z</time></trkpt><trkpt lat="59.169803" lon="11.523625"><ele>0.000000</ele><time>2026-09-14T12:48:59.059Z</time></trkpt><trkpt lat="59.169792" lon="11.523604"><ele>0.000000</ele><time>2026-09-14T12:49:00.000Z</time></trkpt><trkpt lat="59.169780" lon="11.523583"><ele>0.000000</ele><time>2026-09-14T12:49:01.001Z</time></trkpt><trkpt lat="59.169769" lon="11.523562"><ele>0.000000</ele><time>2026-09-14T12:49:02.002Z</time></trkpt><trkpt lat="59.169758" lon="11.523541"><ele>0.000000</ele><time>2026-09-14T12:49:03.003Z</time></trkpt><trkpt lat="59.169746" lon="11.523521"><ele>0.000000</ele><time>2026-09-14T12:49:04.004Z</time></trkpt><trkpt lat="59.169734" lon="11.523500"><ele>0.000000</ele><time>2026-09-14T12:49:05.005Z</time></trkpt><trkpt lat="59.169722" lon="11.523481"><ele>0.000000</ele><time>2026-09-14T12:49:06.006Z</time></trkpt><trkpt lat="59.169711" lon="11.523459"><ele>0.000000</ele><time>2026-09-14T12:49:08.008Z</time></trkpt><trkpt lat="59.169700" lon="11.523438"><ele>0.000000</ele><time>2026-09-14T12:49:09.009Z</time></trkpt><trkpt lat="59.169689" lon="11.523417"><ele>0.000000</ele><time>2026-09-14T12:49:10.010Z</time></trkpt><trkpt lat="59.169678" lon="11.523395"><ele>0.000000</ele><time>2026-09-14T12:49:11.011Z</time></trkpt><trkpt lat="59.169666" lon="11.523375"><ele>0.000000</ele><time>2026-09-14T12:49:12.012Z</time></trkpt><trkpt lat="59.169655" lon="11.523354"><ele>0.000000</ele><time>2026-09-14T12:49:13.013Z</time></trkpt><trkpt lat="59.169643" lon="11.523333"><ele>0.000000</ele><time>2026-09-14T12:49:14.014Z</time></trkpt><trkpt lat="59.169631" lon="11.523311"><ele>0.000000</ele><time>2026-09-14T12:49:15.015Z</time></trkpt><trkpt lat="59.169619" lon="11.523290"><ele>0.000000</ele><time>2026-09-14T12:49:16.016Z</time></trkpt><trkpt lat="59.169607" lon="11.523269"><ele>0.000000</ele><time>2026-09-14T12:49:17.017Z</time></trkpt><trkpt lat="59.169595" lon="11.523249"><ele>0.000000</ele><time>2026-09-14T12:49:18.018Z</time></trkpt><trkpt lat="59.169583" lon="11.523228"><ele>0.000000</ele><time>2026-09-14T12:49:19.019Z</time></trkpt><trkpt lat="59.169570" lon="11.523206"><ele>0.000000</ele><time>2026-09-14T12:49:20.020Z</time></trkpt><trkpt lat="59.169559" lon="11.523184"><ele>0.000000</ele><time>2026-09-14T12:49:21.021Z</time></trkpt><trkpt lat="59.169548" lon="11.523163"><ele>0.000000</ele><time>2026-09-14T12:49:22.022Z</time></trkpt><trkpt lat="59.169537" lon="11.523143"><ele>0.000000</ele><time>2026-09-14T12:49:23.023Z</time></trkpt><trkpt lat="59.169525" lon="11.523122"><ele>0.000000</ele><time>2026-09-14T12:49:24.024Z</time></trkpt><trkpt lat="59.169514" lon="11.523100"><ele>0.000000</ele><time>2026-09-14T12:49:25.025Z</time></trkpt><trkpt lat="59.169503" lon="11.523078"><ele>0.000000</ele><time>2026-09-14T12:49:26.026Z</time></trkpt><trkpt lat="59.169491" lon="11.523057"><ele>0.000000</ele><time>2026-09-14T12:49:27.027Z</time></trkpt><trkpt lat="59.169480" lon="11.523034"><ele>0.000000</ele><time>2026-09-14T12:49:28.028Z</time></trkpt><trkpt lat="59.169469" lon="11.523010"><ele>0.000000</ele><time>2026-09-14T12:49:29.029Z</time></trkpt><trkpt lat="59.169458" lon="11.522988"><ele>0.000000</ele><time>2026-09-14T12:49:30.030Z</time></trkpt><trkpt lat="59.169447" lon="11.522966"><ele>0.000000</ele><time>2026-09-14T12:49:31.031Z</time></trkpt><trkpt lat="59.169436" lon="11.522945"><ele>0.000000</ele><time>2026-09-14T12:49:32.032Z</time></trkpt><trkpt lat="59.169425" lon="11.522923"><ele>0.000000</ele><time>2026-09-14T12:49:33.033Z</time></trkpt><trkpt lat="59.169415" lon="11.522901"><ele>0.000000</ele><time>2026-09-14T12:49:34.034Z</time></trkpt><trkpt lat="59.169405" lon="11.522880"><ele>0.000000</ele><time>2026-09-14T12:49:35.035Z</time></trkpt><trkpt lat="59.169394" lon="11.522859"><ele>0.000000</ele><time>2026-09-14T12:49:36.036Z</time></trkpt><trkpt lat="59.169383" lon="11.522838"><ele>0.000000</ele><time>2026-09-14T12:49:37.037Z</time></trkpt><trkpt lat="59.169372" lon="11.522818"><ele>0.000000</ele><time>2026-09-14T12:49:38.038Z</time></trkpt><trkpt lat="59.169361" lon="11.522798"><ele>0.000000</ele><time>2026-09-14T12:49:39.039Z</time></trkpt><trkpt lat="59.169351" lon="11.522777"><ele>0.000000</ele><time>2026-09-14T12:49:40.040Z</time></trkpt><trkpt lat="59.169340" lon="11.522757"><ele>0.000000</ele><time>2026-09-14T12:49:41.041Z</time></trkpt><trkpt lat="59.169328" lon="11.522735"><ele>0.000000</ele><time>2026-09-14T12:49:42.042Z</time></trkpt><trkpt lat="59.169315" lon="11.522710"><ele>0.000000</ele><time>2026-09-14T12:49:43.043Z</time></trkpt><trkpt lat="59.169302" lon="11.522685"><ele>0.000000</ele><time>2026-09-14T12:49:44.044Z</time></trkpt><trkpt lat="59.169280" lon="11.522642"><ele>0.000000</ele><time>2026-09-14T12:49:46.046Z</time></trkpt><trkpt lat="59.169270" lon="11.522621"><ele>0.000000</ele><time>2026-09-14T12:49:47.047Z</time></trkpt><trkpt lat="59.169259" lon="11.522600"><ele>0.000000</ele><time>2026-09-14T12:49:48.048Z</time></trkpt><trkpt lat="59.169249" lon="11.522578"><ele>0.000000</ele><time>2026-09-14T12:49:49.049Z</time></trkpt><trkpt lat="59.169239" lon="11.522555"><ele>0.000000</ele><time>2026-09-14T12:49:50.050Z</time></trkpt><trkpt lat="59.169229" lon="11.522531"><ele>0.000000</ele><time>2026-09-14T12:49:51.051Z</time></trkpt><trkpt lat="59.169219" lon="11.522509"><ele>0.000000</ele><time>2026-09-14T12:49:52.052Z</time></trkpt><trkpt lat="59.169209" lon="11.522486"><ele>0.000000</ele><time>2026-09-14T12:49:53.053Z</time></trkpt><trkpt lat="59.169200" lon="11.522463"><ele>0.000000</ele><time>2026-09-14T12:49:54.054Z</time></trkpt><trkpt lat="59.169190" lon="11.522441"><ele>0.000000</ele><time>2026-09-14T12:49:55.055Z</time></trkpt><trkpt lat="59.169179" lon="11.522420"><ele>0.000000</ele><time>2026-09-14T12:49:56.056Z</time></trkpt><trkpt lat="59.169169" lon="11.522399"><ele>0.000000</ele><time>2026-09-14T12:49:57.057Z</time></trkpt><trkpt lat="59.169160" lon="11.522377"><ele>0.000000</ele><time>2026-09-14T12:49:58.058Z</time></trkpt><trkpt lat="59.169150" lon="11.522355"><ele>0.000000</ele><time>2026-09-14T12:49:59.059Z</time></trkpt><trkpt lat="59.169139" lon="11.522333"><ele>0.000000</ele><time>2026-09-14T12:50:00.000Z</time></trkpt><trkpt lat="59.169129" lon="11.522311"><ele>0.000000</ele><time>2026-09-14T12:50:01.001Z</time></trkpt><trkpt lat="59.169119" lon="11.522288"><ele>0.000000</ele><time>2026-09-14T12:50:02.002Z</time></trkpt><trkpt lat="59.169108" lon="11.522265"><ele>0.000000</ele><time>2026-09-14T12:50:03.003Z</time></trkpt><trkpt lat="59.169097" lon="11.522244"><ele>0.000000</ele><time>2026-09-14T12:50:04.004Z</time></trkpt><trkpt lat="59.169086" lon="11.522222"><ele>0.000000</ele><time>2026-09-14T12:50:05.005Z</time></trkpt><trkpt lat="59.169074" lon="11.522198"><ele>0.000000</ele><time>2026-09-14T12:50:06.006Z</time></trkpt><trkpt lat="59.169064" lon="11.522175"><ele>0.000000</ele><time>2026-09-14T12:50:07.007Z</time></trkpt><trkpt lat="59.169054" lon="11.522152"><ele>0.000000</ele><time>2026-09-14T12:50:08.008Z</time></trkpt><trkpt lat="59.169043" lon="11.522128"><ele>0.000000</ele><time>2026-09-14T12:50:09.009Z</time></trkpt><trkpt lat="59.169032" lon="11.522104"><ele>0.000000</ele><time>2026-09-14T12:50:10.010Z</time></trkpt><trkpt lat="59.169021" lon="11.522080"><ele>0.000000</ele><time>2026-09-14T12:50:11.011Z</time></trkpt><trkpt lat="59.169011" lon="11.522057"><ele>0.000000</ele><time>2026-09-14T12:50:12.012Z</time></trkpt><trkpt lat="59.169000" lon="11.522033"><ele>0.000000</ele><time>2026-09-14T12:50:13.013Z</time></trkpt><trkpt lat="59.168989" lon="11.522009"><ele>0.000000</ele><time>2026-09-14T12:50:14.014Z</time></trkpt><trkpt lat="59.168979" lon="11.521984"><ele>0.000000</ele><time>2026-09-14T12:50:15.015Z</time></trkpt><trkpt lat="59.168969" lon="11.521959"><ele>0.000000</ele><time>2026-09-14T12:50:16.016Z</time></trkpt><trkpt lat="59.168958" lon="11.521936"><ele>0.000000</ele><time>2026-09-14T12:50:17.017Z</time></trkpt><trkpt lat="59.168948" lon="11.521912"><ele>0.000000</ele><time>2026-09-14T12:50:18.018Z</time></trkpt><trkpt lat="59.168936" lon="11.521890"><ele>0.000000</ele><time>2026-09-14T12:50:19.019Z</time></trkpt><trkpt lat="59.168925" lon="11.521866"><ele>0.000000</ele><time>2026-09-14T12:50:20.020Z</time></trkpt><trkpt lat="59.168915" lon="11.521843"><ele>0.000000</ele><time>2026-09-14T12:50:21.021Z</time></trkpt><trkpt lat="59.168904" lon="11.521820"><ele>0.000000</ele><time>2026-09-14T12:50:22.022Z</time></trkpt><trkpt lat="59.168893" lon="11.521800"><ele>0.000000</ele><time>2026-09-14T12:50:23.023Z</time></trkpt><trkpt lat="59.168882" lon="11.521780"><ele>0.000000</ele><time>2026-09-14T12:50:24.024Z</time></trkpt><trkpt lat="59.168870" lon="11.521759"><ele>0.000000</ele><time>2026-09-14T12:50:25.025Z</time></trkpt><trkpt lat="59.168859" lon="11.521736"><ele>0.000000</ele><time>2026-09-14T12:50:26.026Z</time></trkpt><trkpt lat="59.168848" lon="11.521712"><ele>0.000000</ele><time>2026-09-14T12:50:27.027Z</time></trkpt><trkpt lat="59.168837" lon="11.521689"><ele>0.000000</ele><time>2026-09-14T12:50:28.028Z</time></trkpt><trkpt lat="59.168825" lon="11.521666"><ele>0.000000</ele><time>2026-09-14T12:50:29.029Z</time></trkpt><trkpt lat="59.168815" lon="11.521643"><ele>0.000000</ele><time>2026-09-14T12:50:30.030Z</time></trkpt><trkpt lat="59.168805" lon="11.521620"><ele>0.000000</ele><time>2026-09-14T12:50:31.031Z</time></trkpt><trkpt lat="59.168794" lon="11.521597"><ele>0.000000</ele><time>2026-09-14T12:50:32.032Z</time></trkpt><trkpt lat="59.168783" lon="11.521574"><ele>0.000000</ele><time>2026-09-14T12:50:33.033Z</time></trkpt><trkpt lat="59.168772" lon="11.521550"><ele>0.000000</ele><time>2026-09-14T12:50:34.034Z</time></trkpt><trkpt lat="59.168761" lon="11.521526"><ele>0.000000</ele><time>2026-09-14T12:50:35.035Z</time></trkpt><trkpt lat="59.168751" lon="11.521503"><ele>0.000000</ele><time>2026-09-14T12:50:36.036Z</time></trkpt><trkpt lat="59.168741" lon="11.521478"><ele>0.000000</ele><time>2026-09-14T12:50:37.037Z</time></trkpt><trkpt lat="59.168730" lon="11.521451"><ele>0.000000</ele><time>2026-09-14T12:50:38.038Z</time></trkpt><trkpt lat="59.168720" lon="11.521426"><ele>0.000000</ele><time>2026-09-14T12:50:39.039Z</time></trkpt><trkpt lat="59.168709" lon="11.521401"><ele>0.000000</ele><time>2026-09-14T12:50:40.040Z</time></trkpt><trkpt lat="59.168698" lon="11.521378"><ele>0.000000</ele><time>2026-09-14T12:50:41.041Z</time></trkpt><trkpt lat="59.168686" lon="11.521354"><ele>0.000000</ele><time>2026-09-14T12:50:42.042Z</time></trkpt><trkpt lat="59.168676" lon="11.521331"><ele>0.000000</ele><time>2026-09-14T12:50:43.043Z</time></trkpt><trkpt lat="59.168665" lon="11.521308"><ele>0.000000</ele><time>2026-09-14T12:50:44.044Z</time></trkpt><trkpt lat="59.168654" lon="11.521287"><ele>0.000000</ele><time>2026-09-14T12:50:45.045Z</time></trkpt><trkpt lat="59.168642" lon="11.521265"><ele>0.000000</ele><time>2026-09-14T12:50:46.046Z</time></trkpt><trkpt lat="59.168630" lon="11.521242"><ele>0.000000</ele><time>2026-09-14T12:50:47.047Z</time></trkpt><trkpt lat="59.168619" lon="11.521221"><ele>0.000000</ele><time>2026-09-14T12:50:48.048Z</time></trkpt><trkpt lat="59.168608" lon="11.521201"><ele>0.000000</ele><time>2026-09-14T12:50:49.049Z</time></trkpt><trkpt lat="59.168596" lon="11.521182"><ele>0.000000</ele><time>2026-09-14T12:50:50.050Z</time></trkpt><trkpt lat="59.168585" lon="11.521161"><ele>0.000000</ele><time>2026-09-14T12:50:51.051Z</time></trkpt><trkpt lat="59.168573" lon="11.521140"><ele>0.000000</ele><time>2026-09-14T12:50:52.052Z</time></trkpt><trkpt lat="59.168563" lon="11.521119"><ele>0.000000</ele><time>2026-09-14T12:50:53.053Z</time></trkpt><trkpt lat="59.168553" lon="11.521099"><ele>0.000000</ele><time>2026-09-14T12:50:54.054Z</time></trkpt><trkpt lat="59.168543" lon="11.521078"><ele>0.000000</ele><time>2026-09-14T12:50:55.055Z</time></trkpt><trkpt lat="59.168533" lon="11.521055"><ele>0.000000</ele><time>2026-09-14T12:50:56.056Z</time></trkpt><trkpt lat="59.168524" lon="11.521032"><ele>0.000000</ele><time>2026-09-14T12:50:57.057Z</time></trkpt><trkpt lat="59.168514" lon="11.521011"><ele>0.000000</ele><time>2026-09-14T12:50:58.058Z</time></trkpt><trkpt lat="59.168503" lon="11.520989"><ele>0.000000</ele><time>2026-09-14T12:50:59.059Z</time></trkpt><trkpt lat="59.168493" lon="11.520966"><ele>0.000000</ele><time>2026-09-14T12:51:00.000Z</time></trkpt><trkpt lat="59.168482" lon="11.520942"><ele>0.000000</ele><time>2026-09-14T12:51:01.001Z</time></trkpt><trkpt lat="59.168471" lon="11.520921"><ele>0.000000</ele><time>2026-09-14T12:51:02.002Z</time></trkpt><trkpt lat="59.168459" lon="11.520899"><ele>0.000000</ele><time>2026-09-14T12:51:03.003Z</time></trkpt><trkpt lat="59.168448" lon="11.520877"><ele>0.000000</ele><time>2026-09-14T12:51:04.004Z</time></trkpt><trkpt lat="59.168437" lon="11.520854"><ele>0.000000</ele><time>2026-09-14T12:51:05.005Z</time></trkpt><trkpt lat="59.168426" lon="11.520831"><ele>0.000000</ele><time>2026-09-14T12:51:06.006Z</time></trkpt><trkpt lat="59.168416" lon="11.520806"><ele>0.000000</ele><time>2026-09-14T12:51:07.007Z</time></trkpt><trkpt lat="59.168405" lon="11.520782"><ele>0.000000</ele><time>2026-09-14T12:51:08.008Z</time></trkpt><trkpt lat="59.168394" lon="11.520758"><ele>0.000000</ele><time>2026-09-14T12:51:09.009Z</time></trkpt><trkpt lat="59.168383" lon="11.520734"><ele>0.000000</ele><time>2026-09-14T12:51:10.010Z</time></trkpt><trkpt lat="59.168373" lon="11.520712"><ele>0.000000</ele><time>2026-09-14T12:51:11.011Z</time></trkpt><trkpt lat="59.168362" lon="11.520689"><ele>0.000000</ele><time>2026-09-14T12:51:12.012Z</time></trkpt><trkpt lat="59.168351" lon="11.520668"><ele>0.000000</ele><time>2026-09-14T12:51:13.013Z</time></trkpt><trkpt lat="59.168339" lon="11.520647"><ele>0.000000</ele><time>2026-09-14T12:51:14.014Z</time></trkpt><trkpt lat="59.168329" lon="11.520626"><ele>0.000000</ele><time>2026-09-14T12:51:15.015Z</time></trkpt><trkpt lat="59.168318" lon="11.520605"><ele>0.000000</ele><time>2026-09-14T12:51:16.016Z</time></trkpt><trkpt lat="59.168308" lon="11.520582"><ele>0.000000</ele><time>2026-09-14T12:51:17.017Z</time></trkpt><trkpt lat="59.168297" lon="11.520559"><ele>0.000000</ele><time>2026-09-14T12:51:18.018Z</time></trkpt><trkpt lat="59.168287" lon="11.520539"><ele>0.000000</ele><time>2026-09-14T12:51:19.019Z</time></trkpt><trkpt lat="59.168276" lon="11.520517"><ele>0.000000</ele><time>2026-09-14T12:51:20.020Z</time></trkpt><trkpt lat="59.168265" lon="11.520497"><ele>0.000000</ele><time>2026-09-14T12:51:21.021Z</time></trkpt><trkpt lat="59.168254" lon="11.520474"><ele>0.000000</ele><time>2026-09-14T12:51:22.022Z</time></trkpt><trkpt lat="59.168244" lon="11.520453"><ele>0.000000</ele><time>2026-09-14T12:51:23.023Z</time></trkpt><trkpt lat="59.168233" lon="11.520432"><ele>0.000000</ele><time>2026-09-14T12:51:24.024Z</time></trkpt><trkpt lat="59.168223" lon="11.520411"><ele>0.000000</ele><time>2026-09-14T12:51:25.025Z</time></trkpt><trkpt lat="59.168214" lon="11.520390"><ele>0.000000</ele><time>2026-09-14T12:51:26.026Z</time></trkpt><trkpt lat="59.168203" lon="11.520367"><ele>0.000000</ele><time>2026-09-14T12:51:27.027Z</time></trkpt><trkpt lat="59.168182" lon="11.520325"><ele>0.000000</ele><time>2026-09-14T12:51:29.029Z</time></trkpt><trkpt lat="59.168173" lon="11.520304"><ele>0.000000</ele><time>2026-09-14T12:51:30.030Z</time></trkpt><trkpt lat="59.168162" lon="11.520281"><ele>0.000000</ele><time>2026-09-14T12:51:31.031Z</time></trkpt><trkpt lat="59.168152" lon="11.520258"><ele>0.000000</ele><time>2026-09-14T12:51:32.032Z</time></trkpt><trkpt lat="59.168142" lon="11.520236"><ele>0.000000</ele><time>2026-09-14T12:51:33.033Z</time></trkpt><trkpt lat="59.168132" lon="11.520215"><ele>0.000000</ele><time>2026-09-14T12:51:34.034Z</time></trkpt><trkpt lat="59.168122" lon="11.520194"><ele>0.000000</ele><time>2026-09-14T12:51:35.035Z</time></trkpt><trkpt lat="59.168111" lon="11.520175"><ele>0.000000</ele><time>2026-09-14T12:51:36.036Z</time></trkpt><trkpt lat="59.168101" lon="11.520153"><ele>0.000000</ele><time>2026-09-14T12:51:37.037Z</time></trkpt><trkpt lat="59.168092" lon="11.520131"><ele>0.000000</ele><time>2026-09-14T12:51:38.038Z</time></trkpt><trkpt lat="59.168082" lon="11.520109"><ele>0.000000</ele><time>2026-09-14T12:51:39.039Z</time></trkpt><trkpt lat="59.168073" lon="11.520089"><ele>0.000000</ele><time>2026-09-14T12:51:40.040Z</time></trkpt><trkpt lat="59.168063" lon="11.520068"><ele>0.000000</ele><time>2026-09-14T12:51:41.041Z</time></trkpt><trkpt lat="59.168054" lon="11.520048"><ele>0.000000</ele><time>2026-09-14T12:51:42.042Z</time></trkpt><trkpt lat="59.168044" lon="11.520028"><ele>0.000000</ele><time>2026-09-14T12:51:43.043Z</time></trkpt><trkpt lat="59.168035" lon="11.520009"><ele>0.000000</ele><time>2026-09-14T12:51:44.044Z</time></trkpt><trkpt lat="59.168024" lon="11.519988"><ele>0.000000</ele><time>2026-09-14T12:51:45.045Z</time></trkpt><trkpt lat="59.168015" lon="11.519968"><ele>0.000000</ele><time>2026-09-14T12:51:46.046Z</time></trkpt><trkpt lat="59.168004" lon="11.519946"><ele>0.000000</ele><time>2026-09-14T12:51:47.047Z</time></trkpt><trkpt lat="59.167994" lon="11.519925"><ele>0.000000</ele><time>2026-09-14T12:51:48.048Z</time></trkpt><trkpt lat="59.167984" lon="11.519905"><ele>0.000000</ele><time>2026-09-14T12:51:49.049Z</time></trkpt><trkpt lat="59.167973" lon="11.519886"><ele>0.000000</ele><time>2026-09-14T12:51:50.050Z</time></trkpt><trkpt lat="59.167962" lon="11.519866"><ele>0.000000</ele><time>2026-09-14T12:51:51.051Z</time></trkpt><trkpt lat="59.167952" lon="11.519845"><ele>0.000000</ele><time>2026-09-14T12:51:52.052Z</time></trkpt><trkpt lat="59.167941" lon="11.519823"><ele>0.000000</ele><time>2026-09-14T12:51:53.053Z</time></trkpt><trkpt lat="59.167929" lon="11.519803"><ele>0.000000</ele><time>2026-09-14T12:51:54.054Z</time></trkpt><trkpt lat="59.167918" lon="11.519781"><ele>0.000000</ele><time>2026-09-14T12:51:55.055Z</time></trkpt><trkpt lat="59.167906" lon="11.519759"><ele>0.000000</ele><time>2026-09-14T12:51:56.056Z</time></trkpt><trkpt lat="59.167894" lon="11.519738"><ele>0.000000</ele><time>2026-09-14T12:51:57.057Z</time></trkpt><trkpt lat="59.167882" lon="11.519716"><ele>0.000000</ele><time>2026-09-14T12:51:58.058Z</time></trkpt><trkpt lat="59.167870" lon="11.519695"><ele>0.000000</ele><time>2026-09-14T12:51:59.059Z</time></trkpt><trkpt lat="59.167859" lon="11.519674"><ele>0.000000</ele><time>2026-09-14T12:52:00.000Z</time></trkpt><trkpt lat="59.167847" lon="11.519656"><ele>0.000000</ele><time>2026-09-14T12:52:01.001Z</time></trkpt><trkpt lat="59.167837" lon="11.519636"><ele>0.000000</ele><time>2026-09-14T12:52:02.002Z</time></trkpt><trkpt lat="59.167826" lon="11.519616"><ele>0.000000</ele><time>2026-09-14T12:52:03.003Z</time></trkpt><trkpt lat="59.167815" lon="11.519594"><ele>0.000000</ele><time>2026-09-14T12:52:04.004Z</time></trkpt><trkpt lat="59.167805" lon="11.519574"><ele>0.000000</ele><time>2026-09-14T12:52:05.005Z</time></trkpt><trkpt lat="59.167794" lon="11.519552"><ele>0.000000</ele><time>2026-09-14T12:52:06.006Z</time></trkpt><trkpt lat="59.167783" lon="11.519529"><ele>0.000000</ele><time>2026-09-14T12:52:07.007Z</time></trkpt><trkpt lat="59.167772" lon="11.519507"><ele>0.000000</ele><time>2026-09-14T12:52:08.008Z</time></trkpt><trkpt lat="59.167760" lon="11.519485"><ele>0.000000</ele><time>2026-09-14T12:52:09.009Z</time></trkpt><trkpt lat="59.167749" lon="11.519463"><ele>0.000000</ele><time>2026-09-14T12:52:10.010Z</time></trkpt><trkpt lat="59.167738" lon="11.519439"><ele>0.000000</ele><time>2026-09-14T12:52:11.011Z</time></trkpt><trkpt lat="59.167728" lon="11.519417"><ele>0.000000</ele><time>2026-09-14T12:52:12.012Z</time></trkpt><trkpt lat="59.167716" lon="11.519398"><ele>0.000000</ele><time>2026-09-14T12:52:13.013Z</time></trkpt><trkpt lat="59.167705" lon="11.519377"><ele>0.000000</ele><time>2026-09-14T12:52:14.014Z</time></trkpt><trkpt lat="59.167695" lon="11.519356"><ele>0.000000</ele><time>2026-09-14T12:52:15.015Z</time></trkpt><trkpt lat="59.167685" lon="11.519334"><ele>0.000000</ele><time>2026-09-14T12:52:16.016Z</time></trkpt><trkpt lat="59.167675" lon="11.519315"><ele>0.000000</ele><time>2026-09-14T12:52:17.017Z</time></trkpt><trkpt lat="59.167666" lon="11.519295"><ele>0.000000</ele><time>2026-09-14T12:52:18.018Z</time></trkpt><trkpt lat="59.167656" lon="11.519275"><ele>0.000000</ele><time>2026-09-14T12:52:19.019Z</time></trkpt><trkpt lat="59.167647" lon="11.519254"><ele>0.000000</ele><time>2026-09-14T12:52:20.020Z</time></trkpt><trkpt lat="59.167637" lon="11.519234"><ele>0.000000</ele><time>2026-09-14T12:52:21.021Z</time></trkpt><trkpt lat="59.167627" lon="11.519213"><ele>0.000000</ele><time>2026-09-14T12:52:22.022Z</time></trkpt><trkpt lat="59.167617" lon="11.519191"><ele>0.000000</ele><time>2026-09-14T12:52:23.023Z</time></trkpt><trkpt lat="59.167606" lon="11.519169"><ele>0.000000</ele><time>2026-09-14T12:52:24.024Z</time></trkpt><trkpt lat="59.167585" lon="11.519130"><ele>0.000000</ele><time>2026-09-14T12:52:26.026Z</time></trkpt><trkpt lat="59.167574" lon="11.519109"><ele>0.000000</ele><time>2026-09-14T12:52:27.027Z</time></trkpt><trkpt lat="59.167563" lon="11.519087"><ele>0.000000</ele><time>2026-09-14T12:52:28.028Z</time></trkpt><trkpt lat="59.167552" lon="11.519069"><ele>0.000000</ele><time>2026-09-14T12:52:29.029Z</time></trkpt><trkpt lat="59.167540" lon="11.519051"><ele>0.000000</ele><time>2026-09-14T12:52:30.030Z</time></trkpt><trkpt lat="59.167529" lon="11.519036"><ele>0.000000</ele><time>2026-09-14T12:52:31.031Z</time></trkpt><trkpt lat="59.167518" lon="11.519018"><ele>0.000000</ele><time>2026-09-14T12:52:32.032Z</time></trkpt><trkpt lat="59.167508" lon="11.518999"><ele>0.000000</ele><time>2026-09-14T12:52:33.033Z</time></trkpt><trkpt lat="59.167497" lon="11.518980"><ele>0.000000</ele><time>2026-09-14T12:52:34.034Z</time></trkpt><trkpt lat="59.167486" lon="11.518962"><ele>0.000000</ele><time>2026-09-14T12:52:35.035Z</time></trkpt><trkpt lat="59.167475" lon="11.518941"><ele>0.000000</ele><time>2026-09-14T12:52:36.036Z</time></trkpt><trkpt lat="59.167464" lon="11.518920"><ele>0.000000</ele><time>2026-09-14T12:52:37.037Z</time></trkpt><trkpt lat="59.167453" lon="11.518899"><ele>0.000000</ele><time>2026-09-14T12:52:38.038Z</time></trkpt><trkpt lat="59.167442" lon="11.518879"><ele>0.000000</ele><time>2026-09-14T12:52:39.039Z</time></trkpt><trkpt lat="59.167431" lon="11.518859"><ele>0.000000</ele><time>2026-09-14T12:52:40.040Z</time></trkpt><trkpt lat="59.167419" lon="11.518838"><ele>0.000000</ele><time>2026-09-14T12:52:41.041Z</time></trkpt><trkpt lat="59.167407" lon="11.518818"><ele>0.000000</ele><time>2026-09-14T12:52:42.042Z</time></trkpt><trkpt lat="59.167395" lon="11.518797"><ele>0.000000</ele><time>2026-09-14T12:52:43.043Z</time></trkpt><trkpt lat="59.167384" lon="11.518775"><ele>0.000000</ele><time>2026-09-14T12:52:44.044Z</time></trkpt><trkpt lat="59.167372" lon="11.518753"><ele>0.000000</ele><time>2026-09-14T12:52:45.045Z</time></trkpt><trkpt lat="59.167361" lon="11.518733"><ele>0.000000</ele><time>2026-09-14T12:52:46.046Z</time></trkpt><trkpt lat="59.167350" lon="11.518711"><ele>0.000000</ele><time>2026-09-14T12:52:47.047Z</time></trkpt><trkpt lat="59.167339" lon="11.518689"><ele>0.000000</ele><time>2026-09-14T12:52:48.048Z</time></trkpt><trkpt lat="59.167329" lon="11.518665"><ele>0.000000</ele><time>2026-09-14T12:52:49.049Z</time></trkpt><trkpt lat="59.167318" lon="11.518642"><ele>0.000000</ele><time>2026-09-14T12:52:50.050Z</time></trkpt><trkpt lat="59.167308" lon="11.518619"><ele>0.000000</ele><time>2026-09-14T12:52:51.051Z</time></trkpt><trkpt lat="59.167298" lon="11.518596"><ele>0.000000</ele><time>2026-09-14T12:52:52.052Z</time></trkpt><trkpt lat="59.167289" lon="11.518572"><ele>0.000000</ele><time>2026-09-14T12:52:53.053Z</time></trkpt><trkpt lat="59.167279" lon="11.518548"><ele>0.000000</ele><time>2026-09-14T12:52:54.054Z</time></trkpt><trkpt lat="59.167270" lon="11.518526"><ele>0.000000</ele><time>2026-09-14T12:52:55.055Z</time></trkpt><trkpt lat="59.167260" lon="11.518503"><ele>0.000000</ele><time>2026-09-14T12:52:56.056Z</time></trkpt><trkpt lat="59.167251" lon="11.518481"><ele>0.000000</ele><time>2026-09-14T12:52:57.057Z</time></trkpt><trkpt lat="59.167241" lon="11.518458"><ele>0.000000</ele><time>2026-09-14T12:52:58.058Z</time></trkpt><trkpt lat="59.167231" lon="11.518436"><ele>0.000000</ele><time>2026-09-14T12:52:59.059Z</time></trkpt><trkpt lat="59.167221" lon="11.518415"><ele>0.000000</ele><time>2026-09-14T12:53:00.000Z</time></trkpt><trkpt lat="59.167210" lon="11.518393"><ele>0.000000</ele><time>2026-09-14T12:53:01.001Z</time></trkpt><trkpt lat="59.167200" lon="11.518371"><ele>0.000000</ele><time>2026-09-14T12:53:02.002Z</time></trkpt><trkpt lat="59.167188" lon="11.518350"><ele>0.000000</ele><time>2026-09-14T12:53:03.003Z</time></trkpt><trkpt lat="59.167178" lon="11.518328"><ele>0.000000</ele><time>2026-09-14T12:53:04.004Z</time></trkpt><trkpt lat="59.167168" lon="11.518307"><ele>0.000000</ele><time>2026-09-14T12:53:05.005Z</time></trkpt><trkpt lat="59.167157" lon="11.518288"><ele>0.000000</ele><time>2026-09-14T12:53:06.006Z</time></trkpt><trkpt lat="59.167146" lon="11.518268"><ele>0.000000</ele><time>2026-09-14T12:53:07.007Z</time></trkpt><trkpt lat="59.167136" lon="11.518248"><ele>0.000000</ele><time>2026-09-14T12:53:08.008Z</time></trkpt><trkpt lat="59.167125" lon="11.518226"><ele>0.000000</ele><time>2026-09-14T12:53:09.009Z</time></trkpt><trkpt lat="59.167115" lon="11.518206"><ele>0.000000</ele><time>2026-09-14T12:53:10.010Z</time></trkpt><trkpt lat="59.167104" lon="11.518184"><ele>0.000000</ele><time>2026-09-14T12:53:11.011Z</time></trkpt><trkpt lat="59.167094" lon="11.518162"><ele>0.000000</ele><time>2026-09-14T12:53:12.012Z</time></trkpt><trkpt lat="59.167084" lon="11.518140"><ele>0.000000</ele><time>2026-09-14T12:53:13.013Z</time></trkpt><trkpt lat="59.167074" lon="11.518117"><ele>0.000000</ele><time>2026-09-14T12:53:14.014Z</time></trkpt><trkpt lat="59.167064" lon="11.518095"><ele>0.000000</ele><time>2026-09-14T12:53:15.015Z</time></trkpt><trkpt lat="59.167054" lon="11.518071"><ele>0.000000</ele><time>2026-09-14T12:53:16.016Z</time></trkpt><trkpt lat="59.167044" lon="11.518047"><ele>0.000000</ele><time>2026-09-14T12:53:17.017Z</time></trkpt><trkpt lat="59.167034" lon="11.518023"><ele>0.000000</ele><time>2026-09-14T12:53:18.018Z</time></trkpt><trkpt lat="59.167024" lon="11.518001"><ele>0.000000</ele><time>2026-09-14T12:53:19.019Z</time></trkpt><trkpt lat="59.167014" lon="11.517978"><ele>0.000000</ele><time>2026-09-14T12:53:20.020Z</time></trkpt><trkpt lat="59.167005" lon="11.517955"><ele>0.000000</ele><time>2026-09-14T12:53:21.021Z</time></trkpt><trkpt lat="59.166996" lon="11.517932"><ele>0.000000</ele><time>2026-09-14T12:53:22.022Z</time></trkpt><trkpt lat="59.166987" lon="11.517910"><ele>0.000000</ele><time>2026-09-14T12:53:23.023Z</time></trkpt><trkpt lat="59.166977" lon="11.517888"><ele>0.000000</ele><time>2026-09-14T12:53:24.024Z</time></trkpt><trkpt lat="59.166968" lon="11.517867"><ele>0.000000</ele><time>2026-09-14T12:53:25.025Z</time></trkpt><trkpt lat="59.166958" lon="11.517846"><ele>0.000000</ele><time>2026-09-14T12:53:26.026Z</time></trkpt><trkpt lat="59.166948" lon="11.517826"><ele>0.000000</ele><time>2026-09-14T12:53:27.027Z</time></trkpt><trkpt lat="59.166938" lon="11.517806"><ele>0.000000</ele><time>2026-09-14T12:53:28.028Z</time></trkpt><trkpt lat="59.166928" lon="11.517784"><ele>0.000000</ele><time>2026-09-14T12:53:29.029Z</time></trkpt><trkpt lat="59.166909" lon="11.517742"><ele>0.000000</ele><time>2026-09-14T12:53:31.031Z</time></trkpt><trkpt lat="59.166899" lon="11.517721"><ele>0.000000</ele><time>2026-09-14T12:53:32.032Z</time></trkpt><trkpt lat="59.166889" lon="11.517699"><ele>0.000000</ele><time>2026-09-14T12:53:33.033Z</time></trkpt><trkpt lat="59.166879" lon="11.517678"><ele>0.000000</ele><time>2026-09-14T12:53:34.034Z</time></trkpt><trkpt lat="59.166869" lon="11.517656"><ele>0.000000</ele><time>2026-09-14T12:53:35.035Z</time></trkpt><trkpt lat="59.166859" lon="11.517636"><ele>0.000000</ele><time>2026-09-14T12:53:36.036Z</time></trkpt><trkpt lat="59.166848" lon="11.517614"><ele>0.000000</ele><time>2026-09-14T12:53:37.037Z</time></trkpt><trkpt lat="59.166837" lon="11.517592"><ele>0.000000</ele><time>2026-09-14T12:53:38.038Z</time></trkpt><trkpt lat="59.166826" lon="11.517571"><ele>0.000000</ele><time>2026-09-14T12:53:39.039Z</time></trkpt><trkpt lat="59.166815" lon="11.517548"><ele>0.000000</ele><time>2026-09-14T12:53:40.040Z</time></trkpt><trkpt lat="59.166804" lon="11.517527"><ele>0.000000</ele><time>2026-09-14T12:53:41.041Z</time></trkpt><trkpt lat="59.166793" lon="11.517504"><ele>0.000000</ele><time>2026-09-14T12:53:42.042Z</time></trkpt><trkpt lat="59.166781" lon="11.517482"><ele>0.000000</ele><time>2026-09-14T12:53:43.043Z</time></trkpt><trkpt lat="59.166770" lon="11.517459"><ele>0.000000</ele><time>2026-09-14T12:53:44.044Z</time></trkpt><trkpt lat="59.166759" lon="11.517437"><ele>0.000000</ele><time>2026-09-14T12:53:45.045Z</time></trkpt><trkpt lat="59.166749" lon="11.517415"><ele>0.000000</ele><time>2026-09-14T12:53:46.046Z</time></trkpt><trkpt lat="59.166738" lon="11.517393"><ele>0.000000</ele><time>2026-09-14T12:53:47.047Z</time></trkpt><trkpt lat="59.166728" lon="11.517370"><ele>0.000000</ele><time>2026-09-14T12:53:48.048Z</time></trkpt><trkpt lat="59.166718" lon="11.517348"><ele>0.000000</ele><time>2026-09-14T12:53:49.049Z</time></trkpt><trkpt lat="59.166707" lon="11.517327"><ele>0.000000</ele><time>2026-09-14T12:53:50.050Z</time></trkpt><trkpt lat="59.166697" lon="11.517306"><ele>0.000000</ele><time>2026-09-14T12:53:51.051Z</time></trkpt><trkpt lat="59.166685" lon="11.517279"><ele>0.000000</ele><time>2026-09-14T12:53:52.052Z</time></trkpt><trkpt lat="59.166674" lon="11.517255"><ele>0.000000</ele><time>2026-09-14T12:53:53.053Z</time></trkpt><trkpt lat="59.166663" lon="11.517231"><ele>0.000000</ele><time>2026-09-14T12:53:54.054Z</time></trkpt><trkpt lat="59.166652" lon="11.517209"><ele>0.000000</ele><time>2026-09-14T12:53:55.055Z</time></trkpt><trkpt lat="59.166641" lon="11.517187"><ele>0.000000</ele><time>2026-09-14T12:53:56.056Z</time></trkpt><trkpt lat="59.166631" lon="11.517166"><ele>0.000000</ele><time>2026-09-14T12:53:57.057Z</time></trkpt><trkpt lat="59.166620" lon="11.517145"><ele>0.000000</ele><time>2026-09-14T12:53:58.058Z</time></trkpt><trkpt lat="59.166609" lon="11.517125"><ele>0.000000</ele><time>2026-09-14T12:53:59.059Z</time></trkpt><trkpt lat="59.166598" lon="11.517103"><ele>0.000000</ele><time>2026-09-14T12:54:00.000Z</time></trkpt><trkpt lat="59.166588" lon="11.517083"><ele>0.000000</ele><time>2026-09-14T12:54:01.001Z</time></trkpt><trkpt lat="59.166577" lon="11.517063"><ele>0.000000</ele><time>2026-09-14T12:54:02.002Z</time></trkpt><trkpt lat="59.166567" lon="11.517047"><ele>0.000000</ele><time>2026-09-14T12:54:03.003Z</time></trkpt><trkpt lat="59.166556" lon="11.517029"><ele>0.000000</ele><time>2026-09-14T12:54:04.004Z</time></trkpt><trkpt lat="59.166545" lon="11.517008"><ele>0.000000</ele><time>2026-09-14T12:54:05.005Z</time></trkpt><trkpt lat="59.166533" lon="11.516987"><ele>0.000000</ele><time>2026-09-14T12:54:06.006Z</time></trkpt><trkpt lat="59.166521" lon="11.516966"><ele>0.000000</ele><time>2026-09-14T12:54:07.007Z</time></trkpt><trkpt lat="59.166511" lon="11.516947"><ele>0.000000</ele><time>2026-09-14T12:54:08.008Z</time></trkpt><trkpt lat="59.166499" lon="11.516927"><ele>0.000000</ele><time>2026-09-14T12:54:09.009Z</time></trkpt><trkpt lat="59.166489" lon="11.516906"><ele>0.000000</ele><time>2026-09-14T12:54:10.010Z</time></trkpt><trkpt lat="59.166477" lon="11.516884"><ele>0.000000</ele><time>2026-09-14T12:54:11.011Z</time></trkpt><trkpt lat="59.166456" lon="11.516844"><ele>0.000000</ele><time>2026-09-14T12:54:13.013Z</time></trkpt><trkpt lat="59.166446" lon="11.516823"><ele>0.000000</ele><time>2026-09-14T12:54:14.014Z</time></trkpt><trkpt lat="59.166436" lon="11.516801"><ele>0.000000</ele><time>2026-09-14T12:54:15.015Z</time></trkpt><trkpt lat="59.166426" lon="11.516780"><ele>0.000000</ele><time>2026-09-14T12:54:16.016Z</time></trkpt><trkpt lat="59.166416" lon="11.516756"><ele>0.000000</ele><time>2026-09-14T12:54:17.017Z</time></trkpt><trkpt lat="59.166406" lon="11.516731"><ele>0.000000</ele><time>2026-09-14T12:54:18.018Z</time></trkpt><trkpt lat="59.166396" lon="11.516706"><ele>0.000000</ele><time>2026-09-14T12:54:19.019Z</time></trkpt><trkpt lat="59.166386" lon="11.516681"><ele>0.000000</ele><time>2026-09-14T12:54:20.020Z</time></trkpt><trkpt lat="59.166367" lon="11.516635"><ele>0.000000</ele><time>2026-09-14T12:54:22.022Z</time></trkpt><trkpt lat="59.166358" lon="11.516613"><ele>0.000000</ele><time>2026-09-14T12:54:23.023Z</time></trkpt><trkpt lat="59.166349" lon="11.516590"><ele>0.000000</ele><time>2026-09-14T12:54:24.024Z</time></trkpt><trkpt lat="59.166339" lon="11.516569"><ele>0.000000</ele><time>2026-09-14T12:54:25.025Z</time></trkpt><trkpt lat="59.166330" lon="11.516546"><ele>0.000000</ele><time>2026-09-14T12:54:26.026Z</time></trkpt><trkpt lat="59.166322" lon="11.516523"><ele>0.000000</ele><time>2026-09-14T12:54:27.027Z</time></trkpt><trkpt lat="59.166313" lon="11.516499"><ele>0.000000</ele><time>2026-09-14T12:54:28.028Z</time></trkpt><trkpt lat="59.166304" lon="11.516475"><ele>0.000000</ele><time>2026-09-14T12:54:29.029Z</time></trkpt><trkpt lat="59.166295" lon="11.516451"><ele>0.000000</ele><time>2026-09-14T12:54:30.030Z</time></trkpt><trkpt lat="59.166286" lon="11.516429"><ele>0.000000</ele><time>2026-09-14T12:54:31.031Z</time></trkpt><trkpt lat="59.166277" lon="11.516409"><ele>0.000000</ele><time>2026-09-14T12:54:32.032Z</time></trkpt><trkpt lat="59.166268" lon="11.516387"><ele>0.000000</ele><time>2026-09-14T12:54:33.033Z</time></trkpt><trkpt lat="59.166259" lon="11.516366"><ele>0.000000</ele><time>2026-09-14T12:54:34.034Z</time></trkpt><trkpt lat="59.166251" lon="11.516342"><ele>0.000000</ele><time>2026-09-14T12:54:35.035Z</time></trkpt><trkpt lat="59.166242" lon="11.516318"><ele>0.000000</ele><time>2026-09-14T12:54:36.036Z</time></trkpt><trkpt lat="59.166233" lon="11.516295"><ele>0.000000</ele><time>2026-09-14T12:54:37.037Z</time></trkpt><trkpt lat="59.166223" lon="11.516272"><ele>0.000000</ele><time>2026-09-14T12:54:38.038Z</time></trkpt><trkpt lat="59.166214" lon="11.516247"><ele>0.000000</ele><time>2026-09-14T12:54:39.039Z</time></trkpt><trkpt lat="59.166204" lon="11.516222"><ele>0.000000</ele><time>2026-09-14T12:54:40.040Z</time></trkpt><trkpt lat="59.166195" lon="11.516198"><ele>0.000000</ele><time>2026-09-14T12:54:41.041Z</time></trkpt><trkpt lat="59.166186" lon="11.516172"><ele>0.000000</ele><time>2026-09-14T12:54:42.042Z</time></trkpt><trkpt lat="59.166168" lon="11.516125"><ele>0.000000</ele><time>2026-09-14T12:54:44.044Z</time></trkpt><trkpt lat="59.166159" lon="11.516101"><ele>0.000000</ele><time>2026-09-14T12:54:45.045Z</time></trkpt><trkpt lat="59.166149" lon="11.516076"><ele>0.000000</ele><time>2026-09-14T12:54:46.046Z</time></trkpt><trkpt lat="59.166140" lon="11.516054"><ele>0.000000</ele><time>2026-09-14T12:54:47.047Z</time></trkpt><trkpt lat="59.166130" lon="11.516030"><ele>0.000000</ele><time>2026-09-14T12:54:48.048Z</time></trkpt><trkpt lat="59.166121" lon="11.516006"><ele>0.000000</ele><time>2026-09-14T12:54:49.049Z</time></trkpt><trkpt lat="59.166113" lon="11.515982"><ele>0.000000</ele><time>2026-09-14T12:54:50.050Z</time></trkpt><trkpt lat="59.166105" lon="11.515957"><ele>0.000000</ele><time>2026-09-14T12:54:51.051Z</time></trkpt><trkpt lat="59.166097" lon="11.515932"><ele>0.000000</ele><time>2026-09-14T12:54:52.052Z</time></trkpt><trkpt lat="59.166088" lon="11.515905"><ele>0.000000</ele><time>2026-09-14T12:54:53.053Z</time></trkpt><trkpt lat="59.166081" lon="11.515879"><ele>0.000000</ele><time>2026-09-14T12:54:54.054Z</time></trkpt><trkpt lat="59.166072" lon="11.515851"><ele>0.000000</ele><time>2026-09-14T12:54:55.055Z</time></trkpt><trkpt lat="59.166064" lon="11.515824"><ele>0.000000</ele><time>2026-09-14T12:54:56.056Z</time></trkpt><trkpt lat="59.166058" lon="11.515797"><ele>0.000000</ele><time>2026-09-14T12:54:57.057Z</time></trkpt><trkpt lat="59.166051" lon="11.515769"><ele>0.000000</ele><time>2026-09-14T12:54:58.058Z</time></trkpt><trkpt lat="59.166045" lon="11.515742"><ele>0.000000</ele><time>2026-09-14T12:54:59.059Z</time></trkpt><trkpt lat="59.166038" lon="11.515713"><ele>0.000000</ele><time>2026-09-14T12:55:00.000Z</time></trkpt><trkpt lat="59.166031" lon="11.515683"><ele>0.000000</ele><time>2026-09-14T12:55:01.001Z</time></trkpt><trkpt lat="59.166025" lon="11.515655"><ele>0.000000</ele><time>2026-09-14T12:55:02.002Z</time></trkpt><trkpt lat="59.166018" lon="11.515625"><ele>0.000000</ele><time>2026-09-14T12:55:03.003Z</time></trkpt><trkpt lat="59.166012" lon="11.515596"><ele>0.000000</ele><time>2026-09-14T12:55:04.004Z</time></trkpt><trkpt lat="59.166005" lon="11.515566"><ele>0.000000</ele><time>2026-09-14T12:55:05.005Z</time></trkpt><trkpt lat="59.165999" lon="11.515536"><ele>0.000000</ele><time>2026-09-14T12:55:06.006Z</time></trkpt><trkpt lat="59.165994" lon="11.515505"><ele>0.000000</ele><time>2026-09-14T12:55:07.007Z</time></trkpt><trkpt lat="59.165988" lon="11.515473"><ele>0.000000</ele><time>2026-09-14T12:55:08.008Z</time></trkpt><trkpt lat="59.165982" lon="11.515444"><ele>0.000000</ele><time>2026-09-14T12:55:09.009Z</time></trkpt><trkpt lat="59.165976" lon="11.515415"><ele>0.000000</ele><time>2026-09-14T12:55:10.010Z</time></trkpt><trkpt lat="59.165970" lon="11.515387"><ele>0.000000</ele><time>2026-09-14T12:55:11.011Z</time></trkpt><trkpt lat="59.165962" lon="11.515361"><ele>0.000000</ele><time>2026-09-14T12:55:12.012Z</time></trkpt><trkpt lat="59.165954" lon="11.515334"><ele>0.000000</ele><time>2026-09-14T12:55:13.013Z</time></trkpt><trkpt lat="59.165946" lon="11.515307"><ele>0.000000</ele><time>2026-09-14T12:55:14.014Z</time></trkpt><trkpt lat="59.165938" lon="11.515281"><ele>0.000000</ele><time>2026-09-14T12:55:15.015Z</time></trkpt><trkpt lat="59.165929" lon="11.515257"><ele>0.000000</ele><time>2026-09-14T12:55:16.016Z</time></trkpt><trkpt lat="59.165921" lon="11.515231"><ele>0.000000</ele><time>2026-09-14T12:55:17.017Z</time></trkpt><trkpt lat="59.165913" lon="11.515205"><ele>0.000000</ele><time>2026-09-14T12:55:18.018Z</time></trkpt><trkpt lat="59.165904" lon="11.515179"><ele>0.000000</ele><time>2026-09-14T12:55:19.019Z</time></trkpt><trkpt lat="59.165897" lon="11.515154"><ele>0.000000</ele><time>2026-09-14T12:55:20.020Z</time></trkpt><trkpt lat="59.165888" lon="11.515128"><ele>0.000000</ele><time>2026-09-14T12:55:21.021Z</time></trkpt><trkpt lat="59.165880" lon="11.515101"><ele>0.000000</ele><time>2026-09-14T12:55:22.022Z</time></trkpt><trkpt lat="59.165873" lon="11.515072"><ele>0.000000</ele><time>2026-09-14T12:55:23.023Z</time></trkpt><trkpt lat="59.165866" lon="11.515045"><ele>0.000000</ele><time>2026-09-14T12:55:24.024Z</time></trkpt><trkpt lat="59.165859" lon="11.515016"><ele>0.000000</ele><time>2026-09-14T12:55:25.025Z</time></trkpt><trkpt lat="59.165851" lon="11.514988"><ele>0.000000</ele><time>2026-09-14T12:55:26.026Z</time></trkpt><trkpt lat="59.165844" lon="11.514958"><ele>0.000000</ele><time>2026-09-14T12:55:27.027Z</time></trkpt><trkpt lat="59.165837" lon="11.514930"><ele>0.000000</ele><time>2026-09-14T12:55:28.028Z</time></trkpt><trkpt lat="59.165830" lon="11.514903"><ele>0.000000</ele><time>2026-09-14T12:55:29.029Z</time></trkpt><trkpt lat="59.165823" lon="11.514875"><ele>0.000000</ele><time>2026-09-14T12:55:30.030Z</time></trkpt><trkpt lat="59.165816" lon="11.514849"><ele>0.000000</ele><time>2026-09-14T12:55:31.031Z</time></trkpt><trkpt lat="59.165809" lon="11.514822"><ele>0.000000</ele><time>2026-09-14T12:55:32.032Z</time></trkpt><trkpt lat="59.165802" lon="11.514794"><ele>0.000000</ele><time>2026-09-14T12:55:33.033Z</time></trkpt><trkpt lat="59.165796" lon="11.514767"><ele>0.000000</ele><time>2026-09-14T12:55:34.034Z</time></trkpt><trkpt lat="59.165789" lon="11.514739"><ele>0.000000</ele><time>2026-09-14T12:55:35.035Z</time></trkpt><trkpt lat="59.165781" lon="11.514711"><ele>0.000000</ele><time>2026-09-14T12:55:36.036Z</time></trkpt><trkpt lat="59.165774" lon="11.514683"><ele>0.000000</ele><time>2026-09-14T12:55:37.037Z</time></trkpt><trkpt lat="59.165768" lon="11.514656"><ele>0.000000</ele><time>2026-09-14T12:55:38.038Z</time></trkpt><trkpt lat="59.165762" lon="11.514628"><ele>0.000000</ele><time>2026-09-14T12:55:39.039Z</time></trkpt><trkpt lat="59.165756" lon="11.514599"><ele>0.000000</ele><time>2026-09-14T12:55:40.040Z</time></trkpt><trkpt lat="59.165749" lon="11.514570"><ele>0.000000</ele><time>2026-09-14T12:55:41.041Z</time></trkpt><trkpt lat="59.165743" lon="11.514543"><ele>0.000000</ele><time>2026-09-14T12:55:42.042Z</time></trkpt><trkpt lat="59.165737" lon="11.514516"><ele>0.000000</ele><time>2026-09-14T12:55:43.043Z</time></trkpt><trkpt lat="59.165730" lon="11.514488"><ele>0.000000</ele><time>2026-09-14T12:55:44.044Z</time></trkpt><trkpt lat="59.165723" lon="11.514460"><ele>0.000000</ele><time>2026-09-14T12:55:45.045Z</time></trkpt><trkpt lat="59.165717" lon="11.514433"><ele>0.000000</ele><time>2026-09-14T12:55:46.046Z</time></trkpt><trkpt lat="59.165710" lon="11.514405"><ele>0.000000</ele><time>2026-09-14T12:55:47.047Z</time></trkpt><trkpt lat="59.165705" lon="11.514378"><ele>0.000000</ele><time>2026-09-14T12:55:48.048Z</time></trkpt><trkpt lat="59.165701" lon="11.514349"><ele>0.000000</ele><time>2026-09-14T12:55:49.049Z</time></trkpt><trkpt lat="59.165696" lon="11.514321"><ele>0.000000</ele><time>2026-09-14T12:55:50.050Z</time></trkpt><trkpt lat="59.165692" lon="11.514294"><ele>0.000000</ele><time>2026-09-14T12:55:51.051Z</time></trkpt><trkpt lat="59.165686" lon="11.514266"><ele>0.000000</ele><time>2026-09-14T12:55:52.052Z</time></trkpt><trkpt lat="59.165681" lon="11.514239"><ele>0.000000</ele><time>2026-09-14T12:55:53.053Z</time></trkpt><trkpt lat="59.165676" lon="11.514210"><ele>0.000000</ele><time>2026-09-14T12:55:54.054Z</time></trkpt><trkpt lat="59.165671" lon="11.514180"><ele>0.000000</ele><time>2026-09-14T12:55:55.055Z</time></trkpt><trkpt lat="59.165666" lon="11.514150"><ele>0.000000</ele><time>2026-09-14T12:55:56.056Z</time></trkpt><trkpt lat="59.165660" lon="11.514120"><ele>0.000000</ele><time>2026-09-14T12:55:57.057Z</time></trkpt><trkpt lat="59.165655" lon="11.514091"><ele>0.000000</ele><time>2026-09-14T12:55:58.058Z</time></trkpt><trkpt lat="59.165650" lon="11.514062"><ele>0.000000</ele><time>2026-09-14T12:55:59.059Z</time></trkpt><trkpt lat="59.165645" lon="11.514033"><ele>0.000000</ele><time>2026-09-14T12:56:00.000Z</time></trkpt><trkpt lat="59.165640" lon="11.514006"><ele>0.000000</ele><time>2026-09-14T12:56:01.001Z</time></trkpt><trkpt lat="59.165635" lon="11.513976"><ele>0.000000</ele><time>2026-09-14T12:56:02.002Z</time></trkpt><trkpt lat="59.165630" lon="11.513947"><ele>0.000000</ele><time>2026-09-14T12:56:03.003Z</time></trkpt><trkpt lat="59.165625" lon="11.513917"><ele>0.000000</ele><time>2026-09-14T12:56:04.004Z</time></trkpt><trkpt lat="59.165619" lon="11.513887"><ele>0.000000</ele><time>2026-09-14T12:56:05.005Z</time></trkpt><trkpt lat="59.165613" lon="11.513859"><ele>0.000000</ele><time>2026-09-14T12:56:06.006Z</time></trkpt><trkpt lat="59.165607" lon="11.513830"><ele>0.000000</ele><time>2026-09-14T12:56:07.007Z</time></trkpt><trkpt lat="59.165602" lon="11.513801"><ele>0.000000</ele><time>2026-09-14T12:56:08.008Z</time></trkpt><trkpt lat="59.165596" lon="11.513772"><ele>0.000000</ele><time>2026-09-14T12:56:09.009Z</time></trkpt><trkpt lat="59.165591" lon="11.513742"><ele>0.000000</ele><time>2026-09-14T12:56:10.010Z</time></trkpt><trkpt lat="59.165586" lon="11.513714"><ele>0.000000</ele><time>2026-09-14T12:56:11.011Z</time></trkpt><trkpt lat="59.165581" lon="11.513686"><ele>0.000000</ele><time>2026-09-14T12:56:12.012Z</time></trkpt><trkpt lat="59.165576" lon="11.513660"><ele>0.000000</ele><time>2026-09-14T12:56:13.013Z</time></trkpt><trkpt lat="59.165571" lon="11.513633"><ele>0.000000</ele><time>2026-09-14T12:56:14.014Z</time></trkpt><trkpt lat="59.165566" lon="11.513607"><ele>0.000000</ele><time>2026-09-14T12:56:15.015Z</time></trkpt><trkpt lat="59.165560" lon="11.513580"><ele>0.000000</ele><time>2026-09-14T12:56:16.016Z</time></trkpt><trkpt lat="59.165554" lon="11.513553"><ele>0.000000</ele><time>2026-09-14T12:56:17.017Z</time></trkpt><trkpt lat="59.165547" lon="11.513525"><ele>0.000000</ele><time>2026-09-14T12:56:18.018Z</time></trkpt><trkpt lat="59.165542" lon="11.513498"><ele>0.000000</ele><time>2026-09-14T12:56:19.019Z</time></trkpt><trkpt lat="59.165536" lon="11.513470"><ele>0.000000</ele><time>2026-09-14T12:56:20.020Z</time></trkpt><trkpt lat="59.165529" lon="11.513445"><ele>0.000000</ele><time>2026-09-14T12:56:21.021Z</time></trkpt><trkpt lat="59.165522" lon="11.513417"><ele>0.000000</ele><time>2026-09-14T12:56:22.022Z</time></trkpt><trkpt lat="59.165514" lon="11.513389"><ele>0.000000</ele><time>2026-09-14T12:56:23.023Z</time></trkpt><trkpt lat="59.165507" lon="11.513362"><ele>0.000000</ele><time>2026-09-14T12:56:24.024Z</time></trkpt><trkpt lat="59.165500" lon="11.513334"><ele>0.000000</ele><time>2026-09-14T12:56:25.025Z</time></trkpt><trkpt lat="59.165493" lon="11.513306"><ele>0.000000</ele><time>2026-09-14T12:56:26.026Z</time></trkpt><trkpt lat="59.165487" lon="11.513278"><ele>0.000000</ele><time>2026-09-14T12:56:27.027Z</time></trkpt><trkpt lat="59.165480" lon="11.513250"><ele>0.000000</ele><time>2026-09-14T12:56:28.028Z</time></trkpt><trkpt lat="59.165473" lon="11.513221"><ele>0.000000</ele><time>2026-09-14T12:56:29.029Z</time></trkpt><trkpt lat="59.165468" lon="11.513193"><ele>0.000000</ele><time>2026-09-14T12:56:30.030Z</time></trkpt><trkpt lat="59.165463" lon="11.513167"><ele>0.000000</ele><time>2026-09-14T12:56:31.031Z</time></trkpt><trkpt lat="59.165458" lon="11.513139"><ele>0.000000</ele><time>2026-09-14T12:56:32.032Z</time></trkpt><trkpt lat="59.165454" lon="11.513112"><ele>0.000000</ele><time>2026-09-14T12:56:33.033Z</time></trkpt><trkpt lat="59.165449" lon="11.513084"><ele>0.000000</ele><time>2026-09-14T12:56:34.034Z</time></trkpt><trkpt lat="59.165444" lon="11.513057"><ele>0.000000</ele><time>2026-09-14T12:56:35.035Z</time></trkpt><trkpt lat="59.165438" lon="11.513029"><ele>0.000000</ele><time>2026-09-14T12:56:36.036Z</time></trkpt><trkpt lat="59.165432" lon="11.513000"><ele>0.000000</ele><time>2026-09-14T12:56:37.037Z</time></trkpt><trkpt lat="59.165426" lon="11.512971"><ele>0.000000</ele><time>2026-09-14T12:56:38.038Z</time></trkpt><trkpt lat="59.165419" lon="11.512942"><ele>0.000000</ele><time>2026-09-14T12:56:39.039Z</time></trkpt><trkpt lat="59.165413" lon="11.512913"><ele>0.000000</ele><time>2026-09-14T12:56:40.040Z</time></trkpt><trkpt lat="59.165406" lon="11.512885"><ele>0.000000</ele><time>2026-09-14T12:56:41.041Z</time></trkpt><trkpt lat="59.165399" lon="11.512855"><ele>0.000000</ele><time>2026-09-14T12:56:42.042Z</time></trkpt><trkpt lat="59.165392" lon="11.512826"><ele>0.000000</ele><time>2026-09-14T12:56:43.043Z</time></trkpt><trkpt lat="59.165386" lon="11.512796"><ele>0.000000</ele><time>2026-09-14T12:56:44.044Z</time></trkpt><trkpt lat="59.165379" lon="11.512766"><ele>0.000000</ele><time>2026-09-14T12:56:45.045Z</time></trkpt><trkpt lat="59.165372" lon="11.512737"><ele>0.000000</ele><time>2026-09-14T12:56:46.046Z</time></trkpt><trkpt lat="59.165366" lon="11.512708"><ele>0.000000</ele><time>2026-09-14T12:56:47.047Z</time></trkpt><trkpt lat="59.165361" lon="11.512679"><ele>0.000000</ele><time>2026-09-14T12:56:48.048Z</time></trkpt><trkpt lat="59.165355" lon="11.512650"><ele>0.000000</ele><time>2026-09-14T12:56:49.049Z</time></trkpt><trkpt lat="59.165349" lon="11.512622"><ele>0.000000</ele><time>2026-09-14T12:56:50.050Z</time></trkpt><trkpt lat="59.165344" lon="11.512594"><ele>0.000000</ele><time>2026-09-14T12:56:51.051Z</time></trkpt><trkpt lat="59.165338" lon="11.512565"><ele>0.000000</ele><time>2026-09-14T12:56:52.052Z</time></trkpt><trkpt lat="59.165328" lon="11.512510"><ele>0.000000</ele><time>2026-09-14T12:56:54.054Z</time></trkpt><trkpt lat="59.165323" lon="11.512482"><ele>0.000000</ele><time>2026-09-14T12:56:55.055Z</time></trkpt><trkpt lat="59.165319" lon="11.512453"><ele>0.000000</ele><time>2026-09-14T12:56:56.056Z</time></trkpt><trkpt lat="59.165315" lon="11.512425"><ele>0.000000</ele><time>2026-09-14T12:56:57.057Z</time></trkpt><trkpt lat="59.165310" lon="11.512397"><ele>0.000000</ele><time>2026-09-14T12:56:58.058Z</time></trkpt><trkpt lat="59.165306" lon="11.512367"><ele>0.000000</ele><time>2026-09-14T12:56:59.059Z</time></trkpt><trkpt lat="59.165302" lon="11.512339"><ele>0.000000</ele><time>2026-09-14T12:57:00.000Z</time></trkpt><trkpt lat="59.165297" lon="11.512310"><ele>0.000000</ele><time>2026-09-14T12:57:01.001Z</time></trkpt><trkpt lat="59.165291" lon="11.512282"><ele>0.000000</ele><time>2026-09-14T12:57:02.002Z</time></trkpt><trkpt lat="59.165286" lon="11.512256"><ele>0.000000</ele><time>2026-09-14T12:57:03.003Z</time></trkpt><trkpt lat="59.165279" lon="11.512228"><ele>0.000000</ele><time>2026-09-14T12:57:04.004Z</time></trkpt><trkpt lat="59.165273" lon="11.512200"><ele>0.000000</ele><time>2026-09-14T12:57:05.005Z</time></trkpt><trkpt lat="59.165266" lon="11.512173"><ele>0.000000</ele><time>2026-09-14T12:57:06.006Z</time></trkpt><trkpt lat="59.165259" lon="11.512146"><ele>0.000000</ele><time>2026-09-14T12:57:07.007Z</time></trkpt><trkpt lat="59.165251" lon="11.512119"><ele>0.000000</ele><time>2026-09-14T12:57:08.008Z</time></trkpt><trkpt lat="59.165244" lon="11.512091"><ele>0.000000</ele><time>2026-09-14T12:57:09.009Z</time></trkpt><trkpt lat="59.165237" lon="11.512063"><ele>0.000000</ele><time>2026-09-14T12:57:10.010Z</time></trkpt><trkpt lat="59.165231" lon="11.512035"><ele>0.000000</ele><time>2026-09-14T12:57:11.011Z</time></trkpt><trkpt lat="59.165225" lon="11.512008"><ele>0.000000</ele><time>2026-09-14T12:57:12.012Z</time></trkpt><trkpt lat="59.165220" lon="11.511979"><ele>0.000000</ele><time>2026-09-14T12:57:13.013Z</time></trkpt><trkpt lat="59.165214" lon="11.511950"><ele>0.000000</ele><time>2026-09-14T12:57:14.014Z</time></trkpt><trkpt lat="59.165210" lon="11.511923"><ele>0.000000</ele><time>2026-09-14T12:57:15.015Z</time></trkpt><trkpt lat="59.165205" lon="11.511894"><ele>0.000000</ele><time>2026-09-14T12:57:16.016Z</time></trkpt><trkpt lat="59.165200" lon="11.511865"><ele>0.000000</ele><time>2026-09-14T12:57:17.017Z</time></trkpt><trkpt lat="59.165196" lon="11.511836"><ele>0.000000</ele><time>2026-09-14T12:57:18.018Z</time></trkpt><trkpt lat="59.165191" lon="11.511806"><ele>0.000000</ele><time>2026-09-14T12:57:19.019Z</time></trkpt><trkpt lat="59.165186" lon="11.511778"><ele>0.000000</ele><time>2026-09-14T12:57:20.020Z</time></trkpt><trkpt lat="59.165182" lon="11.511748"><ele>0.000000</ele><time>2026-09-14T12:57:21.021Z</time></trkpt><trkpt lat="59.165177" lon="11.511718"><ele>0.000000</ele><time>2026-09-14T12:57:22.022Z</time></trkpt><trkpt lat="59.165173" lon="11.511688"><ele>0.000000</ele><time>2026-09-14T12:57:23.023Z</time></trkpt><trkpt lat="59.165169" lon="11.511659"><ele>0.000000</ele><time>2026-09-14T12:57:24.024Z</time></trkpt><trkpt lat="59.165165" lon="11.511629"><ele>0.000000</ele><time>2026-09-14T12:57:25.025Z</time></trkpt><trkpt lat="59.165160" lon="11.511600"><ele>0.000000</ele><time>2026-09-14T12:57:26.026Z</time></trkpt><trkpt lat="59.165157" lon="11.511571"><ele>0.000000</ele><time>2026-09-14T12:57:27.027Z</time></trkpt><trkpt lat="59.165152" lon="11.511543"><ele>0.000000</ele><time>2026-09-14T12:57:28.028Z</time></trkpt><trkpt lat="59.165146" lon="11.511516"><ele>0.000000</ele><time>2026-09-14T12:57:29.029Z</time></trkpt><trkpt lat="59.165141" lon="11.511487"><ele>0.000000</ele><time>2026-09-14T12:57:30.030Z</time></trkpt><trkpt lat="59.165135" lon="11.511460"><ele>0.000000</ele><time>2026-09-14T12:57:31.031Z</time></trkpt><trkpt lat="59.165129" lon="11.511431"><ele>0.000000</ele><time>2026-09-14T12:57:32.032Z</time></trkpt><trkpt lat="59.165123" lon="11.511404"><ele>0.000000</ele><time>2026-09-14T12:57:33.033Z</time></trkpt><trkpt lat="59.165116" lon="11.511375"><ele>0.000000</ele><time>2026-09-14T12:57:34.034Z</time></trkpt><trkpt lat="59.165111" lon="11.511348"><ele>0.000000</ele><time>2026-09-14T12:57:35.035Z</time></trkpt><trkpt lat="59.165099" lon="11.511298"><ele>0.000000</ele><time>2026-09-14T12:57:37.037Z</time></trkpt><trkpt lat="59.165093" lon="11.511270"><ele>0.000000</ele><time>2026-09-14T12:57:38.038Z</time></trkpt><trkpt lat="59.165087" lon="11.511242"><ele>0.000000</ele><time>2026-09-14T12:57:39.039Z</time></trkpt><trkpt lat="59.165080" lon="11.511213"><ele>0.000000</ele><time>2026-09-14T12:57:40.040Z</time></trkpt><trkpt lat="59.165074" lon="11.511185"><ele>0.000000</ele><time>2026-09-14T12:57:41.041Z</time></trkpt><trkpt lat="59.165069" lon="11.511157"><ele>0.000000</ele><time>2026-09-14T12:57:42.042Z</time></trkpt><trkpt lat="59.165063" lon="11.511129"><ele>0.000000</ele><time>2026-09-14T12:57:43.043Z</time></trkpt><trkpt lat="59.165057" lon="11.511102"><ele>0.000000</ele><time>2026-09-14T12:57:44.044Z</time></trkpt><trkpt lat="59.165051" lon="11.511074"><ele>0.000000</ele><time>2026-09-14T12:57:45.045Z</time></trkpt><trkpt lat="59.165044" lon="11.511046"><ele>0.000000</ele><time>2026-09-14T12:57:46.046Z</time></trkpt><trkpt lat="59.165039" lon="11.511017"><ele>0.000000</ele><time>2026-09-14T12:57:47.047Z</time></trkpt><trkpt lat="59.165032" lon="11.510989"><ele>0.000000</ele><time>2026-09-14T12:57:48.048Z</time></trkpt><trkpt lat="59.165025" lon="11.510962"><ele>0.000000</ele><time>2026-09-14T12:57:49.049Z</time></trkpt><trkpt lat="59.165019" lon="11.510934"><ele>0.000000</ele><time>2026-09-14T12:57:50.050Z</time></trkpt><trkpt lat="59.165011" lon="11.510905"><ele>0.000000</ele><time>2026-09-14T12:57:51.051Z</time></trkpt><trkpt lat="59.165004" lon="11.510878"><ele>0.000000</ele><time>2026-09-14T12:57:52.052Z</time></trkpt><trkpt lat="59.164997" lon="11.510851"><ele>0.000000</ele><time>2026-09-14T12:57:53.053Z</time></trkpt><trkpt lat="59.164990" lon="11.510825"><ele>0.000000</ele><time>2026-09-14T12:57:54.054Z</time></trkpt><trkpt lat="59.164983" lon="11.510799"><ele>0.000000</ele><time>2026-09-14T12:57:55.055Z</time></trkpt><trkpt lat="59.164976" lon="11.510772"><ele>0.000000</ele><time>2026-09-14T12:57:56.056Z</time></trkpt><trkpt lat="59.164970" lon="11.510745"><ele>0.000000</ele><time>2026-09-14T12:57:57.057Z</time></trkpt><trkpt lat="59.164964" lon="11.510718"><ele>0.000000</ele><time>2026-09-14T12:57:58.058Z</time></trkpt><trkpt lat="59.164958" lon="11.510691"><ele>0.000000</ele><time>2026-09-14T12:57:59.059Z</time></trkpt><trkpt lat="59.164953" lon="11.510662"><ele>0.000000</ele><time>2026-09-14T12:58:00.000Z</time></trkpt><trkpt lat="59.164946" lon="11.510632"><ele>0.000000</ele><time>2026-09-14T12:58:01.001Z</time></trkpt><trkpt lat="59.164939" lon="11.510603"><ele>0.000000</ele><time>2026-09-14T12:58:02.002Z</time></trkpt><trkpt lat="59.164933" lon="11.510575"><ele>0.000000</ele><time>2026-09-14T12:58:03.003Z</time></trkpt><trkpt lat="59.164927" lon="11.510548"><ele>0.000000</ele><time>2026-09-14T12:58:04.004Z</time></trkpt><trkpt lat="59.164921" lon="11.510522"><ele>0.000000</ele><time>2026-09-14T12:58:05.005Z</time></trkpt><trkpt lat="59.164915" lon="11.510493"><ele>0.000000</ele><time>2026-09-14T12:58:06.006Z</time></trkpt><trkpt lat="59.164909" lon="11.510465"><ele>0.000000</ele><time>2026-09-14T12:58:07.007Z</time></trkpt><trkpt lat="59.164902" lon="11.510438"><ele>0.000000</ele><time>2026-09-14T12:58:08.008Z</time></trkpt><trkpt lat="59.164896" lon="11.510412"><ele>0.000000</ele><time>2026-09-14T12:58:09.009Z</time></trkpt><trkpt lat="59.164890" lon="11.510386"><ele>0.000000</ele><time>2026-09-14T12:58:10.010Z</time></trkpt><trkpt lat="59.164884" lon="11.510361"><ele>0.000000</ele><time>2026-09-14T12:58:11.011Z</time></trkpt><trkpt lat="59.164878" lon="11.510335"><ele>0.000000</ele><time>2026-09-14T12:58:12.012Z</time></trkpt><trkpt lat="59.164872" lon="11.510310"><ele>0.000000</ele><time>2026-09-14T12:58:13.013Z</time></trkpt><trkpt lat="59.164866" lon="11.510283"><ele>0.000000</ele><time>2026-09-14T12:58:14.014Z</time></trkpt><trkpt lat="59.164860" lon="11.510256"><ele>0.000000</ele><time>2026-09-14T12:58:15.015Z</time></trkpt><trkpt lat="59.164853" lon="11.510229"><ele>0.000000</ele><time>2026-09-14T12:58:16.016Z</time></trkpt><trkpt lat="59.164847" lon="11.510205"><ele>0.000000</ele><time>2026-09-14T12:58:17.017Z</time></trkpt><trkpt lat="59.164841" lon="11.510178"><ele>0.000000</ele><time>2026-09-14T12:58:18.018Z</time></trkpt><trkpt lat="59.164829" lon="11.510128"><ele>0.000000</ele><time>2026-09-14T12:58:20.020Z</time></trkpt><trkpt lat="59.164822" lon="11.510105"><ele>0.000000</ele><time>2026-09-14T12:58:21.021Z</time></trkpt><trkpt lat="59.164816" lon="11.510079"><ele>0.000000</ele><time>2026-09-14T12:58:22.022Z</time></trkpt><trkpt lat="59.164809" lon="11.510054"><ele>0.000000</ele><time>2026-09-14T12:58:23.023Z</time></trkpt><trkpt lat="59.164803" lon="11.510027"><ele>0.000000</ele><time>2026-09-14T12:58:24.024Z</time></trkpt><trkpt lat="59.164797" lon="11.510002"><ele>0.000000</ele><time>2026-09-14T12:58:25.025Z</time></trkpt><trkpt lat="59.164791" lon="11.509975"><ele>0.000000</ele><time>2026-09-14T12:58:26.026Z</time></trkpt><trkpt lat="59.164786" lon="11.509950"><ele>0.000000</ele><time>2026-09-14T12:58:27.027Z</time></trkpt><trkpt lat="59.164780" lon="11.509923"><ele>0.000000</ele><time>2026-09-14T12:58:28.028Z</time></trkpt><trkpt lat="59.164774" lon="11.509897"><ele>0.000000</ele><time>2026-09-14T12:58:29.029Z</time></trkpt><trkpt lat="59.164769" lon="11.509871"><ele>0.000000</ele><time>2026-09-14T12:58:30.030Z</time></trkpt><trkpt lat="59.164763" lon="11.509846"><ele>0.000000</ele><time>2026-09-14T12:58:31.031Z</time></trkpt><trkpt lat="59.164758" lon="11.509821"><ele>0.000000</ele><time>2026-09-14T12:58:32.032Z</time></trkpt><trkpt lat="59.164753" lon="11.509796"><ele>0.000000</ele><time>2026-09-14T12:58:33.033Z</time></trkpt><trkpt lat="59.164748" lon="11.509771"><ele>0.000000</ele><time>2026-09-14T12:58:34.034Z</time></trkpt><trkpt lat="59.164742" lon="11.509748"><ele>0.000000</ele><time>2026-09-14T12:58:35.035Z</time></trkpt><trkpt lat="59.164736" lon="11.509724"><ele>0.000000</ele><time>2026-09-14T12:58:36.036Z</time></trkpt><trkpt lat="59.164732" lon="11.509701"><ele>0.000000</ele><time>2026-09-14T12:58:37.037Z</time></trkpt><trkpt lat="59.164727" lon="11.509675"><ele>0.000000</ele><time>2026-09-14T12:58:38.038Z</time></trkpt><trkpt lat="59.164717" lon="11.509624"><ele>0.000000</ele><time>2026-09-14T12:58:40.040Z</time></trkpt><trkpt lat="59.164708" lon="11.509575"><ele>0.000000</ele><time>2026-09-14T12:58:42.042Z</time></trkpt><trkpt lat="59.164704" lon="11.509549"><ele>0.000000</ele><time>2026-09-14T12:58:43.043Z</time></trkpt><trkpt lat="59.164700" lon="11.509523"><ele>0.000000</ele><time>2026-09-14T12:58:44.044Z</time></trkpt><trkpt lat="59.164696" lon="11.509498"><ele>0.000000</ele><time>2026-09-14T12:58:45.045Z</time></trkpt><trkpt lat="59.164692" lon="11.509473"><ele>0.000000</ele><time>2026-09-14T12:58:46.046Z</time></trkpt><trkpt lat="59.164687" lon="11.509448"><ele>0.000000</ele><time>2026-09-14T12:58:47.047Z</time></trkpt><trkpt lat="59.164683" lon="11.509424"><ele>0.000000</ele><time>2026-09-14T12:58:48.048Z</time></trkpt><trkpt lat="59.164678" lon="11.509400"><ele>0.000000</ele><time>2026-09-14T12:58:49.049Z</time></trkpt><trkpt lat="59.164674" lon="11.509374"><ele>0.000000</ele><time>2026-09-14T12:58:50.050Z</time></trkpt><trkpt lat="59.164669" lon="11.509349"><ele>0.000000</ele><time>2026-09-14T12:58:51.051Z</time></trkpt><trkpt lat="59.164664" lon="11.509322"><ele>0.000000</ele><time>2026-09-14T12:58:52.052Z</time></trkpt><trkpt lat="59.164655" lon="11.509273"><ele>0.000000</ele><time>2026-09-14T12:58:54.054Z</time></trkpt><trkpt lat="59.164650" lon="11.509249"><ele>0.000000</ele><time>2026-09-14T12:58:55.055Z</time></trkpt><trkpt lat="59.164644" lon="11.509223"><ele>0.000000</ele><time>2026-09-14T12:58:56.056Z</time></trkpt><trkpt lat="59.164634" lon="11.509174"><ele>0.000000</ele><time>2026-09-14T12:58:58.058Z</time></trkpt><trkpt lat="59.164621" lon="11.509122"><ele>0.000000</ele><time>2026-09-14T12:59:00.000Z</time></trkpt><trkpt lat="59.164613" lon="11.509096"><ele>0.000000</ele><time>2026-09-14T12:59:01.001Z</time></trkpt><trkpt lat="59.164607" lon="11.509072"><ele>0.000000</ele><time>2026-09-14T12:59:02.002Z</time></trkpt><trkpt lat="59.164599" lon="11.509023"><ele>0.000000</ele><time>2026-09-14T12:59:04.004Z</time></trkpt><trkpt lat="59.164596" lon="11.509001"><ele>0.000000</ele><time>2026-09-14T12:59:05.005Z</time></trkpt><trkpt lat="59.164592" lon="11.508976"><ele>0.000000</ele><time>2026-09-14T12:59:06.006Z</time></trkpt><trkpt lat="59.164589" lon="11.508952"><ele>0.000000</ele><time>2026-09-14T12:59:07.007Z</time></trkpt><trkpt lat="59.164586" lon="11.508930"><ele>0.000000</ele><time>2026-09-14T12:59:08.008Z</time></trkpt><trkpt lat="59.164582" lon="11.508908"><ele>0.000000</ele><time>2026-09-14T12:59:09.009Z</time></trkpt><trkpt lat="59.164579" lon="11.508886"><ele>0.000000</ele><time>2026-09-14T12:59:10.010Z</time></trkpt><trkpt lat="59.164575" lon="11.508862"><ele>0.000000</ele><time>2026-09-14T12:59:11.011Z</time></trkpt><trkpt lat="59.164571" lon="11.508839"><ele>0.000000</ele><time>2026-09-14T12:59:12.012Z</time></trkpt><trkpt lat="59.164567" lon="11.508814"><ele>0.000000</ele><time>2026-09-14T12:59:13.013Z</time></trkpt><trkpt lat="59.164558" lon="11.508769"><ele>0.000000</ele><time>2026-09-14T12:59:15.015Z</time></trkpt><trkpt lat="59.164552" lon="11.508746"><ele>0.000000</ele><time>2026-09-14T12:59:16.016Z</time></trkpt><trkpt lat="59.164547" lon="11.508724"><ele>0.000000</ele><time>2026-09-14T12:59:17.017Z</time></trkpt><trkpt lat="59.164541" lon="11.508703"><ele>0.000000</ele><time>2026-09-14T12:59:18.018Z</time></trkpt><trkpt lat="59.164535" lon="11.508681"><ele>0.000000</ele><time>2026-09-14T12:59:19.019Z</time></trkpt><trkpt lat="59.164529" lon="11.508659"><ele>0.000000</ele><time>2026-09-14T12:59:20.020Z</time></trkpt><trkpt lat="59.164522" lon="11.508636"><ele>0.000000</ele><time>2026-09-14T12:59:21.021Z</time></trkpt><trkpt lat="59.164516" lon="11.508614"><ele>0.000000</ele><time>2026-09-14T12:59:22.022Z</time></trkpt><trkpt lat="59.164509" lon="11.508589"><ele>0.000000</ele><time>2026-09-14T12:59:23.023Z</time></trkpt><trkpt lat="59.164503" lon="11.508563"><ele>0.000000</ele><time>2026-09-14T12:59:24.024Z</time></trkpt><trkpt lat="59.164497" lon="11.508538"><ele>0.000000</ele><time>2026-09-14T12:59:25.025Z</time></trkpt><trkpt lat="59.164491" lon="11.508513"><ele>0.000000</ele><time>2026-09-14T12:59:26.026Z</time></trkpt><trkpt lat="59.164485" lon="11.508489"><ele>0.000000</ele><time>2026-09-14T12:59:27.027Z</time></trkpt><trkpt lat="59.164479" lon="11.508464"><ele>0.000000</ele><time>2026-09-14T12:59:28.028Z</time></trkpt><trkpt lat="59.164473" lon="11.508440"><ele>0.000000</ele><time>2026-09-14T12:59:29.029Z</time></trkpt><trkpt lat="59.164468" lon="11.508414"><ele>0.000000</ele><time>2026-09-14T12:59:30.030Z</time></trkpt><trkpt lat="59.164461" lon="11.508388"><ele>0.000000</ele><time>2026-09-14T12:59:31.031Z</time></trkpt><trkpt lat="59.164454" lon="11.508362"><ele>0.000000</ele><time>2026-09-14T12:59:32.032Z</time></trkpt><trkpt lat="59.164447" lon="11.508336"><ele>0.000000</ele><time>2026-09-14T12:59:33.033Z</time></trkpt><trkpt lat="59.164441" lon="11.508311"><ele>0.000000</ele><time>2026-09-14T12:59:34.034Z</time></trkpt><trkpt lat="59.164434" lon="11.508284"><ele>0.000000</ele><time>2026-09-14T12:59:35.035Z</time></trkpt><trkpt lat="59.164429" lon="11.508256"><ele>0.000000</ele><time>2026-09-14T12:59:36.036Z</time></trkpt><trkpt lat="59.164423" lon="11.508229"><ele>0.000000</ele><time>2026-09-14T12:59:37.037Z</time></trkpt><trkpt lat="59.164418" lon="11.508203"><ele>0.000000</ele><time>2026-09-14T12:59:38.038Z</time></trkpt><trkpt lat="59.164413" lon="11.508177"><ele>0.000000</ele><time>2026-09-14T12:59:39.039Z</time></trkpt><trkpt lat="59.164408" lon="11.508151"><ele>0.000000</ele><time>2026-09-14T12:59:40.040Z</time></trkpt><trkpt lat="59.164402" lon="11.508123"><ele>0.000000</ele><time>2026-09-14T12:59:41.041Z</time></trkpt><trkpt lat="59.164397" lon="11.508095"><ele>0.000000</ele><time>2026-09-14T12:59:42.042Z</time></trkpt><trkpt lat="59.164393" lon="11.508068"><ele>0.000000</ele><time>2026-09-14T12:59:43.043Z</time></trkpt><trkpt lat="59.164389" lon="11.508041"><ele>0.000000</ele><time>2026-09-14T12:59:44.044Z</time></trkpt><trkpt lat="59.164384" lon="11.508015"><ele>0.000000</ele><time>2026-09-14T12:59:45.045Z</time></trkpt><trkpt lat="59.164380" lon="11.507989"><ele>0.000000</ele><time>2026-09-14T12:59:46.046Z</time></trkpt><trkpt lat="59.164376" lon="11.507963"><ele>0.000000</ele><time>2026-09-14T12:59:47.047Z</time></trkpt><trkpt lat="59.164371" lon="11.507935"><ele>0.000000</ele><time>2026-09-14T12:59:48.048Z</time></trkpt><trkpt lat="59.164367" lon="11.507910"><ele>0.000000</ele><time>2026-09-14T12:59:49.049Z</time></trkpt><trkpt lat="59.164362" lon="11.507884"><ele>0.000000</ele><time>2026-09-14T12:59:50.050Z</time></trkpt><trkpt lat="59.164358" lon="11.507857"><ele>0.000000</ele><time>2026-09-14T12:59:51.051Z</time></trkpt><trkpt lat="59.164352" lon="11.507829"><ele>0.000000</ele><time>2026-09-14T12:59:52.052Z</time></trkpt><trkpt lat="59.164347" lon="11.507802"><ele>0.000000</ele><time>2026-09-14T12:59:53.053Z</time></trkpt><trkpt lat="59.164341" lon="11.507774"><ele>0.000000</ele><time>2026-09-14T12:59:54.054Z</time></trkpt><trkpt lat="59.164330" lon="11.507722"><ele>0.000000</ele><time>2026-09-14T12:59:56.056Z</time></trkpt><trkpt lat="59.164324" lon="11.507696"><ele>0.000000</ele><time>2026-09-14T12:59:57.057Z</time></trkpt><trkpt lat="59.164319" lon="11.507670"><ele>0.000000</ele><time>2026-09-14T12:59:58.058Z</time></trkpt><trkpt lat="59.164313" lon="11.507645"><ele>0.000000</ele><time>2026-09-14T12:59:59.059Z</time></trkpt><trkpt lat="59.164308" lon="11.507619"><ele>0.000000</ele><time>2026-09-14T13:00:00.000Z</time></trkpt><trkpt lat="59.164303" lon="11.507594"><ele>0.000000</ele><time>2026-09-14T13:00:01.001Z</time></trkpt><trkpt lat="59.164297" lon="11.507566"><ele>0.000000</ele><time>2026-09-14T13:00:02.002Z</time></trkpt><trkpt lat="59.164286" lon="11.507515"><ele>0.000000</ele><time>2026-09-14T13:00:04.004Z</time></trkpt><trkpt lat="59.164274" lon="11.507464"><ele>0.000000</ele><time>2026-09-14T13:00:06.006Z</time></trkpt><trkpt lat="59.164261" lon="11.507414"><ele>0.000000</ele><time>2026-09-14T13:00:08.008Z</time></trkpt><trkpt lat="59.164254" lon="11.507391"><ele>0.000000</ele><time>2026-09-14T13:00:09.009Z</time></trkpt><trkpt lat="59.164248" lon="11.507368"><ele>0.000000</ele><time>2026-09-14T13:00:10.010Z</time></trkpt><trkpt lat="59.164242" lon="11.507345"><ele>0.000000</ele><time>2026-09-14T13:00:11.011Z</time></trkpt><trkpt lat="59.164237" lon="11.507322"><ele>0.000000</ele><time>2026-09-14T13:00:12.012Z</time></trkpt><trkpt lat="59.164233" lon="11.507298"><ele>0.000000</ele><time>2026-09-14T13:00:13.013Z</time></trkpt><trkpt lat="59.164228" lon="11.507272"><ele>0.000000</ele><time>2026-09-14T13:00:14.014Z</time></trkpt><trkpt lat="59.164224" lon="11.507247"><ele>0.000000</ele><time>2026-09-14T13:00:15.015Z</time></trkpt><trkpt lat="59.164220" lon="11.507223"><ele>0.000000</ele><time>2026-09-14T13:00:16.016Z</time></trkpt><trkpt lat="59.164217" lon="11.507199"><ele>0.000000</ele><time>2026-09-14T13:00:17.017Z</time></trkpt><trkpt lat="59.164213" lon="11.507173"><ele>0.000000</ele><time>2026-09-14T13:00:18.018Z</time></trkpt><trkpt lat="59.164209" lon="11.507147"><ele>0.000000</ele><time>2026-09-14T13:00:19.019Z</time></trkpt><trkpt lat="59.164206" lon="11.507120"><ele>0.000000</ele><time>2026-09-14T13:00:20.020Z</time></trkpt><trkpt lat="59.164202" lon="11.507094"><ele>0.000000</ele><time>2026-09-14T13:00:21.021Z</time></trkpt><trkpt lat="59.164198" lon="11.507068"><ele>0.000000</ele><time>2026-09-14T13:00:22.022Z</time></trkpt><trkpt lat="59.164194" lon="11.507041"><ele>0.000000</ele><time>2026-09-14T13:00:23.023Z</time></trkpt><trkpt lat="59.164189" lon="11.507015"><ele>0.000000</ele><time>2026-09-14T13:00:24.024Z</time></trkpt><trkpt lat="59.164185" lon="11.506989"><ele>0.000000</ele><time>2026-09-14T13:00:25.025Z</time></trkpt><trkpt lat="59.164176" lon="11.506936"><ele>0.000000</ele><time>2026-09-14T13:00:27.027Z</time></trkpt><trkpt lat="59.164167" lon="11.506885"><ele>0.000000</ele><time>2026-09-14T13:00:29.029Z</time></trkpt><trkpt lat="59.164163" lon="11.506860"><ele>0.000000</ele><time>2026-09-14T13:00:30.030Z</time></trkpt><trkpt lat="59.164159" lon="11.506833"><ele>0.000000</ele><time>2026-09-14T13:00:31.031Z</time></trkpt><trkpt lat="59.164154" lon="11.506807"><ele>0.000000</ele><time>2026-09-14T13:00:32.032Z</time></trkpt><trkpt lat="59.164150" lon="11.506781"><ele>0.000000</ele><time>2026-09-14T13:00:33.033Z</time></trkpt><trkpt lat="59.164145" lon="11.506753"><ele>0.000000</ele><time>2026-09-14T13:00:34.034Z</time></trkpt><trkpt lat="59.164141" lon="11.506726"><ele>0.000000</ele><time>2026-09-14T13:00:35.035Z</time></trkpt><trkpt lat="59.164136" lon="11.506699"><ele>0.000000</ele><time>2026-09-14T13:00:36.036Z</time></trkpt><trkpt lat="59.164132" lon="11.506672"><ele>0.000000</ele><time>2026-09-14T13:00:37.037Z</time></trkpt><trkpt lat="59.164127" lon="11.506644"><ele>0.000000</ele><time>2026-09-14T13:00:38.038Z</time></trkpt><trkpt lat="59.164123" lon="11.506618"><ele>0.000000</ele><time>2026-09-14T13:00:39.039Z</time></trkpt><trkpt lat="59.164118" lon="11.506589"><ele>0.000000</ele><time>2026-09-14T13:00:40.040Z</time></trkpt><trkpt lat="59.164114" lon="11.506563"><ele>0.000000</ele><time>2026-09-14T13:00:41.041Z</time></trkpt><trkpt lat="59.164110" lon="11.506534"><ele>0.000000</ele><time>2026-09-14T13:00:42.042Z</time></trkpt><trkpt lat="59.164105" lon="11.506505"><ele>0.000000</ele><time>2026-09-14T13:00:43.043Z</time></trkpt><trkpt lat="59.164102" lon="11.506477"><ele>0.000000</ele><time>2026-09-14T13:00:44.044Z</time></trkpt><trkpt lat="59.164097" lon="11.506450"><ele>0.000000</ele><time>2026-09-14T13:00:45.045Z</time></trkpt><trkpt lat="59.164094" lon="11.506420"><ele>0.000000</ele><time>2026-09-14T13:00:46.046Z</time></trkpt><trkpt lat="59.164090" lon="11.506390"><ele>0.000000</ele><time>2026-09-14T13:00:47.047Z</time></trkpt><trkpt lat="59.164086" lon="11.506363"><ele>0.000000</ele><time>2026-09-14T13:00:48.048Z</time></trkpt><trkpt lat="59.164081" lon="11.506335"><ele>0.000000</ele><time>2026-09-14T13:00:49.049Z</time></trkpt><trkpt lat="59.164078" lon="11.506309"><ele>0.000000</ele><time>2026-09-14T13:00:50.050Z</time></trkpt><trkpt lat="59.164074" lon="11.506282"><ele>0.000000</ele><time>2026-09-14T13:00:51.051Z</time></trkpt><trkpt lat="59.164070" lon="11.506255"><ele>0.000000</ele><time>2026-09-14T13:00:52.052Z</time></trkpt><trkpt lat="59.164066" lon="11.506229"><ele>0.000000</ele><time>2026-09-14T13:00:53.053Z</time></trkpt><trkpt lat="59.164062" lon="11.506202"><ele>0.000000</ele><time>2026-09-14T13:00:54.054Z</time></trkpt><trkpt lat="59.164059" lon="11.506176"><ele>0.000000</ele><time>2026-09-14T13:00:55.055Z</time></trkpt><trkpt lat="59.164055" lon="11.506149"><ele>0.000000</ele><time>2026-09-14T13:00:56.056Z</time></trkpt><trkpt lat="59.164048" lon="11.506097"><ele>0.000000</ele><time>2026-09-14T13:00:58.058Z</time></trkpt><trkpt lat="59.164044" lon="11.506071"><ele>0.000000</ele><time>2026-09-14T13:00:59.059Z</time></trkpt><trkpt lat="59.164040" lon="11.506046"><ele>0.000000</ele><time>2026-09-14T13:01:00.000Z</time></trkpt><trkpt lat="59.164036" lon="11.506021"><ele>0.000000</ele><time>2026-09-14T13:01:01.001Z</time></trkpt><trkpt lat="59.164032" lon="11.505995"><ele>0.000000</ele><time>2026-09-14T13:01:02.002Z</time></trkpt><trkpt lat="59.164028" lon="11.505969"><ele>0.000000</ele><time>2026-09-14T13:01:03.003Z</time></trkpt><trkpt lat="59.164025" lon="11.505945"><ele>0.000000</ele><time>2026-09-14T13:01:04.004Z</time></trkpt><trkpt lat="59.164021" lon="11.505918"><ele>0.000000</ele><time>2026-09-14T13:01:05.005Z</time></trkpt><trkpt lat="59.164017" lon="11.505893"><ele>0.000000</ele><time>2026-09-14T13:01:06.006Z</time></trkpt><trkpt lat="59.164013" lon="11.505867"><ele>0.000000</ele><time>2026-09-14T13:01:07.007Z</time></trkpt><trkpt lat="59.164009" lon="11.505841"><ele>0.000000</ele><time>2026-09-14T13:01:08.008Z</time></trkpt><trkpt lat="59.164005" lon="11.505815"><ele>0.000000</ele><time>2026-09-14T13:01:09.009Z</time></trkpt><trkpt lat="59.164001" lon="11.505789"><ele>0.000000</ele><time>2026-09-14T13:01:10.010Z</time></trkpt><trkpt lat="59.163997" lon="11.505762"><ele>0.000000</ele><time>2026-09-14T13:01:11.011Z</time></trkpt><trkpt lat="59.163993" lon="11.505734"><ele>0.000000</ele><time>2026-09-14T13:01:12.012Z</time></trkpt><trkpt lat="59.163990" lon="11.505708"><ele>0.000000</ele><time>2026-09-14T13:01:13.013Z</time></trkpt><trkpt lat="59.163985" lon="11.505681"><ele>0.000000</ele><time>2026-09-14T13:01:14.014Z</time></trkpt><trkpt lat="59.163981" lon="11.505656"><ele>0.000000</ele><time>2026-09-14T13:01:15.015Z</time></trkpt><trkpt lat="59.163976" lon="11.505629"><ele>0.000000</ele><time>2026-09-14T13:01:16.016Z</time></trkpt><trkpt lat="59.163971" lon="11.505603"><ele>0.000000</ele><time>2026-09-14T13:01:17.017Z</time></trkpt><trkpt lat="59.163967" lon="11.505577"><ele>0.000000</ele><time>2026-09-14T13:01:18.018Z</time></trkpt><trkpt lat="59.163962" lon="11.505552"><ele>0.000000</ele><time>2026-09-14T13:01:19.019Z</time></trkpt><trkpt lat="59.163957" lon="11.505525"><ele>0.000000</ele><time>2026-09-14T13:01:20.020Z</time></trkpt><trkpt lat="59.163952" lon="11.505500"><ele>0.000000</ele><time>2026-09-14T13:01:21.021Z</time></trkpt><trkpt lat="59.163948" lon="11.505474"><ele>0.000000</ele><time>2026-09-14T13:01:22.022Z</time></trkpt><trkpt lat="59.163943" lon="11.505450"><ele>0.000000</ele><time>2026-09-14T13:01:23.023Z</time></trkpt><trkpt lat="59.163938" lon="11.505424"><ele>0.000000</ele><time>2026-09-14T13:01:24.024Z</time></trkpt><trkpt lat="59.163928" lon="11.505376"><ele>0.000000</ele><time>2026-09-14T13:01:26.026Z</time></trkpt><trkpt lat="59.163917" lon="11.505328"><ele>0.000000</ele><time>2026-09-14T13:01:28.028Z</time></trkpt><trkpt lat="59.163907" lon="11.505281"><ele>0.000000</ele><time>2026-09-14T13:01:30.030Z</time></trkpt><trkpt lat="59.163903" lon="11.505258"><ele>0.000000</ele><time>2026-09-14T13:01:31.031Z</time></trkpt><trkpt lat="59.163898" lon="11.505231"><ele>0.000000</ele><time>2026-09-14T13:01:32.032Z</time></trkpt><trkpt lat="59.163894" lon="11.505206"><ele>0.000000</ele><time>2026-09-14T13:01:33.033Z</time></trkpt><trkpt lat="59.163890" lon="11.505181"><ele>0.000000</ele><time>2026-09-14T13:01:34.034Z</time></trkpt><trkpt lat="59.163886" lon="11.505159"><ele>0.000000</ele><time>2026-09-14T13:01:35.035Z</time></trkpt><trkpt lat="59.163881" lon="11.505135"><ele>0.000000</ele><time>2026-09-14T13:01:36.036Z</time></trkpt><trkpt lat="59.163877" lon="11.505111"><ele>0.000000</ele><time>2026-09-14T13:01:37.037Z</time></trkpt><trkpt lat="59.163873" lon="11.505086"><ele>0.000000</ele><time>2026-09-14T13:01:38.038Z</time></trkpt><trkpt lat="59.163870" lon="11.505062"><ele>0.000000</ele><time>2026-09-14T13:01:39.039Z</time></trkpt><trkpt lat="59.163866" lon="11.505035"><ele>0.000000</ele><time>2026-09-14T13:01:40.040Z</time></trkpt><trkpt lat="59.163862" lon="11.505009"><ele>0.000000</ele><time>2026-09-14T13:01:41.041Z</time></trkpt><trkpt lat="59.163859" lon="11.504983"><ele>0.000000</ele><time>2026-09-14T13:01:42.042Z</time></trkpt><trkpt lat="59.163855" lon="11.504959"><ele>0.000000</ele><time>2026-09-14T13:01:43.043Z</time></trkpt><trkpt lat="59.163851" lon="11.504934"><ele>0.000000</ele><time>2026-09-14T13:01:44.044Z</time></trkpt><trkpt lat="59.163848" lon="11.504910"><ele>0.000000</ele><time>2026-09-14T13:01:45.045Z</time></trkpt><trkpt lat="59.163846" lon="11.504885"><ele>0.000000</ele><time>2026-09-14T13:01:46.046Z</time></trkpt><trkpt lat="59.163843" lon="11.504860"><ele>0.000000</ele><time>2026-09-14T13:01:47.047Z</time></trkpt><trkpt lat="59.163840" lon="11.504835"><ele>0.000000</ele><time>2026-09-14T13:01:48.048Z</time></trkpt><trkpt lat="59.163837" lon="11.504811"><ele>0.000000</ele><time>2026-09-14T13:01:49.049Z</time></trkpt><trkpt lat="59.163834" lon="11.504789"><ele>0.000000</ele><time>2026-09-14T13:01:50.050Z</time></trkpt><trkpt lat="59.163830" lon="11.504765"><ele>0.000000</ele><time>2026-09-14T13:01:51.051Z</time></trkpt><trkpt lat="59.163826" lon="11.504742"><ele>0.000000</ele><time>2026-09-14T13:01:52.052Z</time></trkpt><trkpt lat="59.163822" lon="11.504717"><ele>0.000000</ele><time>2026-09-14T13:01:53.053Z</time></trkpt><trkpt lat="59.163814" lon="11.504668"><ele>0.000000</ele><time>2026-09-14T13:01:55.055Z</time></trkpt><trkpt lat="59.163805" lon="11.504621"><ele>0.000000</ele><time>2026-09-14T13:01:57.057Z</time></trkpt><trkpt lat="59.163800" lon="11.504599"><ele>0.000000</ele><time>2026-09-14T13:01:58.058Z</time></trkpt><trkpt lat="59.163795" lon="11.504575"><ele>0.000000</ele><time>2026-09-14T13:01:59.059Z</time></trkpt><trkpt lat="59.163792" lon="11.504553"><ele>0.000000</ele><time>2026-09-14T13:02:00.000Z</time></trkpt><trkpt lat="59.163788" lon="11.504529"><ele>0.000000</ele><time>2026-09-14T13:02:01.001Z</time></trkpt><trkpt lat="59.163784" lon="11.504506"><ele>0.000000</ele><time>2026-09-14T13:02:02.002Z</time></trkpt><trkpt lat="59.163780" lon="11.504481"><ele>0.000000</ele><time>2026-09-14T13:02:03.003Z</time></trkpt><trkpt lat="59.163776" lon="11.504457"><ele>0.000000</ele><time>2026-09-14T13:02:04.004Z</time></trkpt><trkpt lat="59.163773" lon="11.504431"><ele>0.000000</ele><time>2026-09-14T13:02:05.005Z</time></trkpt><trkpt lat="59.163770" lon="11.504406"><ele>0.000000</ele><time>2026-09-14T13:02:06.006Z</time></trkpt><trkpt lat="59.163767" lon="11.504382"><ele>0.000000</ele><time>2026-09-14T13:02:07.007Z</time></trkpt><trkpt lat="59.163764" lon="11.504357"><ele>0.000000</ele><time>2026-09-14T13:02:08.008Z</time></trkpt><trkpt lat="59.163761" lon="11.504331"><ele>0.000000</ele><time>2026-09-14T13:02:09.009Z</time></trkpt><trkpt lat="59.163758" lon="11.504307"><ele>0.000000</ele><time>2026-09-14T13:02:10.010Z</time></trkpt><trkpt lat="59.163754" lon="11.504281"><ele>0.000000</ele><time>2026-09-14T13:02:11.011Z</time></trkpt><trkpt lat="59.163750" lon="11.504256"><ele>0.000000</ele><time>2026-09-14T13:02:12.012Z</time></trkpt><trkpt lat="59.163746" lon="11.504232"><ele>0.000000</ele><time>2026-09-14T13:02:13.013Z</time></trkpt><trkpt lat="59.163741" lon="11.504209"><ele>0.000000</ele><time>2026-09-14T13:02:14.014Z</time></trkpt><trkpt lat="59.163737" lon="11.504185"><ele>0.000000</ele><time>2026-09-14T13:02:15.015Z</time></trkpt><trkpt lat="59.163732" lon="11.504162"><ele>0.000000</ele><time>2026-09-14T13:02:16.016Z</time></trkpt><trkpt lat="59.163728" lon="11.504138"><ele>0.000000</ele><time>2026-09-14T13:02:17.017Z</time></trkpt><trkpt lat="59.163723" lon="11.504114"><ele>0.000000</ele><time>2026-09-14T13:02:18.018Z</time></trkpt><trkpt lat="59.163718" lon="11.504090"><ele>0.000000</ele><time>2026-09-14T13:02:19.019Z</time></trkpt><trkpt lat="59.163714" lon="11.504067"><ele>0.000000</ele><time>2026-09-14T13:02:20.020Z</time></trkpt><trkpt lat="59.163708" lon="11.504042"><ele>0.000000</ele><time>2026-09-14T13:02:21.021Z</time></trkpt><trkpt lat="59.163703" lon="11.504019"><ele>0.000000</ele><time>2026-09-14T13:02:22.022Z</time></trkpt><trkpt lat="59.163698" lon="11.503995"><ele>0.000000</ele><time>2026-09-14T13:02:23.023Z</time></trkpt><trkpt lat="59.163692" lon="11.503973"><ele>0.000000</ele><time>2026-09-14T13:02:24.024Z</time></trkpt><trkpt lat="59.163686" lon="11.503948"><ele>0.000000</ele><time>2026-09-14T13:02:25.025Z</time></trkpt><trkpt lat="59.163681" lon="11.503924"><ele>0.000000</ele><time>2026-09-14T13:02:26.026Z</time></trkpt><trkpt lat="59.163676" lon="11.503898"><ele>0.000000</ele><time>2026-09-14T13:02:27.027Z</time></trkpt><trkpt lat="59.163667" lon="11.503851"><ele>0.000000</ele><time>2026-09-14T13:02:29.029Z</time></trkpt><trkpt lat="59.163661" lon="11.503828"><ele>0.000000</ele><time>2026-09-14T13:02:30.030Z</time></trkpt><trkpt lat="59.163656" lon="11.503803"><ele>0.000000</ele><time>2026-09-14T13:02:31.031Z</time></trkpt><trkpt lat="59.163652" lon="11.503779"><ele>0.000000</ele><time>2026-09-14T13:02:32.032Z</time></trkpt><trkpt lat="59.163647" lon="11.503754"><ele>0.000000</ele><time>2026-09-14T13:02:33.033Z</time></trkpt><trkpt lat="59.163643" lon="11.503730"><ele>0.000000</ele><time>2026-09-14T13:02:34.034Z</time></trkpt><trkpt lat="59.163639" lon="11.503705"><ele>0.000000</ele><time>2026-09-14T13:02:35.035Z</time></trkpt><trkpt lat="59.163635" lon="11.503680"><ele>0.000000</ele><time>2026-09-14T13:02:36.036Z</time></trkpt><trkpt lat="59.163630" lon="11.503655"><ele>0.000000</ele><time>2026-09-14T13:02:37.037Z</time></trkpt><trkpt lat="59.163626" lon="11.503630"><ele>0.000000</ele><time>2026-09-14T13:02:38.038Z</time></trkpt><trkpt lat="59.163621" lon="11.503602"><ele>0.000000</ele><time>2026-09-14T13:02:39.039Z</time></trkpt><trkpt lat="59.163617" lon="11.503575"><ele>0.000000</ele><time>2026-09-14T13:02:40.040Z</time></trkpt><trkpt lat="59.163612" lon="11.503547"><ele>0.000000</ele><time>2026-09-14T13:02:41.041Z</time></trkpt><trkpt lat="59.163608" lon="11.503521"><ele>0.000000</ele><time>2026-09-14T13:02:42.042Z</time></trkpt><trkpt lat="59.163603" lon="11.503495"><ele>0.000000</ele><time>2026-09-14T13:02:43.043Z</time></trkpt><trkpt lat="59.163599" lon="11.503469"><ele>0.000000</ele><time>2026-09-14T13:02:44.044Z</time></trkpt><trkpt lat="59.163594" lon="11.503442"><ele>0.000000</ele><time>2026-09-14T13:02:45.045Z</time></trkpt><trkpt lat="59.163590" lon="11.503416"><ele>0.000000</ele><time>2026-09-14T13:02:46.046Z</time></trkpt><trkpt lat="59.163585" lon="11.503389"><ele>0.000000</ele><time>2026-09-14T13:02:47.047Z</time></trkpt><trkpt lat="59.163581" lon="11.503363"><ele>0.000000</ele><time>2026-09-14T13:02:48.048Z</time></trkpt><trkpt lat="59.163577" lon="11.503337"><ele>0.000000</ele><time>2026-09-14T13:02:49.049Z</time></trkpt><trkpt lat="59.163573" lon="11.503309"><ele>0.000000</ele><time>2026-09-14T13:02:50.050Z</time></trkpt><trkpt lat="59.163568" lon="11.503283"><ele>0.000000</ele><time>2026-09-14T13:02:51.051Z</time></trkpt><trkpt lat="59.163564" lon="11.503257"><ele>0.000000</ele><time>2026-09-14T13:02:52.052Z</time></trkpt><trkpt lat="59.163560" lon="11.503230"><ele>0.000000</ele><time>2026-09-14T13:02:53.053Z</time></trkpt><trkpt lat="59.163555" lon="11.503203"><ele>0.000000</ele><time>2026-09-14T13:02:54.054Z</time></trkpt><trkpt lat="59.163551" lon="11.503176"><ele>0.000000</ele><time>2026-09-14T13:02:55.055Z</time></trkpt><trkpt lat="59.163547" lon="11.503149"><ele>0.000000</ele><time>2026-09-14T13:02:56.056Z</time></trkpt><trkpt lat="59.163543" lon="11.503123"><ele>0.000000</ele><time>2026-09-14T13:02:57.057Z</time></trkpt><trkpt lat="59.163539" lon="11.503095"><ele>0.000000</ele><time>2026-09-14T13:02:58.058Z</time></trkpt><trkpt lat="59.163535" lon="11.503068"><ele>0.000000</ele><time>2026-09-14T13:02:59.059Z</time></trkpt><trkpt lat="59.163531" lon="11.503043"><ele>0.000000</ele><time>2026-09-14T13:03:00.000Z</time></trkpt><trkpt lat="59.163528" lon="11.503016"><ele>0.000000</ele><time>2026-09-14T13:03:01.001Z</time></trkpt><trkpt lat="59.163524" lon="11.502991"><ele>0.000000</ele><time>2026-09-14T13:03:02.002Z</time></trkpt><trkpt lat="59.163521" lon="11.502967"><ele>0.000000</ele><time>2026-09-14T13:03:03.003Z</time></trkpt><trkpt lat="59.163519" lon="11.502943"><ele>0.000000</ele><time>2026-09-14T13:03:04.004Z</time></trkpt><trkpt lat="59.163517" lon="11.502922"><ele>0.000000</ele><time>2026-09-14T13:03:05.005Z</time></trkpt><trkpt lat="59.163515" lon="11.502900"><ele>0.000000</ele><time>2026-09-14T13:03:06.006Z</time></trkpt><trkpt lat="59.163511" lon="11.502858"><ele>0.000000</ele><time>2026-09-14T13:03:08.008Z</time></trkpt><trkpt lat="59.163510" lon="11.502837"><ele>0.000000</ele><time>2026-09-14T13:03:09.009Z</time></trkpt><trkpt lat="59.163508" lon="11.502815"><ele>0.000000</ele><time>2026-09-14T13:03:10.010Z</time></trkpt><trkpt lat="59.163507" lon="11.502794"><ele>0.000000</ele><time>2026-09-14T13:03:11.011Z</time></trkpt><trkpt lat="59.163503" lon="11.502754"><ele>0.000000</ele><time>2026-09-14T13:03:13.013Z</time></trkpt><trkpt lat="59.163501" lon="11.502732"><ele>0.000000</ele><time>2026-09-14T13:03:14.014Z</time></trkpt><trkpt lat="59.163498" lon="11.502691"><ele>0.000000</ele><time>2026-09-14T13:03:16.016Z</time></trkpt><trkpt lat="59.163497" lon="11.502671"><ele>0.000000</ele><time>2026-09-14T13:03:17.017Z</time></trkpt><trkpt lat="59.163495" lon="11.502649"><ele>0.000000</ele><time>2026-09-14T13:03:18.018Z</time></trkpt><trkpt lat="59.163490" lon="11.502608"><ele>0.000000</ele><time>2026-09-14T13:03:20.020Z</time></trkpt><trkpt lat="59.163484" lon="11.502565"><ele>0.000000</ele><time>2026-09-14T13:03:22.022Z</time></trkpt><trkpt lat="59.163481" lon="11.502542"><ele>0.000000</ele><time>2026-09-14T13:03:23.023Z</time></trkpt><trkpt lat="59.163477" lon="11.502517"><ele>0.000000</ele><time>2026-09-14T13:03:24.024Z</time></trkpt><trkpt lat="59.163471" lon="11.502469"><ele>0.000000</ele><time>2026-09-14T13:03:26.026Z</time></trkpt><trkpt lat="59.163462" lon="11.502420"><ele>0.000000</ele><time>2026-09-14T13:03:28.028Z</time></trkpt><trkpt lat="59.163457" lon="11.502394"><ele>0.000000</ele><time>2026-09-14T13:03:29.029Z</time></trkpt><trkpt lat="59.163451" lon="11.502367"><ele>0.000000</ele><time>2026-09-14T13:03:30.030Z</time></trkpt><trkpt lat="59.163446" lon="11.502342"><ele>0.000000</ele><time>2026-09-14T13:03:31.031Z</time></trkpt><trkpt lat="59.163441" lon="11.502316"><ele>0.000000</ele><time>2026-09-14T13:03:32.032Z</time></trkpt><trkpt lat="59.163436" lon="11.502292"><ele>0.000000</ele><time>2026-09-14T13:03:33.033Z</time></trkpt><trkpt lat="59.163430" lon="11.502265"><ele>0.000000</ele><time>2026-09-14T13:03:34.034Z</time></trkpt><trkpt lat="59.163420" lon="11.502217"><ele>0.000000</ele><time>2026-09-14T13:03:36.036Z</time></trkpt><trkpt lat="59.163410" lon="11.502168"><ele>0.000000</ele><time>2026-09-14T13:03:38.038Z</time></trkpt><trkpt lat="59.163400" lon="11.502122"><ele>0.000000</ele><time>2026-09-14T13:03:40.040Z</time></trkpt><trkpt lat="59.163395" lon="11.502099"><ele>0.000000</ele><time>2026-09-14T13:03:41.041Z</time></trkpt><trkpt lat="59.163390" lon="11.502074"><ele>0.000000</ele><time>2026-09-14T13:03:42.042Z</time></trkpt><trkpt lat="59.163381" lon="11.502027"><ele>0.000000</ele><time>2026-09-14T13:03:44.044Z</time></trkpt><trkpt lat="59.163377" lon="11.502004"><ele>0.000000</ele><time>2026-09-14T13:03:45.045Z</time></trkpt><trkpt lat="59.163372" lon="11.501980"><ele>0.000000</ele><time>2026-09-14T13:03:46.046Z</time></trkpt><trkpt lat="59.163367" lon="11.501956"><ele>0.000000</ele><time>2026-09-14T13:03:47.047Z</time></trkpt><trkpt lat="59.163362" lon="11.501932"><ele>0.000000</ele><time>2026-09-14T13:03:48.048Z</time></trkpt><trkpt lat="59.163358" lon="11.501908"><ele>0.000000</ele><time>2026-09-14T13:03:49.049Z</time></trkpt><trkpt lat="59.163354" lon="11.501882"><ele>0.000000</ele><time>2026-09-14T13:03:50.050Z</time></trkpt><trkpt lat="59.163350" lon="11.501856"><ele>0.000000</ele><time>2026-09-14T13:03:51.051Z</time></trkpt><trkpt lat="59.163345" lon="11.501831"><ele>0.000000</ele><time>2026-09-14T13:03:52.052Z</time></trkpt><trkpt lat="59.163341" lon="11.501806"><ele>0.000000</ele><time>2026-09-14T13:03:53.053Z</time></trkpt><trkpt lat="59.163337" lon="11.501779"><ele>0.000000</ele><time>2026-09-14T13:03:54.054Z</time></trkpt><trkpt lat="59.163329" lon="11.501728"><ele>0.000000</ele><time>2026-09-14T13:03:56.056Z</time></trkpt><trkpt lat="59.163326" lon="11.501702"><ele>0.000000</ele><time>2026-09-14T13:03:57.057Z</time></trkpt><trkpt lat="59.163322" lon="11.501675"><ele>0.000000</ele><time>2026-09-14T13:03:58.058Z</time></trkpt><trkpt lat="59.163319" lon="11.501648"><ele>0.000000</ele><time>2026-09-14T13:03:59.059Z</time></trkpt><trkpt lat="59.163315" lon="11.501620"><ele>0.000000</ele><time>2026-09-14T13:04:00.000Z</time></trkpt><trkpt lat="59.163308" lon="11.501570"><ele>0.000000</ele><time>2026-09-14T13:04:02.002Z</time></trkpt><trkpt lat="59.163303" lon="11.501546"><ele>0.000000</ele><time>2026-09-14T13:04:03.003Z</time></trkpt><trkpt lat="59.163299" lon="11.501520"><ele>0.000000</ele><time>2026-09-14T13:04:04.004Z</time></trkpt><trkpt lat="59.163295" lon="11.501495"><ele>0.000000</ele><time>2026-09-14T13:04:05.005Z</time></trkpt><trkpt lat="59.163289" lon="11.501471"><ele>0.000000</ele><time>2026-09-14T13:04:06.006Z</time></trkpt><trkpt lat="59.163284" lon="11.501447"><ele>0.000000</ele><time>2026-09-14T13:04:07.007Z</time></trkpt><trkpt lat="59.163279" lon="11.501424"><ele>0.000000</ele><time>2026-09-14T13:04:08.008Z</time></trkpt><trkpt lat="59.163273" lon="11.501399"><ele>0.000000</ele><time>2026-09-14T13:04:09.009Z</time></trkpt><trkpt lat="59.163261" lon="11.501352"><ele>0.000000</ele><time>2026-09-14T13:04:11.011Z</time></trkpt><trkpt lat="59.163254" lon="11.501330"><ele>0.000000</ele><time>2026-09-14T13:04:12.012Z</time></trkpt><trkpt lat="59.163247" lon="11.501308"><ele>0.000000</ele><time>2026-09-14T13:04:13.013Z</time></trkpt><trkpt lat="59.163241" lon="11.501286"><ele>0.000000</ele><time>2026-09-14T13:04:14.014Z</time></trkpt><trkpt lat="59.163236" lon="11.501261"><ele>0.000000</ele><time>2026-09-14T13:04:15.015Z</time></trkpt><trkpt lat="59.163226" lon="11.501212"><ele>0.000000</ele><time>2026-09-14T13:04:17.017Z</time></trkpt><trkpt lat="59.163222" lon="11.501186"><ele>0.000000</ele><time>2026-09-14T13:04:18.018Z</time></trkpt><trkpt lat="59.163217" lon="11.501159"><ele>0.000000</ele><time>2026-09-14T13:04:19.019Z</time></trkpt><trkpt lat="59.163213" lon="11.501133"><ele>0.000000</ele><time>2026-09-14T13:04:20.020Z</time></trkpt><trkpt lat="59.163209" lon="11.501108"><ele>0.000000</ele><time>2026-09-14T13:04:21.021Z</time></trkpt><trkpt lat="59.163205" lon="11.501083"><ele>0.000000</ele><time>2026-09-14T13:04:22.022Z</time></trkpt><trkpt lat="59.163201" lon="11.501057"><ele>0.000000</ele><time>2026-09-14T13:04:23.023Z</time></trkpt><trkpt lat="59.163197" lon="11.501030"><ele>0.000000</ele><time>2026-09-14T13:04:24.024Z</time></trkpt><trkpt lat="59.163193" lon="11.501003"><ele>0.000000</ele><time>2026-09-14T13:04:25.025Z</time></trkpt><trkpt lat="59.163189" lon="11.500974"><ele>0.000000</ele><time>2026-09-14T13:04:26.026Z</time></trkpt><trkpt lat="59.163181" lon="11.500920"><ele>0.000000</ele><time>2026-09-14T13:04:28.028Z</time></trkpt><trkpt lat="59.163178" lon="11.500893"><ele>0.000000</ele><time>2026-09-14T13:04:29.029Z</time></trkpt><trkpt lat="59.163174" lon="11.500865"><ele>0.000000</ele><time>2026-09-14T13:04:30.030Z</time></trkpt><trkpt lat="59.163171" lon="11.500839"><ele>0.000000</ele><time>2026-09-14T13:04:31.031Z</time></trkpt><trkpt lat="59.163167" lon="11.500811"><ele>0.000000</ele><time>2026-09-14T13:04:32.032Z</time></trkpt><trkpt lat="59.163163" lon="11.500785"><ele>0.000000</ele><time>2026-09-14T13:04:33.033Z</time></trkpt><trkpt lat="59.163160" lon="11.500758"><ele>0.000000</ele><time>2026-09-14T13:04:34.034Z</time></trkpt><trkpt lat="59.163157" lon="11.500732"><ele>0.000000</ele><time>2026-09-14T13:04:35.035Z</time></trkpt><trkpt lat="59.163154" lon="11.500707"><ele>0.000000</ele><time>2026-09-14T13:04:36.036Z</time></trkpt><trkpt lat="59.163151" lon="11.500681"><ele>0.000000</ele><time>2026-09-14T13:04:37.037Z</time></trkpt><trkpt lat="59.163149" lon="11.500654"><ele>0.000000</ele><time>2026-09-14T13:04:38.038Z</time></trkpt><trkpt lat="59.163147" lon="11.500627"><ele>0.000000</ele><time>2026-09-14T13:04:39.039Z</time></trkpt><trkpt lat="59.163141" lon="11.500578"><ele>0.000000</ele><time>2026-09-14T13:04:41.041Z</time></trkpt><trkpt lat="59.163138" lon="11.500552"><ele>0.000000</ele><time>2026-09-14T13:04:42.042Z</time></trkpt><trkpt lat="59.163135" lon="11.500526"><ele>0.000000</ele><time>2026-09-14T13:04:43.043Z</time></trkpt><trkpt lat="59.163132" lon="11.500500"><ele>0.000000</ele><time>2026-09-14T13:04:44.044Z</time></trkpt><trkpt lat="59.163129" lon="11.500473"><ele>0.000000</ele><time>2026-09-14T13:04:45.045Z</time></trkpt><trkpt lat="59.163126" lon="11.500446"><ele>0.000000</ele><time>2026-09-14T13:04:46.046Z</time></trkpt><trkpt lat="59.163124" lon="11.500419"><ele>0.000000</ele><time>2026-09-14T13:04:47.047Z</time></trkpt><trkpt lat="59.163121" lon="11.500390"><ele>0.000000</ele><time>2026-09-14T13:04:48.048Z</time></trkpt><trkpt lat="59.163118" lon="11.500362"><ele>0.000000</ele><time>2026-09-14T13:04:49.049Z</time></trkpt><trkpt lat="59.163115" lon="11.500332"><ele>0.000000</ele><time>2026-09-14T13:04:50.050Z</time></trkpt><trkpt lat="59.163112" lon="11.500304"><ele>0.000000</ele><time>2026-09-14T13:04:51.051Z</time></trkpt><trkpt lat="59.163109" lon="11.500276"><ele>0.000000</ele><time>2026-09-14T13:04:52.052Z</time></trkpt><trkpt lat="59.163107" lon="11.500249"><ele>0.000000</ele><time>2026-09-14T13:04:53.053Z</time></trkpt><trkpt lat="59.163104" lon="11.500219"><ele>0.000000</ele><time>2026-09-14T13:04:54.054Z</time></trkpt><trkpt lat="59.163102" lon="11.500191"><ele>0.000000</ele><time>2026-09-14T13:04:55.055Z</time></trkpt><trkpt lat="59.163100" lon="11.500162"><ele>0.000000</ele><time>2026-09-14T13:04:56.056Z</time></trkpt><trkpt lat="59.163097" lon="11.500132"><ele>0.000000</ele><time>2026-09-14T13:04:57.057Z</time></trkpt><trkpt lat="59.163093" lon="11.500101"><ele>0.000000</ele><time>2026-09-14T13:04:58.058Z</time></trkpt><trkpt lat="59.163090" lon="11.500071"><ele>0.000000</ele><time>2026-09-14T13:04:59.059Z</time></trkpt><trkpt lat="59.163087" lon="11.500042"><ele>0.000000</ele><time>2026-09-14T13:05:00.000Z</time></trkpt><trkpt lat="59.163085" lon="11.500013"><ele>0.000000</ele><time>2026-09-14T13:05:01.001Z</time></trkpt><trkpt lat="59.163082" lon="11.499983"><ele>0.000000</ele><time>2026-09-14T13:05:02.002Z</time></trkpt><trkpt lat="59.163081" lon="11.499953"><ele>0.000000</ele><time>2026-09-14T13:05:03.003Z</time></trkpt><trkpt lat="59.163079" lon="11.499924"><ele>0.000000</ele><time>2026-09-14T13:05:04.004Z</time></trkpt><trkpt lat="59.163077" lon="11.499896"><ele>0.000000</ele><time>2026-09-14T13:05:05.005Z</time></trkpt><trkpt lat="59.163076" lon="11.499867"><ele>0.000000</ele><time>2026-09-14T13:05:06.006Z</time></trkpt><trkpt lat="59.163074" lon="11.499839"><ele>0.000000</ele><time>2026-09-14T13:05:07.007Z</time></trkpt><trkpt lat="59.163072" lon="11.499810"><ele>0.000000</ele><time>2026-09-14T13:05:08.008Z</time></trkpt><trkpt lat="59.163070" lon="11.499784"><ele>0.000000</ele><time>2026-09-14T13:05:09.009Z</time></trkpt><trkpt lat="59.163067" lon="11.499756"><ele>0.000000</ele><time>2026-09-14T13:05:10.010Z</time></trkpt><trkpt lat="59.163064" lon="11.499729"><ele>0.000000</ele><time>2026-09-14T13:05:11.011Z</time></trkpt><trkpt lat="59.163061" lon="11.499701"><ele>0.000000</ele><time>2026-09-14T13:05:12.012Z</time></trkpt><trkpt lat="59.163057" lon="11.499673"><ele>0.000000</ele><time>2026-09-14T13:05:13.013Z</time></trkpt><trkpt lat="59.163054" lon="11.499644"><ele>0.000000</ele><time>2026-09-14T13:05:14.014Z</time></trkpt><trkpt lat="59.163050" lon="11.499616"><ele>0.000000</ele><time>2026-09-14T13:05:15.015Z</time></trkpt><trkpt lat="59.163047" lon="11.499588"><ele>0.000000</ele><time>2026-09-14T13:05:16.016Z</time></trkpt><trkpt lat="59.163044" lon="11.499560"><ele>0.000000</ele><time>2026-09-14T13:05:17.017Z</time></trkpt><trkpt lat="59.163040" lon="11.499532"><ele>0.000000</ele><time>2026-09-14T13:05:18.018Z</time></trkpt><trkpt lat="59.163037" lon="11.499503"><ele>0.000000</ele><time>2026-09-14T13:05:19.019Z</time></trkpt><trkpt lat="59.163033" lon="11.499475"><ele>0.000000</ele><time>2026-09-14T13:05:20.020Z</time></trkpt><trkpt lat="59.163029" lon="11.499446"><ele>0.000000</ele><time>2026-09-14T13:05:21.021Z</time></trkpt><trkpt lat="59.163026" lon="11.499417"><ele>0.000000</ele><time>2026-09-14T13:05:22.022Z</time></trkpt><trkpt lat="59.163022" lon="11.499388"><ele>0.000000</ele><time>2026-09-14T13:05:23.023Z</time></trkpt><trkpt lat="59.163019" lon="11.499359"><ele>0.000000</ele><time>2026-09-14T13:05:24.024Z</time></trkpt><trkpt lat="59.163014" lon="11.499331"><ele>0.000000</ele><time>2026-09-14T13:05:25.025Z</time></trkpt><trkpt lat="59.163009" lon="11.499303"><ele>0.000000</ele><time>2026-09-14T13:05:26.026Z</time></trkpt><trkpt lat="59.163005" lon="11.499276"><ele>0.000000</ele><time>2026-09-14T13:05:27.027Z</time></trkpt><trkpt lat="59.163000" lon="11.499249"><ele>0.000000</ele><time>2026-09-14T13:05:28.028Z</time></trkpt><trkpt lat="59.162995" lon="11.499222"><ele>0.000000</ele><time>2026-09-14T13:05:29.029Z</time></trkpt><trkpt lat="59.162991" lon="11.499194"><ele>0.000000</ele><time>2026-09-14T13:05:30.030Z</time></trkpt><trkpt lat="59.162986" lon="11.499166"><ele>0.000000</ele><time>2026-09-14T13:05:31.031Z</time></trkpt><trkpt lat="59.162981" lon="11.499136"><ele>0.000000</ele><time>2026-09-14T13:05:32.032Z</time></trkpt><trkpt lat="59.162976" lon="11.499106"><ele>0.000000</ele><time>2026-09-14T13:05:33.033Z</time></trkpt><trkpt lat="59.162971" lon="11.499077"><ele>0.000000</ele><time>2026-09-14T13:05:34.034Z</time></trkpt><trkpt lat="59.162966" lon="11.499049"><ele>0.000000</ele><time>2026-09-14T13:05:35.035Z</time></trkpt><trkpt lat="59.162961" lon="11.499022"><ele>0.000000</ele><time>2026-09-14T13:05:36.036Z</time></trkpt><trkpt lat="59.162956" lon="11.498994"><ele>0.000000</ele><time>2026-09-14T13:05:37.037Z</time></trkpt><trkpt lat="59.162951" lon="11.498965"><ele>0.000000</ele><time>2026-09-14T13:05:38.038Z</time></trkpt><trkpt lat="59.162946" lon="11.498936"><ele>0.000000</ele><time>2026-09-14T13:05:39.039Z</time></trkpt><trkpt lat="59.162942" lon="11.498907"><ele>0.000000</ele><time>2026-09-14T13:05:40.040Z</time></trkpt><trkpt lat="59.162938" lon="11.498879"><ele>0.000000</ele><time>2026-09-14T13:05:41.041Z</time></trkpt><trkpt lat="59.162934" lon="11.498849"><ele>0.000000</ele><time>2026-09-14T13:05:42.042Z</time></trkpt><trkpt lat="59.162929" lon="11.498820"><ele>0.000000</ele><time>2026-09-14T13:05:43.043Z</time></trkpt><trkpt lat="59.162925" lon="11.498790"><ele>0.000000</ele><time>2026-09-14T13:05:44.044Z</time></trkpt><trkpt lat="59.162921" lon="11.498760"><ele>0.000000</ele><time>2026-09-14T13:05:45.045Z</time></trkpt><trkpt lat="59.162917" lon="11.498732"><ele>0.000000</ele><time>2026-09-14T13:05:46.046Z</time></trkpt><trkpt lat="59.162912" lon="11.498703"><ele>0.000000</ele><time>2026-09-14T13:05:47.047Z</time></trkpt><trkpt lat="59.162907" lon="11.498675"><ele>0.000000</ele><time>2026-09-14T13:05:48.048Z</time></trkpt><trkpt lat="59.162902" lon="11.498647"><ele>0.000000</ele><time>2026-09-14T13:05:49.049Z</time></trkpt><trkpt lat="59.162897" lon="11.498621"><ele>0.000000</ele><time>2026-09-14T13:05:50.050Z</time></trkpt><trkpt lat="59.162892" lon="11.498594"><ele>0.000000</ele><time>2026-09-14T13:05:51.051Z</time></trkpt><trkpt lat="59.162887" lon="11.498565"><ele>0.000000</ele><time>2026-09-14T13:05:52.052Z</time></trkpt><trkpt lat="59.162876" lon="11.498514"><ele>0.000000</ele><time>2026-09-14T13:05:54.054Z</time></trkpt><trkpt lat="59.162870" lon="11.498488"><ele>0.000000</ele><time>2026-09-14T13:05:55.055Z</time></trkpt><trkpt lat="59.162865" lon="11.498461"><ele>0.000000</ele><time>2026-09-14T13:05:56.056Z</time></trkpt><trkpt lat="59.162860" lon="11.498433"><ele>0.000000</ele><time>2026-09-14T13:05:57.057Z</time></trkpt><trkpt lat="59.162854" lon="11.498407"><ele>0.000000</ele><time>2026-09-14T13:05:58.058Z</time></trkpt><trkpt lat="59.162848" lon="11.498381"><ele>0.000000</ele><time>2026-09-14T13:05:59.059Z</time></trkpt><trkpt lat="59.162843" lon="11.498356"><ele>0.000000</ele><time>2026-09-14T13:06:00.000Z</time></trkpt><trkpt lat="59.162837" lon="11.498330"><ele>0.000000</ele><time>2026-09-14T13:06:01.001Z</time></trkpt><trkpt lat="59.162832" lon="11.498305"><ele>0.000000</ele><time>2026-09-14T13:06:02.002Z</time></trkpt><trkpt lat="59.162826" lon="11.498278"><ele>0.000000</ele><time>2026-09-14T13:06:03.003Z</time></trkpt><trkpt lat="59.162822" lon="11.498251"><ele>0.000000</ele><time>2026-09-14T13:06:04.004Z</time></trkpt><trkpt lat="59.162817" lon="11.498224"><ele>0.000000</ele><time>2026-09-14T13:06:05.005Z</time></trkpt><trkpt lat="59.162814" lon="11.498196"><ele>0.000000</ele><time>2026-09-14T13:06:06.006Z</time></trkpt><trkpt lat="59.162810" lon="11.498168"><ele>0.000000</ele><time>2026-09-14T13:06:07.007Z</time></trkpt><trkpt lat="59.162806" lon="11.498141"><ele>0.000000</ele><time>2026-09-14T13:06:08.008Z</time></trkpt><trkpt lat="59.162803" lon="11.498114"><ele>0.000000</ele><time>2026-09-14T13:06:09.009Z</time></trkpt><trkpt lat="59.162801" lon="11.498088"><ele>0.000000</ele><time>2026-09-14T13:06:10.010Z</time></trkpt><trkpt lat="59.162798" lon="11.498062"><ele>0.000000</ele><time>2026-09-14T13:06:11.011Z</time></trkpt><trkpt lat="59.162796" lon="11.498038"><ele>0.000000</ele><time>2026-09-14T13:06:12.012Z</time></trkpt><trkpt lat="59.162793" lon="11.498012"><ele>0.000000</ele><time>2026-09-14T13:06:13.013Z</time></trkpt><trkpt lat="59.162789" lon="11.497986"><ele>0.000000</ele><time>2026-09-14T13:06:14.014Z</time></trkpt><trkpt lat="59.162784" lon="11.497960"><ele>0.000000</ele><time>2026-09-14T13:06:15.015Z</time></trkpt><trkpt lat="59.162780" lon="11.497934"><ele>0.000000</ele><time>2026-09-14T13:06:16.016Z</time></trkpt><trkpt lat="59.162774" lon="11.497907"><ele>0.000000</ele><time>2026-09-14T13:06:17.017Z</time></trkpt><trkpt lat="59.162770" lon="11.497881"><ele>0.000000</ele><time>2026-09-14T13:06:18.018Z</time></trkpt><trkpt lat="59.162766" lon="11.497853"><ele>0.000000</ele><time>2026-09-14T13:06:19.019Z</time></trkpt><trkpt lat="59.162763" lon="11.497825"><ele>0.000000</ele><time>2026-09-14T13:06:20.020Z</time></trkpt><trkpt lat="59.162761" lon="11.497798"><ele>0.000000</ele><time>2026-09-14T13:06:21.021Z</time></trkpt><trkpt lat="59.162758" lon="11.497771"><ele>0.000000</ele><time>2026-09-14T13:06:22.022Z</time></trkpt><trkpt lat="59.162756" lon="11.497743"><ele>0.000000</ele><time>2026-09-14T13:06:23.023Z</time></trkpt><trkpt lat="59.162753" lon="11.497715"><ele>0.000000</ele><time>2026-09-14T13:06:24.024Z</time></trkpt><trkpt lat="59.162751" lon="11.497688"><ele>0.000000</ele><time>2026-09-14T13:06:25.025Z</time></trkpt><trkpt lat="59.162748" lon="11.497659"><ele>0.000000</ele><time>2026-09-14T13:06:26.026Z</time></trkpt><trkpt lat="59.162745" lon="11.497631"><ele>0.000000</ele><time>2026-09-14T13:06:27.027Z</time></trkpt><trkpt lat="59.162743" lon="11.497602"><ele>0.000000</ele><time>2026-09-14T13:06:28.028Z</time></trkpt><trkpt lat="59.162740" lon="11.497573"><ele>0.000000</ele><time>2026-09-14T13:06:29.029Z</time></trkpt><trkpt lat="59.162737" lon="11.497546"><ele>0.000000</ele><time>2026-09-14T13:06:30.030Z</time></trkpt><trkpt lat="59.162733" lon="11.497518"><ele>0.000000</ele><time>2026-09-14T13:06:31.031Z</time></trkpt><trkpt lat="59.162728" lon="11.497490"><ele>0.000000</ele><time>2026-09-14T13:06:32.032Z</time></trkpt><trkpt lat="59.162723" lon="11.497461"><ele>0.000000</ele><time>2026-09-14T13:06:33.033Z</time></trkpt><trkpt lat="59.162718" lon="11.497433"><ele>0.000000</ele><time>2026-09-14T13:06:34.034Z</time></trkpt><trkpt lat="59.162713" lon="11.497405"><ele>0.000000</ele><time>2026-09-14T13:06:35.035Z</time></trkpt><trkpt lat="59.162708" lon="11.497377"><ele>0.000000</ele><time>2026-09-14T13:06:36.036Z</time></trkpt><trkpt lat="59.162702" lon="11.497349"><ele>0.000000</ele><time>2026-09-14T13:06:37.037Z</time></trkpt><trkpt lat="59.162697" lon="11.497321"><ele>0.000000</ele><time>2026-09-14T13:06:38.038Z</time></trkpt><trkpt lat="59.162692" lon="11.497292"><ele>0.000000</ele><time>2026-09-14T13:06:39.039Z</time></trkpt><trkpt lat="59.162687" lon="11.497265"><ele>0.000000</ele><time>2026-09-14T13:06:40.040Z</time></trkpt><trkpt lat="59.162682" lon="11.497237"><ele>0.000000</ele><time>2026-09-14T13:06:41.041Z</time></trkpt><trkpt lat="59.162676" lon="11.497211"><ele>0.000000</ele><time>2026-09-14T13:06:42.042Z</time></trkpt><trkpt lat="59.162671" lon="11.497185"><ele>0.000000</ele><time>2026-09-14T13:06:43.043Z</time></trkpt><trkpt lat="59.162660" lon="11.497133"><ele>0.000000</ele><time>2026-09-14T13:06:45.045Z</time></trkpt><trkpt lat="59.162655" lon="11.497107"><ele>0.000000</ele><time>2026-09-14T13:06:46.046Z</time></trkpt><trkpt lat="59.162648" lon="11.497079"><ele>0.000000</ele><time>2026-09-14T13:06:47.047Z</time></trkpt><trkpt lat="59.162638" lon="11.497031"><ele>0.000000</ele><time>2026-09-14T13:06:49.049Z</time></trkpt><trkpt lat="59.162634" lon="11.497007"><ele>0.000000</ele><time>2026-09-14T13:06:50.050Z</time></trkpt><trkpt lat="59.162631" lon="11.496982"><ele>0.000000</ele><time>2026-09-14T13:06:51.051Z</time></trkpt><trkpt lat="59.162628" lon="11.496956"><ele>0.000000</ele><time>2026-09-14T13:06:52.052Z</time></trkpt><trkpt lat="59.162625" lon="11.496931"><ele>0.000000</ele><time>2026-09-14T13:06:53.053Z</time></trkpt><trkpt lat="59.162622" lon="11.496907"><ele>0.000000</ele><time>2026-09-14T13:06:54.054Z</time></trkpt><trkpt lat="59.162619" lon="11.496882"><ele>0.000000</ele><time>2026-09-14T13:06:55.055Z</time></trkpt><trkpt lat="59.162616" lon="11.496857"><ele>0.000000</ele><time>2026-09-14T13:06:56.056Z</time></trkpt><trkpt lat="59.162613" lon="11.496831"><ele>0.000000</ele><time>2026-09-14T13:06:57.057Z</time></trkpt><trkpt lat="59.162610" lon="11.496805"><ele>0.000000</ele><time>2026-09-14T13:06:58.058Z</time></trkpt><trkpt lat="59.162606" lon="11.496778"><ele>0.000000</ele><time>2026-09-14T13:06:59.059Z</time></trkpt><trkpt lat="59.162602" lon="11.496750"><ele>0.000000</ele><time>2026-09-14T13:07:00.000Z</time></trkpt><trkpt lat="59.162597" lon="11.496722"><ele>0.000000</ele><time>2026-09-14T13:07:01.001Z</time></trkpt><trkpt lat="59.162593" lon="11.496694"><ele>0.000000</ele><time>2026-09-14T13:07:02.002Z</time></trkpt><trkpt lat="59.162588" lon="11.496666"><ele>0.000000</ele><time>2026-09-14T13:07:03.003Z</time></trkpt><trkpt lat="59.162584" lon="11.496637"><ele>0.000000</ele><time>2026-09-14T13:07:04.004Z</time></trkpt><trkpt lat="59.162579" lon="11.496608"><ele>0.000000</ele><time>2026-09-14T13:07:05.005Z</time></trkpt><trkpt lat="59.162575" lon="11.496579"><ele>0.000000</ele><time>2026-09-14T13:07:06.006Z</time></trkpt><trkpt lat="59.162570" lon="11.496550"><ele>0.000000</ele><time>2026-09-14T13:07:07.007Z</time></trkpt><trkpt lat="59.162565" lon="11.496521"><ele>0.000000</ele><time>2026-09-14T13:07:08.008Z</time></trkpt><trkpt lat="59.162560" lon="11.496493"><ele>0.000000</ele><time>2026-09-14T13:07:09.009Z</time></trkpt><trkpt lat="59.162554" lon="11.496465"><ele>0.000000</ele><time>2026-09-14T13:07:10.010Z</time></trkpt><trkpt lat="59.162549" lon="11.496438"><ele>0.000000</ele><time>2026-09-14T13:07:11.011Z</time></trkpt><trkpt lat="59.162543" lon="11.496410"><ele>0.000000</ele><time>2026-09-14T13:07:12.012Z</time></trkpt><trkpt lat="59.162537" lon="11.496386"><ele>0.000000</ele><time>2026-09-14T13:07:13.013Z</time></trkpt><trkpt lat="59.162531" lon="11.496360"><ele>0.000000</ele><time>2026-09-14T13:07:14.014Z</time></trkpt><trkpt lat="59.162526" lon="11.496335"><ele>0.000000</ele><time>2026-09-14T13:07:15.015Z</time></trkpt><trkpt lat="59.162520" lon="11.496309"><ele>0.000000</ele><time>2026-09-14T13:07:16.016Z</time></trkpt><trkpt lat="59.162515" lon="11.496282"><ele>0.000000</ele><time>2026-09-14T13:07:17.017Z</time></trkpt><trkpt lat="59.162510" lon="11.496256"><ele>0.000000</ele><time>2026-09-14T13:07:18.018Z</time></trkpt><trkpt lat="59.162506" lon="11.496229"><ele>0.000000</ele><time>2026-09-14T13:07:19.019Z</time></trkpt><trkpt lat="59.162497" lon="11.496180"><ele>0.000000</ele><time>2026-09-14T13:07:21.021Z</time></trkpt><trkpt lat="59.162493" lon="11.496155"><ele>0.000000</ele><time>2026-09-14T13:07:22.022Z</time></trkpt><trkpt lat="59.162488" lon="11.496131"><ele>0.000000</ele><time>2026-09-14T13:07:23.023Z</time></trkpt><trkpt lat="59.162479" lon="11.496085"><ele>0.000000</ele><time>2026-09-14T13:07:25.025Z</time></trkpt><trkpt lat="59.162474" lon="11.496063"><ele>0.000000</ele><time>2026-09-14T13:07:26.026Z</time></trkpt><trkpt lat="59.162470" lon="11.496037"><ele>0.000000</ele><time>2026-09-14T13:07:27.027Z</time></trkpt><trkpt lat="59.162461" lon="11.495993"><ele>0.000000</ele><time>2026-09-14T13:07:29.029Z</time></trkpt><trkpt lat="59.162456" lon="11.495971"><ele>0.000000</ele><time>2026-09-14T13:07:30.030Z</time></trkpt><trkpt lat="59.162452" lon="11.495948"><ele>0.000000</ele><time>2026-09-14T13:07:31.031Z</time></trkpt><trkpt lat="59.162447" lon="11.495925"><ele>0.000000</ele><time>2026-09-14T13:07:32.032Z</time></trkpt><trkpt lat="59.162443" lon="11.495901"><ele>0.000000</ele><time>2026-09-14T13:07:33.033Z</time></trkpt><trkpt lat="59.162439" lon="11.495877"><ele>0.000000</ele><time>2026-09-14T13:07:34.034Z</time></trkpt><trkpt lat="59.162434" lon="11.495853"><ele>0.000000</ele><time>2026-09-14T13:07:35.035Z</time></trkpt><trkpt lat="59.162430" lon="11.495829"><ele>0.000000</ele><time>2026-09-14T13:07:36.036Z</time></trkpt><trkpt lat="59.162426" lon="11.495804"><ele>0.000000</ele><time>2026-09-14T13:07:37.037Z</time></trkpt><trkpt lat="59.162422" lon="11.495780"><ele>0.000000</ele><time>2026-09-14T13:07:38.038Z</time></trkpt><trkpt lat="59.162418" lon="11.495754"><ele>0.000000</ele><time>2026-09-14T13:07:39.039Z</time></trkpt><trkpt lat="59.162414" lon="11.495730"><ele>0.000000</ele><time>2026-09-14T13:07:40.040Z</time></trkpt><trkpt lat="59.162410" lon="11.495704"><ele>0.000000</ele><time>2026-09-14T13:07:41.041Z</time></trkpt><trkpt lat="59.162403" lon="11.495657"><ele>0.000000</ele><time>2026-09-14T13:07:43.043Z</time></trkpt><trkpt lat="59.162399" lon="11.495631"><ele>0.000000</ele><time>2026-09-14T13:07:44.044Z</time></trkpt><trkpt lat="59.162396" lon="11.495607"><ele>0.000000</ele><time>2026-09-14T13:07:45.045Z</time></trkpt><trkpt lat="59.162393" lon="11.495580"><ele>0.000000</ele><time>2026-09-14T13:07:46.046Z</time></trkpt><trkpt lat="59.162386" lon="11.495530"><ele>0.000000</ele><time>2026-09-14T13:07:48.048Z</time></trkpt><trkpt lat="59.162382" lon="11.495503"><ele>0.000000</ele><time>2026-09-14T13:07:49.049Z</time></trkpt><trkpt lat="59.162377" lon="11.495478"><ele>0.000000</ele><time>2026-09-14T13:07:50.050Z</time></trkpt><trkpt lat="59.162373" lon="11.495453"><ele>0.000000</ele><time>2026-09-14T13:07:51.051Z</time></trkpt><trkpt lat="59.162369" lon="11.495427"><ele>0.000000</ele><time>2026-09-14T13:07:52.052Z</time></trkpt><trkpt lat="59.162365" lon="11.495402"><ele>0.000000</ele><time>2026-09-14T13:07:53.053Z</time></trkpt><trkpt lat="59.162360" lon="11.495375"><ele>0.000000</ele><time>2026-09-14T13:07:54.054Z</time></trkpt><trkpt lat="59.162355" lon="11.495347"><ele>0.000000</ele><time>2026-09-14T13:07:55.055Z</time></trkpt><trkpt lat="59.162350" lon="11.495322"><ele>0.000000</ele><time>2026-09-14T13:07:56.056Z</time></trkpt><trkpt lat="59.162346" lon="11.495295"><ele>0.000000</ele><time>2026-09-14T13:07:57.057Z</time></trkpt><trkpt lat="59.162342" lon="11.495268"><ele>0.000000</ele><time>2026-09-14T13:07:58.058Z</time></trkpt><trkpt lat="59.162338" lon="11.495241"><ele>0.000000</ele><time>2026-09-14T13:07:59.059Z</time></trkpt><trkpt lat="59.162333" lon="11.495216"><ele>0.000000</ele><time>2026-09-14T13:08:00.000Z</time></trkpt><trkpt lat="59.162329" lon="11.495191"><ele>0.000000</ele><time>2026-09-14T13:08:01.001Z</time></trkpt><trkpt lat="59.162324" lon="11.495167"><ele>0.000000</ele><time>2026-09-14T13:08:02.002Z</time></trkpt><trkpt lat="59.162319" lon="11.495142"><ele>0.000000</ele><time>2026-09-14T13:08:03.003Z</time></trkpt><trkpt lat="59.162314" lon="11.495119"><ele>0.000000</ele><time>2026-09-14T13:08:04.004Z</time></trkpt><trkpt lat="59.162309" lon="11.495093"><ele>0.000000</ele><time>2026-09-14T13:08:05.005Z</time></trkpt><trkpt lat="59.162304" lon="11.495069"><ele>0.000000</ele><time>2026-09-14T13:08:06.006Z</time></trkpt><trkpt lat="59.162299" lon="11.495043"><ele>0.000000</ele><time>2026-09-14T13:08:07.007Z</time></trkpt><trkpt lat="59.162295" lon="11.495018"><ele>0.000000</ele><time>2026-09-14T13:08:08.008Z</time></trkpt><trkpt lat="59.162290" lon="11.494993"><ele>0.000000</ele><time>2026-09-14T13:08:09.009Z</time></trkpt><trkpt lat="59.162285" lon="11.494969"><ele>0.000000</ele><time>2026-09-14T13:08:10.010Z</time></trkpt><trkpt lat="59.162280" lon="11.494945"><ele>0.000000</ele><time>2026-09-14T13:08:11.011Z</time></trkpt><trkpt lat="59.162275" lon="11.494923"><ele>0.000000</ele><time>2026-09-14T13:08:12.012Z</time></trkpt><trkpt lat="59.162271" lon="11.494898"><ele>0.000000</ele><time>2026-09-14T13:08:13.013Z</time></trkpt><trkpt lat="59.162266" lon="11.494874"><ele>0.000000</ele><time>2026-09-14T13:08:14.014Z</time></trkpt><trkpt lat="59.162260" lon="11.494850"><ele>0.000000</ele><time>2026-09-14T13:08:15.015Z</time></trkpt><trkpt lat="59.162256" lon="11.494825"><ele>0.000000</ele><time>2026-09-14T13:08:16.016Z</time></trkpt><trkpt lat="59.162251" lon="11.494800"><ele>0.000000</ele><time>2026-09-14T13:08:17.017Z</time></trkpt><trkpt lat="59.162246" lon="11.494775"><ele>0.000000</ele><time>2026-09-14T13:08:18.018Z</time></trkpt><trkpt lat="59.162242" lon="11.494749"><ele>0.000000</ele><time>2026-09-14T13:08:19.019Z</time></trkpt><trkpt lat="59.162237" lon="11.494722"><ele>0.000000</ele><time>2026-09-14T13:08:20.020Z</time></trkpt><trkpt lat="59.162233" lon="11.494696"><ele>0.000000</ele><time>2026-09-14T13:08:21.021Z</time></trkpt><trkpt lat="59.162230" lon="11.494670"><ele>0.000000</ele><time>2026-09-14T13:08:22.022Z</time></trkpt><trkpt lat="59.162226" lon="11.494645"><ele>0.000000</ele><time>2026-09-14T13:08:23.023Z</time></trkpt><trkpt lat="59.162223" lon="11.494617"><ele>0.000000</ele><time>2026-09-14T13:08:24.024Z</time></trkpt><trkpt lat="59.162219" lon="11.494591"><ele>0.000000</ele><time>2026-09-14T13:08:25.025Z</time></trkpt><trkpt lat="59.162215" lon="11.494564"><ele>0.000000</ele><time>2026-09-14T13:08:26.026Z</time></trkpt><trkpt lat="59.162210" lon="11.494537"><ele>0.000000</ele><time>2026-09-14T13:08:27.027Z</time></trkpt><trkpt lat="59.162205" lon="11.494511"><ele>0.000000</ele><time>2026-09-14T13:08:28.028Z</time></trkpt><trkpt lat="59.162200" lon="11.494484"><ele>0.000000</ele><time>2026-09-14T13:08:29.029Z</time></trkpt><trkpt lat="59.162195" lon="11.494459"><ele>0.000000</ele><time>2026-09-14T13:08:30.030Z</time></trkpt><trkpt lat="59.162191" lon="11.494433"><ele>0.000000</ele><time>2026-09-14T13:08:31.031Z</time></trkpt><trkpt lat="59.162185" lon="11.494408"><ele>0.000000</ele><time>2026-09-14T13:08:32.032Z</time></trkpt><trkpt lat="59.162180" lon="11.494382"><ele>0.000000</ele><time>2026-09-14T13:08:33.033Z</time></trkpt><trkpt lat="59.162174" lon="11.494356"><ele>0.000000</ele><time>2026-09-14T13:08:34.034Z</time></trkpt><trkpt lat="59.162168" lon="11.494331"><ele>0.000000</ele><time>2026-09-14T13:08:35.035Z</time></trkpt><trkpt lat="59.162162" lon="11.494305"><ele>0.000000</ele><time>2026-09-14T13:08:36.036Z</time></trkpt><trkpt lat="59.162156" lon="11.494279"><ele>0.000000</ele><time>2026-09-14T13:08:37.037Z</time></trkpt><trkpt lat="59.162150" lon="11.494252"><ele>0.000000</ele><time>2026-09-14T13:08:38.038Z</time></trkpt><trkpt lat="59.162143" lon="11.494226"><ele>0.000000</ele><time>2026-09-14T13:08:39.039Z</time></trkpt><trkpt lat="59.162137" lon="11.494203"><ele>0.000000</ele><time>2026-09-14T13:08:40.040Z</time></trkpt><trkpt lat="59.162131" lon="11.494179"><ele>0.000000</ele><time>2026-09-14T13:08:41.041Z</time></trkpt><trkpt lat="59.162125" lon="11.494156"><ele>0.000000</ele><time>2026-09-14T13:08:42.042Z</time></trkpt><trkpt lat="59.162114" lon="11.494111"><ele>0.000000</ele><time>2026-09-14T13:08:44.044Z</time></trkpt><trkpt lat="59.162108" lon="11.494088"><ele>0.000000</ele><time>2026-09-14T13:08:45.045Z</time></trkpt><trkpt lat="59.162103" lon="11.494064"><ele>0.000000</ele><time>2026-09-14T13:08:46.046Z</time></trkpt><trkpt lat="59.162098" lon="11.494038"><ele>0.000000</ele><time>2026-09-14T13:08:47.047Z</time></trkpt><trkpt lat="59.162094" lon="11.494013"><ele>0.000000</ele><time>2026-09-14T13:08:48.048Z</time></trkpt><trkpt lat="59.162089" lon="11.493987"><ele>0.000000</ele><time>2026-09-14T13:08:49.049Z</time></trkpt><trkpt lat="59.162084" lon="11.493962"><ele>0.000000</ele><time>2026-09-14T13:08:50.050Z</time></trkpt><trkpt lat="59.162079" lon="11.493937"><ele>0.000000</ele><time>2026-09-14T13:08:51.051Z</time></trkpt><trkpt lat="59.162075" lon="11.493913"><ele>0.000000</ele><time>2026-09-14T13:08:52.052Z</time></trkpt><trkpt lat="59.162070" lon="11.493889"><ele>0.000000</ele><time>2026-09-14T13:08:53.053Z</time></trkpt><trkpt lat="59.162066" lon="11.493865"><ele>0.000000</ele><time>2026-09-14T13:08:54.054Z</time></trkpt><trkpt lat="59.162062" lon="11.493838"><ele>0.000000</ele><time>2026-09-14T13:08:55.055Z</time></trkpt><trkpt lat="59.162057" lon="11.493812"><ele>0.000000</ele><time>2026-09-14T13:08:56.056Z</time></trkpt><trkpt lat="59.162053" lon="11.493785"><ele>0.000000</ele><time>2026-09-14T13:08:57.057Z</time></trkpt><trkpt lat="59.162049" lon="11.493758"><ele>0.000000</ele><time>2026-09-14T13:08:58.058Z</time></trkpt><trkpt lat="59.162045" lon="11.493730"><ele>0.000000</ele><time>2026-09-14T13:08:59.059Z</time></trkpt><trkpt lat="59.162040" lon="11.493702"><ele>0.000000</ele><time>2026-09-14T13:09:00.000Z</time></trkpt><trkpt lat="59.162036" lon="11.493677"><ele>0.000000</ele><time>2026-09-14T13:09:01.001Z</time></trkpt><trkpt lat="59.162031" lon="11.493649"><ele>0.000000</ele><time>2026-09-14T13:09:02.002Z</time></trkpt><trkpt lat="59.162026" lon="11.493623"><ele>0.000000</ele><time>2026-09-14T13:09:03.003Z</time></trkpt><trkpt lat="59.162022" lon="11.493597"><ele>0.000000</ele><time>2026-09-14T13:09:04.004Z</time></trkpt><trkpt lat="59.162017" lon="11.493570"><ele>0.000000</ele><time>2026-09-14T13:09:05.005Z</time></trkpt><trkpt lat="59.162013" lon="11.493545"><ele>0.000000</ele><time>2026-09-14T13:09:06.006Z</time></trkpt><trkpt lat="59.162008" lon="11.493517"><ele>0.000000</ele><time>2026-09-14T13:09:07.007Z</time></trkpt><trkpt lat="59.162004" lon="11.493491"><ele>0.000000</ele><time>2026-09-14T13:09:08.008Z</time></trkpt><trkpt lat="59.162000" lon="11.493464"><ele>0.000000</ele><time>2026-09-14T13:09:09.009Z</time></trkpt><trkpt lat="59.161996" lon="11.493437"><ele>0.000000</ele><time>2026-09-14T13:09:10.010Z</time></trkpt><trkpt lat="59.161991" lon="11.493411"><ele>0.000000</ele><time>2026-09-14T13:09:11.011Z</time></trkpt><trkpt lat="59.161986" lon="11.493384"><ele>0.000000</ele><time>2026-09-14T13:09:12.012Z</time></trkpt><trkpt lat="59.161981" lon="11.493359"><ele>0.000000</ele><time>2026-09-14T13:09:13.013Z</time></trkpt><trkpt lat="59.161975" lon="11.493332"><ele>0.000000</ele><time>2026-09-14T13:09:14.014Z</time></trkpt><trkpt lat="59.161970" lon="11.493306"><ele>0.000000</ele><time>2026-09-14T13:09:15.015Z</time></trkpt><trkpt lat="59.161965" lon="11.493280"><ele>0.000000</ele><time>2026-09-14T13:09:16.016Z</time></trkpt><trkpt lat="59.161960" lon="11.493255"><ele>0.000000</ele><time>2026-09-14T13:09:17.017Z</time></trkpt><trkpt lat="59.161955" lon="11.493229"><ele>0.000000</ele><time>2026-09-14T13:09:18.018Z</time></trkpt><trkpt lat="59.161943" lon="11.493183"><ele>0.000000</ele><time>2026-09-14T13:09:20.020Z</time></trkpt><trkpt lat="59.161936" lon="11.493162"><ele>0.000000</ele><time>2026-09-14T13:09:21.021Z</time></trkpt><trkpt lat="59.161930" lon="11.493138"><ele>0.000000</ele><time>2026-09-14T13:09:22.022Z</time></trkpt><trkpt lat="59.161924" lon="11.493114"><ele>0.000000</ele><time>2026-09-14T13:09:23.023Z</time></trkpt><trkpt lat="59.161918" lon="11.493089"><ele>0.000000</ele><time>2026-09-14T13:09:24.024Z</time></trkpt><trkpt lat="59.161913" lon="11.493066"><ele>0.000000</ele><time>2026-09-14T13:09:25.025Z</time></trkpt><trkpt lat="59.161908" lon="11.493041"><ele>0.000000</ele><time>2026-09-14T13:09:26.026Z</time></trkpt><trkpt lat="59.161903" lon="11.493017"><ele>0.000000</ele><time>2026-09-14T13:09:27.027Z</time></trkpt><trkpt lat="59.161899" lon="11.492992"><ele>0.000000</ele><time>2026-09-14T13:09:28.028Z</time></trkpt><trkpt lat="59.161894" lon="11.492967"><ele>0.000000</ele><time>2026-09-14T13:09:29.029Z</time></trkpt><trkpt lat="59.161890" lon="11.492943"><ele>0.000000</ele><time>2026-09-14T13:09:30.030Z</time></trkpt><trkpt lat="59.161885" lon="11.492917"><ele>0.000000</ele><time>2026-09-14T13:09:31.031Z</time></trkpt><trkpt lat="59.161880" lon="11.492893"><ele>0.000000</ele><time>2026-09-14T13:09:32.032Z</time></trkpt><trkpt lat="59.161875" lon="11.492867"><ele>0.000000</ele><time>2026-09-14T13:09:33.033Z</time></trkpt><trkpt lat="59.161871" lon="11.492842"><ele>0.000000</ele><time>2026-09-14T13:09:34.034Z</time></trkpt><trkpt lat="59.161867" lon="11.492818"><ele>0.000000</ele><time>2026-09-14T13:09:35.035Z</time></trkpt><trkpt lat="59.161863" lon="11.492792"><ele>0.000000</ele><time>2026-09-14T13:09:36.036Z</time></trkpt><trkpt lat="59.161860" lon="11.492766"><ele>0.000000</ele><time>2026-09-14T13:09:37.037Z</time></trkpt><trkpt lat="59.161857" lon="11.492739"><ele>0.000000</ele><time>2026-09-14T13:09:38.038Z</time></trkpt><trkpt lat="59.161854" lon="11.492713"><ele>0.000000</ele><time>2026-09-14T13:09:39.039Z</time></trkpt><trkpt lat="59.161850" lon="11.492686"><ele>0.000000</ele><time>2026-09-14T13:09:40.040Z</time></trkpt><trkpt lat="59.161846" lon="11.492661"><ele>0.000000</ele><time>2026-09-14T13:09:41.041Z</time></trkpt><trkpt lat="59.161842" lon="11.492635"><ele>0.000000</ele><time>2026-09-14T13:09:42.042Z</time></trkpt><trkpt lat="59.161838" lon="11.492608"><ele>0.000000</ele><time>2026-09-14T13:09:43.043Z</time></trkpt><trkpt lat="59.161834" lon="11.492581"><ele>0.000000</ele><time>2026-09-14T13:09:44.044Z</time></trkpt><trkpt lat="59.161830" lon="11.492556"><ele>0.000000</ele><time>2026-09-14T13:09:45.045Z</time></trkpt><trkpt lat="59.161826" lon="11.492529"><ele>0.000000</ele><time>2026-09-14T13:09:46.046Z</time></trkpt><trkpt lat="59.161821" lon="11.492502"><ele>0.000000</ele><time>2026-09-14T13:09:47.047Z</time></trkpt><trkpt lat="59.161817" lon="11.492477"><ele>0.000000</ele><time>2026-09-14T13:09:48.048Z</time></trkpt><trkpt lat="59.161812" lon="11.492452"><ele>0.000000</ele><time>2026-09-14T13:09:49.049Z</time></trkpt><trkpt lat="59.161807" lon="11.492426"><ele>0.000000</ele><time>2026-09-14T13:09:50.050Z</time></trkpt><trkpt lat="59.161803" lon="11.492400"><ele>0.000000</ele><time>2026-09-14T13:09:51.051Z</time></trkpt><trkpt lat="59.161798" lon="11.492375"><ele>0.000000</ele><time>2026-09-14T13:09:52.052Z</time></trkpt><trkpt lat="59.161794" lon="11.492350"><ele>0.000000</ele><time>2026-09-14T13:09:53.053Z</time></trkpt><trkpt lat="59.161789" lon="11.492325"><ele>0.000000</ele><time>2026-09-14T13:09:54.054Z</time></trkpt><trkpt lat="59.161785" lon="11.492300"><ele>0.000000</ele><time>2026-09-14T13:09:55.055Z</time></trkpt><trkpt lat="59.161780" lon="11.492274"><ele>0.000000</ele><time>2026-09-14T13:09:56.056Z</time></trkpt><trkpt lat="59.161776" lon="11.492248"><ele>0.000000</ele><time>2026-09-14T13:09:57.057Z</time></trkpt><trkpt lat="59.161772" lon="11.492222"><ele>0.000000</ele><time>2026-09-14T13:09:58.058Z</time></trkpt><trkpt lat="59.161768" lon="11.492198"><ele>0.000000</ele><time>2026-09-14T13:09:59.059Z</time></trkpt><trkpt lat="59.161764" lon="11.492172"><ele>0.000000</ele><time>2026-09-14T13:10:00.000Z</time></trkpt><trkpt lat="59.161760" lon="11.492145"><ele>0.000000</ele><time>2026-09-14T13:10:01.001Z</time></trkpt><trkpt lat="59.161756" lon="11.492120"><ele>0.000000</ele><time>2026-09-14T13:10:02.002Z</time></trkpt><trkpt lat="59.161751" lon="11.492094"><ele>0.000000</ele><time>2026-09-14T13:10:03.003Z</time></trkpt><trkpt lat="59.161746" lon="11.492070"><ele>0.000000</ele><time>2026-09-14T13:10:04.004Z</time></trkpt><trkpt lat="59.161741" lon="11.492045"><ele>0.000000</ele><time>2026-09-14T13:10:05.005Z</time></trkpt><trkpt lat="59.161736" lon="11.492020"><ele>0.000000</ele><time>2026-09-14T13:10:06.006Z</time></trkpt><trkpt lat="59.161731" lon="11.491995"><ele>0.000000</ele><time>2026-09-14T13:10:07.007Z</time></trkpt><trkpt lat="59.161726" lon="11.491969"><ele>0.000000</ele><time>2026-09-14T13:10:08.008Z</time></trkpt><trkpt lat="59.161720" lon="11.491944"><ele>0.000000</ele><time>2026-09-14T13:10:09.009Z</time></trkpt><trkpt lat="59.161715" lon="11.491921"><ele>0.000000</ele><time>2026-09-14T13:10:10.010Z</time></trkpt><trkpt lat="59.161709" lon="11.491897"><ele>0.000000</ele><time>2026-09-14T13:10:11.011Z</time></trkpt><trkpt lat="59.161703" lon="11.491871"><ele>0.000000</ele><time>2026-09-14T13:10:12.012Z</time></trkpt><trkpt lat="59.161699" lon="11.491844"><ele>0.000000</ele><time>2026-09-14T13:10:13.013Z</time></trkpt><trkpt lat="59.161694" lon="11.491817"><ele>0.000000</ele><time>2026-09-14T13:10:14.014Z</time></trkpt><trkpt lat="59.161689" lon="11.491790"><ele>0.000000</ele><time>2026-09-14T13:10:15.015Z</time></trkpt><trkpt lat="59.161685" lon="11.491765"><ele>0.000000</ele><time>2026-09-14T13:10:16.016Z</time></trkpt><trkpt lat="59.161681" lon="11.491739"><ele>0.000000</ele><time>2026-09-14T13:10:17.017Z</time></trkpt><trkpt lat="59.161677" lon="11.491712"><ele>0.000000</ele><time>2026-09-14T13:10:18.018Z</time></trkpt><trkpt lat="59.161674" lon="11.491686"><ele>0.000000</ele><time>2026-09-14T13:10:19.019Z</time></trkpt><trkpt lat="59.161670" lon="11.491658"><ele>0.000000</ele><time>2026-09-14T13:10:20.020Z</time></trkpt><trkpt lat="59.161662" lon="11.491607"><ele>0.000000</ele><time>2026-09-14T13:10:22.022Z</time></trkpt><trkpt lat="59.161657" lon="11.491581"><ele>0.000000</ele><time>2026-09-14T13:10:23.023Z</time></trkpt><trkpt lat="59.161653" lon="11.491554"><ele>0.000000</ele><time>2026-09-14T13:10:24.024Z</time></trkpt><trkpt lat="59.161649" lon="11.491528"><ele>0.000000</ele><time>2026-09-14T13:10:25.025Z</time></trkpt><trkpt lat="59.161644" lon="11.491501"><ele>0.000000</ele><time>2026-09-14T13:10:26.026Z</time></trkpt><trkpt lat="59.161639" lon="11.491475"><ele>0.000000</ele><time>2026-09-14T13:10:27.027Z</time></trkpt><trkpt lat="59.161635" lon="11.491449"><ele>0.000000</ele><time>2026-09-14T13:10:28.028Z</time></trkpt><trkpt lat="59.161630" lon="11.491421"><ele>0.000000</ele><time>2026-09-14T13:10:29.029Z</time></trkpt><trkpt lat="59.161621" lon="11.491368"><ele>0.000000</ele><time>2026-09-14T13:10:31.031Z</time></trkpt><trkpt lat="59.161616" lon="11.491342"><ele>0.000000</ele><time>2026-09-14T13:10:32.032Z</time></trkpt><trkpt lat="59.161610" lon="11.491316"><ele>0.000000</ele><time>2026-09-14T13:10:33.033Z</time></trkpt><trkpt lat="59.161604" lon="11.491291"><ele>0.000000</ele><time>2026-09-14T13:10:34.034Z</time></trkpt><trkpt lat="59.161599" lon="11.491266"><ele>0.000000</ele><time>2026-09-14T13:10:35.035Z</time></trkpt><trkpt lat="59.161594" lon="11.491242"><ele>0.000000</ele><time>2026-09-14T13:10:36.036Z</time></trkpt><trkpt lat="59.161590" lon="11.491218"><ele>0.000000</ele><time>2026-09-14T13:10:37.037Z</time></trkpt><trkpt lat="59.161585" lon="11.491196"><ele>0.000000</ele><time>2026-09-14T13:10:38.038Z</time></trkpt><trkpt lat="59.161582" lon="11.491172"><ele>0.000000</ele><time>2026-09-14T13:10:39.039Z</time></trkpt><trkpt lat="59.161578" lon="11.491148"><ele>0.000000</ele><time>2026-09-14T13:10:40.040Z</time></trkpt><trkpt lat="59.161574" lon="11.491124"><ele>0.000000</ele><time>2026-09-14T13:10:41.041Z</time></trkpt><trkpt lat="59.161569" lon="11.491097"><ele>0.000000</ele><time>2026-09-14T13:10:42.042Z</time></trkpt><trkpt lat="59.161565" lon="11.491072"><ele>0.000000</ele><time>2026-09-14T13:10:43.043Z</time></trkpt><trkpt lat="59.161560" lon="11.491045"><ele>0.000000</ele><time>2026-09-14T13:10:44.044Z</time></trkpt><trkpt lat="59.161556" lon="11.491020"><ele>0.000000</ele><time>2026-09-14T13:10:45.045Z</time></trkpt><trkpt lat="59.161551" lon="11.490994"><ele>0.000000</ele><time>2026-09-14T13:10:46.046Z</time></trkpt><trkpt lat="59.161546" lon="11.490969"><ele>0.000000</ele><time>2026-09-14T13:10:47.047Z</time></trkpt><trkpt lat="59.161541" lon="11.490943"><ele>0.000000</ele><time>2026-09-14T13:10:48.048Z</time></trkpt><trkpt lat="59.161536" lon="11.490916"><ele>0.000000</ele><time>2026-09-14T13:10:49.049Z</time></trkpt><trkpt lat="59.161530" lon="11.490891"><ele>0.000000</ele><time>2026-09-14T13:10:50.050Z</time></trkpt><trkpt lat="59.161524" lon="11.490865"><ele>0.000000</ele><time>2026-09-14T13:10:51.051Z</time></trkpt><trkpt lat="59.161519" lon="11.490840"><ele>0.000000</ele><time>2026-09-14T13:10:52.052Z</time></trkpt><trkpt lat="59.161513" lon="11.490814"><ele>0.000000</ele><time>2026-09-14T13:10:53.053Z</time></trkpt><trkpt lat="59.161508" lon="11.490787"><ele>0.000000</ele><time>2026-09-14T13:10:54.054Z</time></trkpt><trkpt lat="59.161503" lon="11.490761"><ele>0.000000</ele><time>2026-09-14T13:10:55.055Z</time></trkpt><trkpt lat="59.161498" lon="11.490735"><ele>0.000000</ele><time>2026-09-14T13:10:56.056Z</time></trkpt><trkpt lat="59.161493" lon="11.490709"><ele>0.000000</ele><time>2026-09-14T13:10:57.057Z</time></trkpt><trkpt lat="59.161487" lon="11.490683"><ele>0.000000</ele><time>2026-09-14T13:10:58.058Z</time></trkpt><trkpt lat="59.161481" lon="11.490656"><ele>0.000000</ele><time>2026-09-14T13:10:59.059Z</time></trkpt><trkpt lat="59.161474" lon="11.490629"><ele>0.000000</ele><time>2026-09-14T13:11:00.000Z</time></trkpt><trkpt lat="59.161468" lon="11.490603"><ele>0.000000</ele><time>2026-09-14T13:11:01.001Z</time></trkpt><trkpt lat="59.161462" lon="11.490578"><ele>0.000000</ele><time>2026-09-14T13:11:02.002Z</time></trkpt><trkpt lat="59.161455" lon="11.490553"><ele>0.000000</ele><time>2026-09-14T13:11:03.003Z</time></trkpt><trkpt lat="59.161448" lon="11.490528"><ele>0.000000</ele><time>2026-09-14T13:11:04.004Z</time></trkpt><trkpt lat="59.161442" lon="11.490501"><ele>0.000000</ele><time>2026-09-14T13:11:05.005Z</time></trkpt><trkpt lat="59.161437" lon="11.490475"><ele>0.000000</ele><time>2026-09-14T13:11:06.006Z</time></trkpt><trkpt lat="59.161432" lon="11.490448"><ele>0.000000</ele><time>2026-09-14T13:11:07.007Z</time></trkpt><trkpt lat="59.161427" lon="11.490422"><ele>0.000000</ele><time>2026-09-14T13:11:08.008Z</time></trkpt><trkpt lat="59.161423" lon="11.490398"><ele>0.000000</ele><time>2026-09-14T13:11:09.009Z</time></trkpt><trkpt lat="59.161418" lon="11.490375"><ele>0.000000</ele><time>2026-09-14T13:11:10.010Z</time></trkpt><trkpt lat="59.161414" lon="11.490350"><ele>0.000000</ele><time>2026-09-14T13:11:11.011Z</time></trkpt><trkpt lat="59.161404" lon="11.490303"><ele>0.000000</ele><time>2026-09-14T13:11:13.013Z</time></trkpt><trkpt lat="59.161399" lon="11.490279"><ele>0.000000</ele><time>2026-09-14T13:11:14.014Z</time></trkpt><trkpt lat="59.161391" lon="11.490233"><ele>0.000000</ele><time>2026-09-14T13:11:16.016Z</time></trkpt><trkpt lat="59.161387" lon="11.490209"><ele>0.000000</ele><time>2026-09-14T13:11:17.017Z</time></trkpt><trkpt lat="59.161383" lon="11.490183"><ele>0.000000</ele><time>2026-09-14T13:11:18.018Z</time></trkpt><trkpt lat="59.161379" lon="11.490159"><ele>0.000000</ele><time>2026-09-14T13:11:19.019Z</time></trkpt><trkpt lat="59.161374" lon="11.490135"><ele>0.000000</ele><time>2026-09-14T13:11:20.020Z</time></trkpt><trkpt lat="59.161369" lon="11.490110"><ele>0.000000</ele><time>2026-09-14T13:11:21.021Z</time></trkpt><trkpt lat="59.161365" lon="11.490088"><ele>0.000000</ele><time>2026-09-14T13:11:22.022Z</time></trkpt><trkpt lat="59.161360" lon="11.490064"><ele>0.000000</ele><time>2026-09-14T13:11:23.023Z</time></trkpt><trkpt lat="59.161355" lon="11.490040"><ele>0.000000</ele><time>2026-09-14T13:11:24.024Z</time></trkpt><trkpt lat="59.161351" lon="11.490017"><ele>0.000000</ele><time>2026-09-14T13:11:25.025Z</time></trkpt><trkpt lat="59.161346" lon="11.489992"><ele>0.000000</ele><time>2026-09-14T13:11:26.026Z</time></trkpt><trkpt lat="59.161341" lon="11.489968"><ele>0.000000</ele><time>2026-09-14T13:11:27.027Z</time></trkpt><trkpt lat="59.161336" lon="11.489944"><ele>0.000000</ele><time>2026-09-14T13:11:28.028Z</time></trkpt><trkpt lat="59.161332" lon="11.489921"><ele>0.000000</ele><time>2026-09-14T13:11:29.029Z</time></trkpt><trkpt lat="59.161327" lon="11.489898"><ele>0.000000</ele><time>2026-09-14T13:11:30.030Z</time></trkpt><trkpt lat="59.161322" lon="11.489874"><ele>0.000000</ele><time>2026-09-14T13:11:31.031Z</time></trkpt><trkpt lat="59.161318" lon="11.489851"><ele>0.000000</ele><time>2026-09-14T13:11:32.032Z</time></trkpt><trkpt lat="59.161313" lon="11.489827"><ele>0.000000</ele><time>2026-09-14T13:11:33.033Z</time></trkpt><trkpt lat="59.161303" lon="11.489781"><ele>0.000000</ele><time>2026-09-14T13:11:35.035Z</time></trkpt><trkpt lat="59.161297" lon="11.489757"><ele>0.000000</ele><time>2026-09-14T13:11:36.036Z</time></trkpt><trkpt lat="59.161292" lon="11.489733"><ele>0.000000</ele><time>2026-09-14T13:11:37.037Z</time></trkpt><trkpt lat="59.161286" lon="11.489709"><ele>0.000000</ele><time>2026-09-14T13:11:38.038Z</time></trkpt><trkpt lat="59.161281" lon="11.489685"><ele>0.000000</ele><time>2026-09-14T13:11:39.039Z</time></trkpt><trkpt lat="59.161276" lon="11.489661"><ele>0.000000</ele><time>2026-09-14T13:11:40.040Z</time></trkpt><trkpt lat="59.161270" lon="11.489638"><ele>0.000000</ele><time>2026-09-14T13:11:41.041Z</time></trkpt><trkpt lat="59.161264" lon="11.489614"><ele>0.000000</ele><time>2026-09-14T13:11:42.042Z</time></trkpt><trkpt lat="59.161259" lon="11.489591"><ele>0.000000</ele><time>2026-09-14T13:11:43.043Z</time></trkpt><trkpt lat="59.161253" lon="11.489569"><ele>0.000000</ele><time>2026-09-14T13:11:44.044Z</time></trkpt><trkpt lat="59.161247" lon="11.489545"><ele>0.000000</ele><time>2026-09-14T13:11:45.045Z</time></trkpt><trkpt lat="59.161242" lon="11.489522"><ele>0.000000</ele><time>2026-09-14T13:11:46.046Z</time></trkpt><trkpt lat="59.161237" lon="11.489498"><ele>0.000000</ele><time>2026-09-14T13:11:47.047Z</time></trkpt><trkpt lat="59.161232" lon="11.489473"><ele>0.000000</ele><time>2026-09-14T13:11:48.048Z</time></trkpt><trkpt lat="59.161228" lon="11.489449"><ele>0.000000</ele><time>2026-09-14T13:11:49.049Z</time></trkpt><trkpt lat="59.161223" lon="11.489423"><ele>0.000000</ele><time>2026-09-14T13:11:50.050Z</time></trkpt><trkpt lat="59.161219" lon="11.489396"><ele>0.000000</ele><time>2026-09-14T13:11:51.051Z</time></trkpt><trkpt lat="59.161214" lon="11.489370"><ele>0.000000</ele><time>2026-09-14T13:11:52.052Z</time></trkpt><trkpt lat="59.161210" lon="11.489344"><ele>0.000000</ele><time>2026-09-14T13:11:53.053Z</time></trkpt><trkpt lat="59.161206" lon="11.489318"><ele>0.000000</ele><time>2026-09-14T13:11:54.054Z</time></trkpt><trkpt lat="59.161202" lon="11.489291"><ele>0.000000</ele><time>2026-09-14T13:11:55.055Z</time></trkpt><trkpt lat="59.161198" lon="11.489266"><ele>0.000000</ele><time>2026-09-14T13:11:56.056Z</time></trkpt><trkpt lat="59.161193" lon="11.489238"><ele>0.000000</ele><time>2026-09-14T13:11:57.057Z</time></trkpt><trkpt lat="59.161187" lon="11.489211"><ele>0.000000</ele><time>2026-09-14T13:11:58.058Z</time></trkpt><trkpt lat="59.161182" lon="11.489186"><ele>0.000000</ele><time>2026-09-14T13:11:59.059Z</time></trkpt><trkpt lat="59.161177" lon="11.489160"><ele>0.000000</ele><time>2026-09-14T13:12:00.000Z</time></trkpt><trkpt lat="59.161171" lon="11.489136"><ele>0.000000</ele><time>2026-09-14T13:12:01.001Z</time></trkpt><trkpt lat="59.161165" lon="11.489109"><ele>0.000000</ele><time>2026-09-14T13:12:02.002Z</time></trkpt><trkpt lat="59.161159" lon="11.489083"><ele>0.000000</ele><time>2026-09-14T13:12:03.003Z</time></trkpt><trkpt lat="59.161153" lon="11.489057"><ele>0.000000</ele><time>2026-09-14T13:12:04.004Z</time></trkpt><trkpt lat="59.161147" lon="11.489032"><ele>0.000000</ele><time>2026-09-14T13:12:05.005Z</time></trkpt><trkpt lat="59.161142" lon="11.489009"><ele>0.000000</ele><time>2026-09-14T13:12:06.006Z</time></trkpt><trkpt lat="59.161137" lon="11.488984"><ele>0.000000</ele><time>2026-09-14T13:12:07.007Z</time></trkpt><trkpt lat="59.161126" lon="11.488938"><ele>0.000000</ele><time>2026-09-14T13:12:09.009Z</time></trkpt><trkpt lat="59.161122" lon="11.488917"><ele>0.000000</ele><time>2026-09-14T13:12:10.010Z</time></trkpt><trkpt lat="59.161116" lon="11.488894"><ele>0.000000</ele><time>2026-09-14T13:12:11.011Z</time></trkpt><trkpt lat="59.161112" lon="11.488870"><ele>0.000000</ele><time>2026-09-14T13:12:12.012Z</time></trkpt><trkpt lat="59.161108" lon="11.488844"><ele>0.000000</ele><time>2026-09-14T13:12:13.013Z</time></trkpt><trkpt lat="59.161104" lon="11.488818"><ele>0.000000</ele><time>2026-09-14T13:12:14.014Z</time></trkpt><trkpt lat="59.161100" lon="11.488791"><ele>0.000000</ele><time>2026-09-14T13:12:15.015Z</time></trkpt><trkpt lat="59.161096" lon="11.488767"><ele>0.000000</ele><time>2026-09-14T13:12:16.016Z</time></trkpt><trkpt lat="59.161091" lon="11.488743"><ele>0.000000</ele><time>2026-09-14T13:12:17.017Z</time></trkpt><trkpt lat="59.161087" lon="11.488719"><ele>0.000000</ele><time>2026-09-14T13:12:18.018Z</time></trkpt><trkpt lat="59.161083" lon="11.488694"><ele>0.000000</ele><time>2026-09-14T13:12:19.019Z</time></trkpt><trkpt lat="59.161079" lon="11.488670"><ele>0.000000</ele><time>2026-09-14T13:12:20.020Z</time></trkpt><trkpt lat="59.161075" lon="11.488645"><ele>0.000000</ele><time>2026-09-14T13:12:21.021Z</time></trkpt><trkpt lat="59.161071" lon="11.488619"><ele>0.000000</ele><time>2026-09-14T13:12:22.022Z</time></trkpt><trkpt lat="59.161067" lon="11.488593"><ele>0.000000</ele><time>2026-09-14T13:12:23.023Z</time></trkpt><trkpt lat="59.161062" lon="11.488569"><ele>0.000000</ele><time>2026-09-14T13:12:24.024Z</time></trkpt><trkpt lat="59.161058" lon="11.488544"><ele>0.000000</ele><time>2026-09-14T13:12:25.025Z</time></trkpt><trkpt lat="59.161054" lon="11.488518"><ele>0.000000</ele><time>2026-09-14T13:12:26.026Z</time></trkpt><trkpt lat="59.161049" lon="11.488493"><ele>0.000000</ele><time>2026-09-14T13:12:27.027Z</time></trkpt><trkpt lat="59.161045" lon="11.488468"><ele>0.000000</ele><time>2026-09-14T13:12:28.028Z</time></trkpt><trkpt lat="59.161040" lon="11.488444"><ele>0.000000</ele><time>2026-09-14T13:12:29.029Z</time></trkpt><trkpt lat="59.161036" lon="11.488420"><ele>0.000000</ele><time>2026-09-14T13:12:30.030Z</time></trkpt><trkpt lat="59.161032" lon="11.488395"><ele>0.000000</ele><time>2026-09-14T13:12:31.031Z</time></trkpt><trkpt lat="59.161027" lon="11.488372"><ele>0.000000</ele><time>2026-09-14T13:12:32.032Z</time></trkpt><trkpt lat="59.161022" lon="11.488348"><ele>0.000000</ele><time>2026-09-14T13:12:33.033Z</time></trkpt><trkpt lat="59.161018" lon="11.488323"><ele>0.000000</ele><time>2026-09-14T13:12:34.034Z</time></trkpt><trkpt lat="59.161013" lon="11.488298"><ele>0.000000</ele><time>2026-09-14T13:12:35.035Z</time></trkpt><trkpt lat="59.161009" lon="11.488272"><ele>0.000000</ele><time>2026-09-14T13:12:36.036Z</time></trkpt><trkpt lat="59.161004" lon="11.488245"><ele>0.000000</ele><time>2026-09-14T13:12:37.037Z</time></trkpt><trkpt lat="59.161000" lon="11.488215"><ele>0.000000</ele><time>2026-09-14T13:12:38.038Z</time></trkpt><trkpt lat="59.160995" lon="11.488186"><ele>0.000000</ele><time>2026-09-14T13:12:39.039Z</time></trkpt><trkpt lat="59.160989" lon="11.488158"><ele>0.000000</ele><time>2026-09-14T13:12:40.040Z</time></trkpt><trkpt lat="59.160983" lon="11.488131"><ele>0.000000</ele><time>2026-09-14T13:12:41.041Z</time></trkpt><trkpt lat="59.160976" lon="11.488103"><ele>0.000000</ele><time>2026-09-14T13:12:42.042Z</time></trkpt><trkpt lat="59.160970" lon="11.488077"><ele>0.000000</ele><time>2026-09-14T13:12:43.043Z</time></trkpt><trkpt lat="59.160964" lon="11.488049"><ele>0.000000</ele><time>2026-09-14T13:12:44.044Z</time></trkpt><trkpt lat="59.160959" lon="11.488023"><ele>0.000000</ele><time>2026-09-14T13:12:45.045Z</time></trkpt><trkpt lat="59.160953" lon="11.487995"><ele>0.000000</ele><time>2026-09-14T13:12:46.046Z</time></trkpt><trkpt lat="59.160948" lon="11.487967"><ele>0.000000</ele><time>2026-09-14T13:12:47.047Z</time></trkpt><trkpt lat="59.160943" lon="11.487940"><ele>0.000000</ele><time>2026-09-14T13:12:48.048Z</time></trkpt><trkpt lat="59.160937" lon="11.487912"><ele>0.000000</ele><time>2026-09-14T13:12:49.049Z</time></trkpt><trkpt lat="59.160932" lon="11.487886"><ele>0.000000</ele><time>2026-09-14T13:12:50.050Z</time></trkpt><trkpt lat="59.160925" lon="11.487857"><ele>0.000000</ele><time>2026-09-14T13:12:51.051Z</time></trkpt><trkpt lat="59.160919" lon="11.487829"><ele>0.000000</ele><time>2026-09-14T13:12:52.052Z</time></trkpt><trkpt lat="59.160914" lon="11.487802"><ele>0.000000</ele><time>2026-09-14T13:12:53.053Z</time></trkpt><trkpt lat="59.160907" lon="11.487775"><ele>0.000000</ele><time>2026-09-14T13:12:54.054Z</time></trkpt><trkpt lat="59.160901" lon="11.487747"><ele>0.000000</ele><time>2026-09-14T13:12:55.055Z</time></trkpt><trkpt lat="59.160895" lon="11.487718"><ele>0.000000</ele><time>2026-09-14T13:12:56.056Z</time></trkpt><trkpt lat="59.160889" lon="11.487688"><ele>0.000000</ele><time>2026-09-14T13:12:57.057Z</time></trkpt><trkpt lat="59.160883" lon="11.487658"><ele>0.000000</ele><time>2026-09-14T13:12:58.058Z</time></trkpt><trkpt lat="59.160878" lon="11.487629"><ele>0.000000</ele><time>2026-09-14T13:12:59.059Z</time></trkpt><trkpt lat="59.160873" lon="11.487602"><ele>0.000000</ele><time>2026-09-14T13:13:00.000Z</time></trkpt><trkpt lat="59.160868" lon="11.487574"><ele>0.000000</ele><time>2026-09-14T13:13:01.001Z</time></trkpt><trkpt lat="59.160862" lon="11.487545"><ele>0.000000</ele><time>2026-09-14T13:13:02.002Z</time></trkpt><trkpt lat="59.160857" lon="11.487517"><ele>0.000000</ele><time>2026-09-14T13:13:03.003Z</time></trkpt><trkpt lat="59.160852" lon="11.487490"><ele>0.000000</ele><time>2026-09-14T13:13:04.004Z</time></trkpt><trkpt lat="59.160846" lon="11.487462"><ele>0.000000</ele><time>2026-09-14T13:13:05.005Z</time></trkpt><trkpt lat="59.160840" lon="11.487435"><ele>0.000000</ele><time>2026-09-14T13:13:06.006Z</time></trkpt><trkpt lat="59.160834" lon="11.487407"><ele>0.000000</ele><time>2026-09-14T13:13:07.007Z</time></trkpt><trkpt lat="59.160828" lon="11.487382"><ele>0.000000</ele><time>2026-09-14T13:13:08.008Z</time></trkpt><trkpt lat="59.160822" lon="11.487355"><ele>0.000000</ele><time>2026-09-14T13:13:09.009Z</time></trkpt><trkpt lat="59.160816" lon="11.487325"><ele>0.000000</ele><time>2026-09-14T13:13:10.010Z</time></trkpt><trkpt lat="59.160810" lon="11.487298"><ele>0.000000</ele><time>2026-09-14T13:13:11.011Z</time></trkpt><trkpt lat="59.160804" lon="11.487273"><ele>0.000000</ele><time>2026-09-14T13:13:12.012Z</time></trkpt><trkpt lat="59.160798" lon="11.487247"><ele>0.000000</ele><time>2026-09-14T13:13:13.013Z</time></trkpt><trkpt lat="59.160792" lon="11.487219"><ele>0.000000</ele><time>2026-09-14T13:13:14.014Z</time></trkpt><trkpt lat="59.160785" lon="11.487193"><ele>0.000000</ele><time>2026-09-14T13:13:15.015Z</time></trkpt><trkpt lat="59.160780" lon="11.487165"><ele>0.000000</ele><time>2026-09-14T13:13:16.016Z</time></trkpt><trkpt lat="59.160775" lon="11.487138"><ele>0.000000</ele><time>2026-09-14T13:13:17.017Z</time></trkpt><trkpt lat="59.160769" lon="11.487112"><ele>0.000000</ele><time>2026-09-14T13:13:18.018Z</time></trkpt><trkpt lat="59.160763" lon="11.487085"><ele>0.000000</ele><time>2026-09-14T13:13:19.019Z</time></trkpt><trkpt lat="59.160756" lon="11.487059"><ele>0.000000</ele><time>2026-09-14T13:13:20.020Z</time></trkpt><trkpt lat="59.160750" lon="11.487032"><ele>0.000000</ele><time>2026-09-14T13:13:21.021Z</time></trkpt><trkpt lat="59.160743" lon="11.487007"><ele>0.000000</ele><time>2026-09-14T13:13:22.022Z</time></trkpt><trkpt lat="59.160737" lon="11.486982"><ele>0.000000</ele><time>2026-09-14T13:13:23.023Z</time></trkpt><trkpt lat="59.160730" lon="11.486957"><ele>0.000000</ele><time>2026-09-14T13:13:24.024Z</time></trkpt><trkpt lat="59.160723" lon="11.486931"><ele>0.000000</ele><time>2026-09-14T13:13:25.025Z</time></trkpt><trkpt lat="59.160717" lon="11.486906"><ele>0.000000</ele><time>2026-09-14T13:13:26.026Z</time></trkpt><trkpt lat="59.160711" lon="11.486880"><ele>0.000000</ele><time>2026-09-14T13:13:27.027Z</time></trkpt><trkpt lat="59.160705" lon="11.486855"><ele>0.000000</ele><time>2026-09-14T13:13:28.028Z</time></trkpt><trkpt lat="59.160699" lon="11.486828"><ele>0.000000</ele><time>2026-09-14T13:13:29.029Z</time></trkpt><trkpt lat="59.160693" lon="11.486802"><ele>0.000000</ele><time>2026-09-14T13:13:30.030Z</time></trkpt><trkpt lat="59.160687" lon="11.486776"><ele>0.000000</ele><time>2026-09-14T13:13:31.031Z</time></trkpt><trkpt lat="59.160680" lon="11.486749"><ele>0.000000</ele><time>2026-09-14T13:13:32.032Z</time></trkpt><trkpt lat="59.160674" lon="11.486724"><ele>0.000000</ele><time>2026-09-14T13:13:33.033Z</time></trkpt><trkpt lat="59.160668" lon="11.486698"><ele>0.000000</ele><time>2026-09-14T13:13:34.034Z</time></trkpt><trkpt lat="59.160662" lon="11.486671"><ele>0.000000</ele><time>2026-09-14T13:13:35.035Z</time></trkpt><trkpt lat="59.160656" lon="11.486645"><ele>0.000000</ele><time>2026-09-14T13:13:36.036Z</time></trkpt><trkpt lat="59.160649" lon="11.486619"><ele>0.000000</ele><time>2026-09-14T13:13:37.037Z</time></trkpt><trkpt lat="59.160642" lon="11.486594"><ele>0.000000</ele><time>2026-09-14T13:13:38.038Z</time></trkpt><trkpt lat="59.160636" lon="11.486570"><ele>0.000000</ele><time>2026-09-14T13:13:39.039Z</time></trkpt><trkpt lat="59.160629" lon="11.486545"><ele>0.000000</ele><time>2026-09-14T13:13:40.040Z</time></trkpt><trkpt lat="59.160623" lon="11.486521"><ele>0.000000</ele><time>2026-09-14T13:13:41.041Z</time></trkpt><trkpt lat="59.160616" lon="11.486497"><ele>0.000000</ele><time>2026-09-14T13:13:42.042Z</time></trkpt><trkpt lat="59.160610" lon="11.486473"><ele>0.000000</ele><time>2026-09-14T13:13:43.043Z</time></trkpt><trkpt lat="59.160604" lon="11.486449"><ele>0.000000</ele><time>2026-09-14T13:13:44.044Z</time></trkpt><trkpt lat="59.160599" lon="11.486425"><ele>0.000000</ele><time>2026-09-14T13:13:45.045Z</time></trkpt><trkpt lat="59.160593" lon="11.486399"><ele>0.000000</ele><time>2026-09-14T13:13:46.046Z</time></trkpt><trkpt lat="59.160587" lon="11.486373"><ele>0.000000</ele><time>2026-09-14T13:13:47.047Z</time></trkpt><trkpt lat="59.160580" lon="11.486349"><ele>0.000000</ele><time>2026-09-14T13:13:48.048Z</time></trkpt><trkpt lat="59.160573" lon="11.486324"><ele>0.000000</ele><time>2026-09-14T13:13:49.049Z</time></trkpt><trkpt lat="59.160566" lon="11.486299"><ele>0.000000</ele><time>2026-09-14T13:13:50.050Z</time></trkpt><trkpt lat="59.160558" lon="11.486275"><ele>0.000000</ele><time>2026-09-14T13:13:51.051Z</time></trkpt><trkpt lat="59.160551" lon="11.486251"><ele>0.000000</ele><time>2026-09-14T13:13:52.052Z</time></trkpt><trkpt lat="59.160543" lon="11.486227"><ele>0.000000</ele><time>2026-09-14T13:13:53.053Z</time></trkpt><trkpt lat="59.160535" lon="11.486202"><ele>0.000000</ele><time>2026-09-14T13:13:54.054Z</time></trkpt><trkpt lat="59.160528" lon="11.486178"><ele>0.000000</ele><time>2026-09-14T13:13:55.055Z</time></trkpt><trkpt lat="59.160521" lon="11.486152"><ele>0.000000</ele><time>2026-09-14T13:13:56.056Z</time></trkpt><trkpt lat="59.160515" lon="11.486127"><ele>0.000000</ele><time>2026-09-14T13:13:57.057Z</time></trkpt><trkpt lat="59.160509" lon="11.486101"><ele>0.000000</ele><time>2026-09-14T13:13:58.058Z</time></trkpt><trkpt lat="59.160502" lon="11.486075"><ele>0.000000</ele><time>2026-09-14T13:13:59.059Z</time></trkpt><trkpt lat="59.160497" lon="11.486045"><ele>0.000000</ele><time>2026-09-14T13:14:00.000Z</time></trkpt><trkpt lat="59.160491" lon="11.486016"><ele>0.000000</ele><time>2026-09-14T13:14:01.001Z</time></trkpt><trkpt lat="59.160486" lon="11.485989"><ele>0.000000</ele><time>2026-09-14T13:14:02.002Z</time></trkpt><trkpt lat="59.160480" lon="11.485962"><ele>0.000000</ele><time>2026-09-14T13:14:03.003Z</time></trkpt><trkpt lat="59.160473" lon="11.485934"><ele>0.000000</ele><time>2026-09-14T13:14:04.004Z</time></trkpt><trkpt lat="59.160466" lon="11.485906"><ele>0.000000</ele><time>2026-09-14T13:14:05.005Z</time></trkpt><trkpt lat="59.160459" lon="11.485878"><ele>0.000000</ele><time>2026-09-14T13:14:06.006Z</time></trkpt><trkpt lat="59.160452" lon="11.485851"><ele>0.000000</ele><time>2026-09-14T13:14:07.007Z</time></trkpt><trkpt lat="59.160445" lon="11.485824"><ele>0.000000</ele><time>2026-09-14T13:14:08.008Z</time></trkpt><trkpt lat="59.160436" lon="11.485800"><ele>0.000000</ele><time>2026-09-14T13:14:09.009Z</time></trkpt><trkpt lat="59.160427" lon="11.485776"><ele>0.000000</ele><time>2026-09-14T13:14:10.010Z</time></trkpt><trkpt lat="59.160416" lon="11.485753"><ele>0.000000</ele><time>2026-09-14T13:14:11.011Z</time></trkpt><trkpt lat="59.160406" lon="11.485730"><ele>0.000000</ele><time>2026-09-14T13:14:12.012Z</time></trkpt><trkpt lat="59.160395" lon="11.485708"><ele>0.000000</ele><time>2026-09-14T13:14:13.013Z</time></trkpt><trkpt lat="59.160385" lon="11.485687"><ele>0.000000</ele><time>2026-09-14T13:14:14.014Z</time></trkpt><trkpt lat="59.160375" lon="11.485667"><ele>0.000000</ele><time>2026-09-14T13:14:15.015Z</time></trkpt><trkpt lat="59.160365" lon="11.485646"><ele>0.000000</ele><time>2026-09-14T13:14:16.016Z</time></trkpt><trkpt lat="59.160355" lon="11.485625"><ele>0.000000</ele><time>2026-09-14T13:14:17.017Z</time></trkpt><trkpt lat="59.160345" lon="11.485605"><ele>0.000000</ele><time>2026-09-14T13:14:18.018Z</time></trkpt><trkpt lat="59.160335" lon="11.485584"><ele>0.000000</ele><time>2026-09-14T13:14:19.019Z</time></trkpt><trkpt lat="59.160325" lon="11.485562"><ele>0.000000</ele><time>2026-09-14T13:14:20.020Z</time></trkpt><trkpt lat="59.160314" lon="11.485541"><ele>0.000000</ele><time>2026-09-14T13:14:21.021Z</time></trkpt><trkpt lat="59.160304" lon="11.485519"><ele>0.000000</ele><time>2026-09-14T13:14:22.022Z</time></trkpt><trkpt lat="59.160293" lon="11.485498"><ele>0.000000</ele><time>2026-09-14T13:14:23.023Z</time></trkpt><trkpt lat="59.160282" lon="11.485477"><ele>0.000000</ele><time>2026-09-14T13:14:24.024Z</time></trkpt><trkpt lat="59.160271" lon="11.485455"><ele>0.000000</ele><time>2026-09-14T13:14:25.025Z</time></trkpt><trkpt lat="59.160260" lon="11.485433"><ele>0.000000</ele><time>2026-09-14T13:14:26.026Z</time></trkpt><trkpt lat="59.160250" lon="11.485411"><ele>0.000000</ele><time>2026-09-14T13:14:27.027Z</time></trkpt><trkpt lat="59.160240" lon="11.485388"><ele>0.000000</ele><time>2026-09-14T13:14:28.028Z</time></trkpt><trkpt lat="59.160230" lon="11.485366"><ele>0.000000</ele><time>2026-09-14T13:14:29.029Z</time></trkpt><trkpt lat="59.160220" lon="11.485346"><ele>0.000000</ele><time>2026-09-14T13:14:30.030Z</time></trkpt><trkpt lat="59.160210" lon="11.485325"><ele>0.000000</ele><time>2026-09-14T13:14:31.031Z</time></trkpt><trkpt lat="59.160200" lon="11.485301"><ele>0.000000</ele><time>2026-09-14T13:14:32.032Z</time></trkpt><trkpt lat="59.160191" lon="11.485278"><ele>0.000000</ele><time>2026-09-14T13:14:33.033Z</time></trkpt><trkpt lat="59.160182" lon="11.485255"><ele>0.000000</ele><time>2026-09-14T13:14:34.034Z</time></trkpt><trkpt lat="59.160173" lon="11.485233"><ele>0.000000</ele><time>2026-09-14T13:14:35.035Z</time></trkpt><trkpt lat="59.160164" lon="11.485211"><ele>0.000000</ele><time>2026-09-14T13:14:36.036Z</time></trkpt><trkpt lat="59.160155" lon="11.485189"><ele>0.000000</ele><time>2026-09-14T13:14:37.037Z</time></trkpt><trkpt lat="59.160146" lon="11.485167"><ele>0.000000</ele><time>2026-09-14T13:14:38.038Z</time></trkpt><trkpt lat="59.160136" lon="11.485146"><ele>0.000000</ele><time>2026-09-14T13:14:39.039Z</time></trkpt><trkpt lat="59.160124" lon="11.485116"><ele>0.000000</ele><time>2026-09-14T13:14:40.040Z</time></trkpt><trkpt lat="59.160097" lon="11.485052"><ele>0.000000</ele><time>2026-09-14T13:14:43.043Z</time></trkpt><trkpt lat="59.160088" lon="11.485031"><ele>0.000000</ele><time>2026-09-14T13:14:44.044Z</time></trkpt><trkpt lat="59.160078" lon="11.485011"><ele>0.000000</ele><time>2026-09-14T13:14:45.045Z</time></trkpt><trkpt lat="59.160069" lon="11.484990"><ele>0.000000</ele><time>2026-09-14T13:14:46.046Z</time></trkpt><trkpt lat="59.160060" lon="11.484971"><ele>0.000000</ele><time>2026-09-14T13:14:47.047Z</time></trkpt><trkpt lat="59.160050" lon="11.484951"><ele>0.000000</ele><time>2026-09-14T13:14:48.048Z</time></trkpt><trkpt lat="59.160040" lon="11.484932"><ele>0.000000</ele><time>2026-09-14T13:14:49.049Z</time></trkpt><trkpt lat="59.160030" lon="11.484913"><ele>0.000000</ele><time>2026-09-14T13:14:50.050Z</time></trkpt><trkpt lat="59.160021" lon="11.484893"><ele>0.000000</ele><time>2026-09-14T13:14:51.051Z</time></trkpt><trkpt lat="59.160011" lon="11.484874"><ele>0.000000</ele><time>2026-09-14T13:14:52.052Z</time></trkpt><trkpt lat="59.160002" lon="11.484855"><ele>0.000000</ele><time>2026-09-14T13:14:53.053Z</time></trkpt><trkpt lat="59.159992" lon="11.484838"><ele>0.000000</ele><time>2026-09-14T13:14:54.054Z</time></trkpt><trkpt lat="59.159982" lon="11.484821"><ele>0.000000</ele><time>2026-09-14T13:14:55.055Z</time></trkpt><trkpt lat="59.159973" lon="11.484803"><ele>0.000000</ele><time>2026-09-14T13:14:56.056Z</time></trkpt><trkpt lat="59.159962" lon="11.484785"><ele>0.000000</ele><time>2026-09-14T13:14:57.057Z</time></trkpt><trkpt lat="59.159952" lon="11.484766"><ele>0.000000</ele><time>2026-09-14T13:14:58.058Z</time></trkpt><trkpt lat="59.159942" lon="11.484747"><ele>0.000000</ele><time>2026-09-14T13:14:59.059Z</time></trkpt><trkpt lat="59.159933" lon="11.484727"><ele>0.000000</ele><time>2026-09-14T13:15:00.000Z</time></trkpt><trkpt lat="59.159923" lon="11.484708"><ele>0.000000</ele><time>2026-09-14T13:15:01.001Z</time></trkpt><trkpt lat="59.159912" lon="11.484689"><ele>0.000000</ele><time>2026-09-14T13:15:02.002Z</time></trkpt><trkpt lat="59.159903" lon="11.484669"><ele>0.000000</ele><time>2026-09-14T13:15:03.003Z</time></trkpt><trkpt lat="59.159894" lon="11.484650"><ele>0.000000</ele><time>2026-09-14T13:15:04.004Z</time></trkpt><trkpt lat="59.159884" lon="11.484631"><ele>0.000000</ele><time>2026-09-14T13:15:05.005Z</time></trkpt><trkpt lat="59.159874" lon="11.484613"><ele>0.000000</ele><time>2026-09-14T13:15:06.006Z</time></trkpt><trkpt lat="59.159866" lon="11.484595"><ele>0.000000</ele><time>2026-09-14T13:15:07.007Z</time></trkpt><trkpt lat="59.159857" lon="11.484580"><ele>0.000000</ele><time>2026-09-14T13:15:08.008Z</time></trkpt><trkpt lat="59.159849" lon="11.484565"><ele>0.000000</ele><time>2026-09-14T13:15:09.009Z</time></trkpt><trkpt lat="59.159841" lon="11.484551"><ele>0.000000</ele><time>2026-09-14T13:15:10.010Z</time></trkpt><trkpt lat="59.159833" lon="11.484538"><ele>0.000000</ele><time>2026-09-14T13:15:11.011Z</time></trkpt><trkpt lat="59.159826" lon="11.484525"><ele>0.000000</ele><time>2026-09-14T13:15:12.012Z</time></trkpt><trkpt lat="59.159819" lon="11.484513"><ele>0.000000</ele><time>2026-09-14T13:15:13.013Z</time></trkpt><trkpt lat="59.159805" lon="11.484488"><ele>0.000000</ele><time>2026-09-14T13:15:15.015Z</time></trkpt><trkpt lat="59.159792" lon="11.484466"><ele>0.000000</ele><time>2026-09-14T13:15:17.017Z</time></trkpt><trkpt lat="59.159780" lon="11.484446"><ele>0.000000</ele><time>2026-09-14T13:15:19.019Z</time></trkpt><trkpt lat="59.159769" lon="11.484428"><ele>0.000000</ele><time>2026-09-14T13:15:21.021Z</time></trkpt><trkpt lat="59.159757" lon="11.484411"><ele>0.000000</ele><time>2026-09-14T13:15:23.023Z</time></trkpt><trkpt lat="59.159747" lon="11.484393"><ele>0.000000</ele><time>2026-09-14T13:15:25.025Z</time></trkpt><trkpt lat="59.159737" lon="11.484376"><ele>0.000000</ele><time>2026-09-14T13:15:27.027Z</time></trkpt><trkpt lat="59.159728" lon="11.484359"><ele>0.000000</ele><time>2026-09-14T13:15:29.029Z</time></trkpt><trkpt lat="59.159719" lon="11.484342"><ele>0.000000</ele><time>2026-09-14T13:15:31.031Z</time></trkpt><trkpt lat="59.159711" lon="11.484326"><ele>0.000000</ele><time>2026-09-14T13:15:33.033Z</time></trkpt><trkpt lat="59.159703" lon="11.484313"><ele>0.000000</ele><time>2026-09-14T13:15:35.035Z</time></trkpt><trkpt lat="59.159695" lon="11.484300"><ele>0.000000</ele><time>2026-09-14T13:15:37.037Z</time></trkpt><trkpt lat="59.159683" lon="11.484286"><ele>0.000000</ele><time>2026-09-14T13:15:40.040Z</time></trkpt></trkseg></trk></gpx>